MonthStart,OrderYear,OrderMonth,Region,StateName,Segment,Category,SubCategory,TotalOrders,TotalQuantity,TotalSales,TotalProfit,ProfitMargin
2014-01-01,2014,1,Central,Illinois,Home Office,Office Supplies,Binders,1,2,3.5400,-5.4870,-1.5500
2014-01-01,2014,1,Central,Illinois,Home Office,Office Supplies,Labels,1,3,11.7840,4.2717,0.3625
2014-01-01,2014,1,Central,Illinois,Home Office,Office Supplies,Storage,1,3,272.7360,-64.7748,-0.2375
2014-01-01,2014,1,Central,Indiana,Consumer,Office Supplies,Fasteners,1,3,5.9400,0.0000,0.0000
2014-01-01,2014,1,Central,Michigan,Consumer,Furniture,Furnishings,1,6,287.6700,34.8843,0.1213
2014-01-01,2014,1,Central,Michigan,Consumer,Office Supplies,Appliances,1,4,247.7160,93.5816,0.3778
2014-01-01,2014,1,Central,Michigan,Consumer,Office Supplies,Art,1,3,43.9200,12.7368,0.2900
2014-01-01,2014,1,Central,Michigan,Consumer,Office Supplies,Binders,1,10,48.7500,22.3185,0.4578
2014-01-01,2014,1,Central,Michigan,Consumer,Office Supplies,Paper,1,2,10.5600,4.7520,0.4500
2014-01-01,2014,1,Central,Michigan,Consumer,Office Supplies,Storage,2,5,310.5000,26.9316,0.0867
2014-01-01,2014,1,Central,South Dakota,Corporate,Furniture,Bookcases,1,2,141.9600,39.7488,0.2800
2014-01-01,2014,1,Central,South Dakota,Corporate,Office Supplies,Binders,1,2,10.6800,5.0196,0.4700
2014-01-01,2014,1,Central,Texas,Consumer,Furniture,Furnishings,1,3,76.7280,-53.7096,-0.7000
2014-01-01,2014,1,Central,Texas,Consumer,Office Supplies,Art,1,2,9.3440,1.1680,0.1250
2014-01-01,2014,1,Central,Texas,Consumer,Office Supplies,Binders,1,7,10.4300,-18.2525,-1.7500
2014-01-01,2014,1,Central,Texas,Consumer,Office Supplies,Paper,1,2,16.4480,5.5512,0.3375
2014-01-01,2014,1,Central,Texas,Consumer,Technology,Accessories,1,3,31.2000,9.7500,0.3125
2014-01-01,2014,1,East,Delaware,Consumer,Furniture,Furnishings,1,2,9.9400,3.0814,0.3100
2014-01-01,2014,1,East,New York,Consumer,Office Supplies,Binders,1,1,3.9280,1.3257,0.3375
2014-01-01,2014,1,East,Ohio,Consumer,Office Supplies,Binders,1,2,3.4380,-2.5212,-0.7333
2014-01-01,2014,1,East,Ohio,Consumer,Office Supplies,Paper,1,7,37.4080,13.0928,0.3500
2014-01-01,2014,1,East,Pennsylvania,Consumer,Furniture,Furnishings,1,6,127.1040,28.5984,0.2250
2014-01-01,2014,1,East,Pennsylvania,Consumer,Office Supplies,Art,1,3,19.5360,4.8840,0.2500
2014-01-01,2014,1,East,Pennsylvania,Consumer,Office Supplies,Binders,1,2,18.5880,-13.6312,-0.7333
2014-01-01,2014,1,East,Pennsylvania,Consumer,Office Supplies,Labels,1,3,30.0720,10.1493,0.3375
2014-01-01,2014,1,East,Pennsylvania,Consumer,Technology,Phones,1,3,124.2000,-31.0500,-0.2500
2014-01-01,2014,1,East,Pennsylvania,Corporate,Furniture,Bookcases,1,4,61.9600,-53.2856,-0.8600
2014-01-01,2014,1,South,Arkansas,Consumer,Furniture,Chairs,1,3,1067.9400,224.2674,0.2100
2014-01-01,2014,1,South,Arkansas,Consumer,Furniture,Furnishings,1,4,38.6000,11.5800,0.3000
2014-01-01,2014,1,South,Arkansas,Consumer,Office Supplies,Art,1,10,29.5900,8.4485,0.2855
2014-01-01,2014,1,South,Arkansas,Consumer,Office Supplies,Envelopes,1,3,23.3400,10.9698,0.4700
2014-01-01,2014,1,South,Arkansas,Consumer,Technology,Phones,1,7,699.9300,181.9818,0.2600
2014-01-01,2014,1,South,Florida,Consumer,Furniture,Furnishings,1,3,25.2480,4.1028,0.1625
2014-01-01,2014,1,South,Georgia,Consumer,Technology,Accessories,1,5,149.9500,65.9780,0.4400
2014-01-01,2014,1,South,Georgia,Corporate,Office Supplies,Art,1,3,12.7800,5.2398,0.4100
2014-01-01,2014,1,South,Kentucky,Home Office,Furniture,Chairs,1,9,2573.8200,746.4078,0.2900
2014-01-01,2014,1,South,Kentucky,Home Office,Office Supplies,Art,1,2,5.4800,1.4796,0.2700
2014-01-01,2014,1,South,Kentucky,Home Office,Office Supplies,Binders,1,2,609.9800,274.4910,0.4500
2014-01-01,2014,1,South,Kentucky,Home Office,Office Supplies,Fasteners,1,4,31.1200,0.3112,0.0100
2014-01-01,2014,1,South,Kentucky,Home Office,Office Supplies,Paper,1,1,6.5400,3.0084,0.4600
2014-01-01,2014,1,South,Kentucky,Home Office,Technology,Phones,1,6,1147.9400,317.7834,0.2768
2014-01-01,2014,1,South,Louisiana,Corporate,Office Supplies,Binders,1,3,5.6400,2.7072,0.4800
2014-01-01,2014,1,South,Louisiana,Corporate,Office Supplies,Envelopes,1,5,62.3000,30.8092,0.4945
2014-01-01,2014,1,South,Louisiana,Corporate,Office Supplies,Storage,1,6,572.5800,34.3548,0.0600
2014-01-01,2014,1,South,Louisiana,Corporate,Technology,Accessories,1,6,646.7400,258.6960,0.4000
2014-01-01,2014,1,South,South Carolina,Consumer,Furniture,Chairs,1,6,545.9400,87.3504,0.1600
2014-01-01,2014,1,South,Tennessee,Corporate,Office Supplies,Binders,1,1,67.1940,-51.5154,-0.7667
2014-01-01,2014,1,South,Virginia,Corporate,Furniture,Furnishings,1,1,51.9400,21.2954,0.4100
2014-01-01,2014,1,South,Virginia,Corporate,Office Supplies,Labels,1,1,2.8900,1.3583,0.4700
2014-01-01,2014,1,South,Virginia,Home Office,Furniture,Furnishings,1,6,75.2400,35.2530,0.4685
2014-01-01,2014,1,South,Virginia,Home Office,Office Supplies,Paper,1,5,36.1200,17.6712,0.4892
2014-01-01,2014,1,South,Virginia,Home Office,Office Supplies,Storage,1,8,489.9200,0.0000,0.0000
2014-01-01,2014,1,South,Virginia,Home Office,Technology,Phones,1,15,343.3300,52.6344,0.1533
2014-01-01,2014,1,West,Arizona,Consumer,Furniture,Bookcases,1,5,181.4700,-320.5970,-1.7667
2014-01-01,2014,1,West,Arizona,Consumer,Office Supplies,Binders,1,10,32.3400,-23.7160,-0.7333
2014-01-01,2014,1,West,Arizona,Consumer,Office Supplies,Envelopes,1,5,108.7200,36.6930,0.3375
2014-01-01,2014,1,West,Arizona,Consumer,Office Supplies,Paper,1,4,56.0640,19.6224,0.3500
2014-01-01,2014,1,West,California,Consumer,Furniture,Bookcases,2,5,624.6650,7.3490,0.0118
2014-01-01,2014,1,West,California,Consumer,Furniture,Furnishings,1,2,19.3000,5.7900,0.3000
2014-01-01,2014,1,West,California,Consumer,Furniture,Tables,1,3,333.0000,-16.6500,-0.0500
2014-01-01,2014,1,West,California,Consumer,Office Supplies,Art,2,9,56.3400,18.5922,0.3300
2014-01-01,2014,1,West,California,Consumer,Office Supplies,Paper,2,5,38.8000,18.6240,0.4800
2014-01-01,2014,1,West,California,Consumer,Office Supplies,Storage,2,6,1383.0800,252.9605,0.1829
2014-01-01,2014,1,West,Nevada,Consumer,Office Supplies,Paper,1,6,40.0800,19.2384,0.4800
2014-01-01,2014,1,West,Oregon,Corporate,Office Supplies,Appliances,1,4,64.8640,6.4864,0.1000
2014-02-01,2014,2,Central,Illinois,Consumer,Office Supplies,Art,1,14,54.2080,8.8088,0.1625
2014-02-01,2014,2,Central,Illinois,Consumer,Office Supplies,Binders,2,7,17.8020,-28.4883,-1.6003
2014-02-01,2014,2,Central,Indiana,Corporate,Furniture,Furnishings,1,4,20.3200,6.9088,0.3400
2014-02-01,2014,2,Central,Indiana,Corporate,Technology,Accessories,1,3,62.3100,22.4316,0.3600
2014-02-01,2014,2,Central,Missouri,Consumer,Furniture,Chairs,1,1,60.8900,15.2225,0.2500
2014-02-01,2014,2,Central,Missouri,Consumer,Furniture,Furnishings,1,3,332.9400,53.2704,0.1600
2014-02-01,2014,2,Central,Missouri,Consumer,Office Supplies,Binders,1,5,61.5400,28.8274,0.4684
2014-02-01,2014,2,Central,Missouri,Consumer,Office Supplies,Labels,1,3,14.9400,6.8724,0.4600
2014-02-01,2014,2,Central,Missouri,Consumer,Office Supplies,Storage,1,2,64.9600,2.5984,0.0400
2014-02-01,2014,2,Central,Texas,Consumer,Furniture,Furnishings,1,5,25.1600,-11.3220,-0.4500
2014-02-01,2014,2,Central,Texas,Consumer,Office Supplies,Appliances,1,2,7.9600,-13.9300,-1.7500
2014-02-01,2014,2,Central,Texas,Consumer,Office Supplies,Binders,1,3,1.0800,-1.7280,-1.6000
2014-02-01,2014,2,Central,Texas,Consumer,Office Supplies,Paper,1,3,16.1760,6.0660,0.3750
2014-02-01,2014,2,Central,Texas,Consumer,Office Supplies,Storage,1,2,12.6240,-2.5248,-0.2000
2014-02-01,2014,2,Central,Texas,Home Office,Office Supplies,Binders,1,3,4.4280,-6.8634,-1.5500
2014-02-01,2014,2,Central,Texas,Home Office,Office Supplies,Labels,1,3,6.9360,2.3409,0.3375
2014-02-01,2014,2,Central,Wisconsin,Consumer,Technology,Accessories,1,6,468.9000,206.3160,0.4400
2014-02-01,2014,2,East,New Jersey,Corporate,Technology,Accessories,1,7,115.3600,49.6048,0.4300
2014-02-01,2014,2,East,New York,Corporate,Office Supplies,Storage,1,4,64.9600,9.7440,0.1500
2014-02-01,2014,2,East,Ohio,Consumer,Office Supplies,Art,1,4,19.4560,3.4048,0.1750
2014-02-01,2014,2,South,Florida,Consumer,Office Supplies,Binders,1,2,18.3360,-12.2240,-0.6667
2014-02-01,2014,2,South,Florida,Consumer,Technology,Phones,1,5,180.9600,13.5720,0.0750
2014-02-01,2014,2,South,Virginia,Consumer,Furniture,Tables,1,6,1256.2200,75.3732,0.0600
2014-02-01,2014,2,South,Virginia,Consumer,Office Supplies,Binders,1,2,17.4600,8.2062,0.4700
2014-02-01,2014,2,South,Virginia,Consumer,Technology,Accessories,1,3,234.4500,103.1580,0.4400
2014-02-01,2014,2,South,Virginia,Corporate,Office Supplies,Labels,1,4,15.0000,7.2000,0.4800
2014-02-01,2014,2,South,Virginia,Corporate,Technology,Phones,1,6,306.5600,84.0541,0.2742
2014-02-01,2014,2,West,California,Consumer,Furniture,Chairs,1,2,129.5680,-24.2940,-0.1875
2014-02-01,2014,2,West,California,Consumer,Office Supplies,Paper,1,3,19.4400,9.3312,0.4800
2014-02-01,2014,2,West,California,Corporate,Office Supplies,Binders,1,2,17.2480,6.0368,0.3500
2014-02-01,2014,2,West,California,Home Office,Office Supplies,Binders,1,3,82.8960,29.0136,0.3500
2014-02-01,2014,2,West,California,Home Office,Office Supplies,Fasteners,1,5,12.3500,5.8045,0.4700
2014-02-01,2014,2,West,California,Home Office,Office Supplies,Paper,2,6,47.2000,22.3136,0.4727
2014-02-01,2014,2,West,Nevada,Home Office,Furniture,Furnishings,1,2,14.5600,5.5328,0.3800
2014-02-01,2014,2,West,Oregon,Consumer,Office Supplies,Paper,1,7,55.6720,18.7893,0.3375
2014-02-01,2014,2,West,Washington,Consumer,Office Supplies,Binders,1,5,97.1120,31.5614,0.3250
2014-02-01,2014,2,West,Washington,Corporate,Office Supplies,Appliances,1,2,81.9600,22.9488,0.2800
2014-02-01,2014,2,West,Washington,Corporate,Office Supplies,Binders,1,5,21.3600,7.2090,0.3375
2014-02-01,2014,2,West,Washington,Corporate,Office Supplies,Supplies,1,2,238.6200,4.7724,0.0200
2014-02-01,2014,2,West,Washington,Corporate,Technology,Accessories,1,3,239.9700,86.3892,0.3600
2014-03-01,2014,3,Central,Illinois,Consumer,Office Supplies,Binders,1,7,8.1340,-13.8278,-1.7000
2014-03-01,2014,3,Central,Illinois,Consumer,Technology,Accessories,1,2,79.9840,13.9972,0.1750
2014-03-01,2014,3,Central,Illinois,Home Office,Furniture,Chairs,1,6,634.1160,-172.1172,-0.2714
2014-03-01,2014,3,Central,Illinois,Home Office,Office Supplies,Paper,2,5,25.9200,8.3184,0.3209
2014-03-01,2014,3,Central,Illinois,Home Office,Technology,Machines,1,2,574.9100,156.0470,0.2714
2014-03-01,2014,3,Central,Indiana,Consumer,Office Supplies,Art,1,2,16.2800,6.5120,0.4000
2014-03-01,2014,3,Central,Iowa,Consumer,Furniture,Tables,1,4,1184.7200,106.6248,0.0900
2014-03-01,2014,3,Central,Iowa,Consumer,Office Supplies,Envelopes,1,3,6.1200,2.8764,0.4700
2014-03-01,2014,3,Central,Michigan,Consumer,Office Supplies,Paper,1,2,22.3800,10.7424,0.4800
2014-03-01,2014,3,Central,Minnesota,Consumer,Office Supplies,Appliances,1,2,93.7800,36.5742,0.3900
2014-03-01,2014,3,Central,Minnesota,Consumer,Office Supplies,Art,1,6,19.6800,5.7072,0.2900
2014-03-01,2014,3,Central,Minnesota,Consumer,Office Supplies,Binders,1,16,89.2800,42.3204,0.4740
2014-03-01,2014,3,Central,Minnesota,Consumer,Office Supplies,Paper,1,7,47.1800,23.5900,0.5000
2014-03-01,2014,3,Central,Minnesota,Consumer,Office Supplies,Storage,1,2,129.3000,6.4650,0.0500
2014-03-01,2014,3,Central,Texas,Consumer,Furniture,Chairs,1,6,362.2500,0.0000,0.0000
2014-03-01,2014,3,Central,Texas,Consumer,Furniture,Furnishings,1,6,63.5520,-34.9536,-0.5500
2014-03-01,2014,3,Central,Texas,Consumer,Furniture,Tables,2,6,1267.3500,-195.7452,-0.1545
2014-03-01,2014,3,Central,Texas,Consumer,Office Supplies,Appliances,1,3,176.7720,-459.6072,-2.6000
2014-03-01,2014,3,Central,Texas,Consumer,Office Supplies,Art,1,2,4.4480,0.3336,0.0750
2014-03-01,2014,3,Central,Texas,Consumer,Office Supplies,Fasteners,1,5,18.8400,-3.5325,-0.1875
2014-03-01,2014,3,Central,Texas,Consumer,Office Supplies,Paper,1,4,20.7360,7.3224,0.3531
2014-03-01,2014,3,Central,Texas,Consumer,Office Supplies,Storage,2,6,266.9040,-14.0871,-0.0528
2014-03-01,2014,3,Central,Texas,Home Office,Furniture,Chairs,1,7,127.3020,-9.0930,-0.0714
2014-03-01,2014,3,Central,Texas,Home Office,Office Supplies,Envelopes,1,5,335.7200,113.3055,0.3375
2014-03-01,2014,3,Central,Texas,Home Office,Technology,Phones,1,7,251.9440,88.1804,0.3500
2014-03-01,2014,3,East,New York,Consumer,Furniture,Chairs,1,7,366.7860,65.2064,0.1778
2014-03-01,2014,3,East,New York,Consumer,Office Supplies,Art,2,8,109.1700,36.3282,0.3328
2014-03-01,2014,3,East,New York,Consumer,Office Supplies,Binders,1,6,49.6320,16.7508,0.3375
2014-03-01,2014,3,East,New York,Consumer,Office Supplies,Paper,3,21,231.6400,106.6924,0.4606
2014-03-01,2014,3,East,New York,Consumer,Office Supplies,Supplies,1,2,18.6200,5.3998,0.2900
2014-03-01,2014,3,East,New York,Consumer,Technology,Accessories,1,3,479.9700,177.5889,0.3700
2014-03-01,2014,3,East,New York,Corporate,Furniture,Tables,1,14,3265.2300,-1124.0239,-0.3442
2014-03-01,2014,3,East,New York,Corporate,Office Supplies,Art,1,5,10.5000,2.9400,0.2800
2014-03-01,2014,3,East,New York,Corporate,Office Supplies,Paper,1,11,189.9000,92.3538,0.4863
2014-03-01,2014,3,East,New York,Home Office,Office Supplies,Binders,1,8,151.0800,50.0505,0.3313
2014-03-01,2014,3,East,New York,Home Office,Office Supplies,Envelopes,1,2,11.3600,5.3392,0.4700
2014-03-01,2014,3,East,New York,Home Office,Office Supplies,Paper,1,5,36.4000,17.4720,0.4800
2014-03-01,2014,3,East,New York,Home Office,Technology,Phones,2,4,15.9300,6.1992,0.3892
2014-03-01,2014,3,East,Ohio,Consumer,Furniture,Furnishings,1,5,8.3200,2.2880,0.2750
2014-03-01,2014,3,East,Ohio,Consumer,Office Supplies,Art,1,5,13.4560,2.7914,0.2074
2014-03-01,2014,3,East,Ohio,Consumer,Office Supplies,Fasteners,1,6,10.4640,1.7004,0.1625
2014-03-01,2014,3,East,Ohio,Corporate,Furniture,Bookcases,1,5,302.4500,-199.6170,-0.6600
2014-03-01,2014,3,East,Ohio,Corporate,Office Supplies,Labels,1,3,15.1200,4.9140,0.3250
2014-03-01,2014,3,East,Ohio,Corporate,Office Supplies,Storage,1,8,44.6720,-10.0512,-0.2250
2014-03-01,2014,3,East,Ohio,Home Office,Furniture,Tables,1,1,330.5880,-143.2548,-0.4333
2014-03-01,2014,3,East,Pennsylvania,Consumer,Office Supplies,Binders,1,1,0.8520,-0.5964,-0.7000
2014-03-01,2014,3,East,Pennsylvania,Corporate,Office Supplies,Paper,2,7,130.0480,42.2228,0.3247
2014-03-01,2014,3,East,Pennsylvania,Corporate,Technology,Accessories,1,3,151.2000,32.1300,0.2125
2014-03-01,2014,3,South,Florida,Consumer,Furniture,Chairs,1,7,1125.4880,98.4802,0.0875
2014-03-01,2014,3,South,Florida,Consumer,Furniture,Furnishings,1,3,45.6960,5.1408,0.1125
2014-03-01,2014,3,South,Florida,Consumer,Office Supplies,Art,2,5,19.5840,3.3912,0.1732
2014-03-01,2014,3,South,Florida,Consumer,Office Supplies,Binders,2,12,63.0510,-47.3210,-0.7505
2014-03-01,2014,3,South,Florida,Consumer,Office Supplies,Labels,1,3,9.9120,3.2214,0.3250
2014-03-01,2014,3,South,Florida,Consumer,Office Supplies,Paper,1,3,131.9040,47.8152,0.3625
2014-03-01,2014,3,South,Florida,Consumer,Office Supplies,Storage,1,1,142.7760,17.8470,0.1250
2014-03-01,2014,3,South,Florida,Corporate,Furniture,Furnishings,1,6,25.0080,6.8772,0.2750
2014-03-01,2014,3,South,Florida,Corporate,Office Supplies,Binders,2,6,35.4390,-27.0453,-0.7632
2014-03-01,2014,3,South,Florida,Corporate,Office Supplies,Labels,1,4,11.8080,3.9852,0.3375
2014-03-01,2014,3,South,Florida,Corporate,Office Supplies,Storage,1,3,26.1600,1.9620,0.0750
2014-03-01,2014,3,South,Florida,Corporate,Technology,Accessories,1,2,170.2400,53.2000,0.3125
2014-03-01,2014,3,South,Florida,Corporate,Technology,Phones,1,3,323.9760,28.3479,0.0875
2014-03-01,2014,3,South,Florida,Home Office,Furniture,Furnishings,1,5,153.1200,23.3706,0.1526
2014-03-01,2014,3,South,Florida,Home Office,Office Supplies,Art,1,3,8.0160,1.0020,0.1250
2014-03-01,2014,3,South,Florida,Home Office,Office Supplies,Fasteners,1,3,18.9360,5.9175,0.3125
2014-03-01,2014,3,South,Florida,Home Office,Office Supplies,Paper,2,10,112.4320,39.3512,0.3500
2014-03-01,2014,3,South,Florida,Home Office,Technology,Machines,1,10,23459.7800,-1827.5044,-0.0779
2014-03-01,2014,3,South,Kentucky,Corporate,Office Supplies,Appliances,1,3,146.7600,38.1576,0.2600
2014-03-01,2014,3,South,Kentucky,Corporate,Office Supplies,Paper,1,3,14.9400,7.0218,0.4700
2014-03-01,2014,3,South,Kentucky,Corporate,Technology,Accessories,1,2,32.9600,14.1728,0.4300
2014-03-01,2014,3,South,Kentucky,Corporate,Technology,Phones,1,3,587.9700,164.6316,0.2800
2014-03-01,2014,3,South,Mississippi,Corporate,Office Supplies,Appliances,1,3,32.6700,8.4942,0.2600
2014-03-01,2014,3,South,Mississippi,Corporate,Office Supplies,Binders,1,5,41.8700,20.2877,0.4845
2014-03-01,2014,3,South,Mississippi,Corporate,Office Supplies,Paper,1,6,28.9600,14.0304,0.4845
2014-03-01,2014,3,South,North Carolina,Consumer,Office Supplies,Art,1,4,19.4560,3.4048,0.1750
2014-03-01,2014,3,South,North Carolina,Consumer,Office Supplies,Binders,1,9,59.1090,-45.3169,-0.7667
2014-03-01,2014,3,South,North Carolina,Corporate,Office Supplies,Storage,1,1,16.2720,-3.8646,-0.2375
2014-03-01,2014,3,South,North Carolina,Home Office,Technology,Phones,1,2,471.9200,29.4950,0.0625
2014-03-01,2014,3,South,South Carolina,Consumer,Office Supplies,Storage,1,5,354.9000,17.7450,0.0500
2014-03-01,2014,3,South,Tennessee,Consumer,Furniture,Chairs,1,3,218.3760,-10.9188,-0.0500
2014-03-01,2014,3,South,Tennessee,Consumer,Furniture,Furnishings,1,3,32.9520,6.5904,0.2000
2014-03-01,2014,3,South,Tennessee,Consumer,Office Supplies,Labels,1,5,59.2000,22.2000,0.3750
2014-03-01,2014,3,South,Virginia,Corporate,Office Supplies,Art,1,4,9.3200,2.7028,0.2900
2014-03-01,2014,3,South,Virginia,Corporate,Office Supplies,Binders,1,3,122.9400,59.0112,0.4800
2014-03-01,2014,3,South,Virginia,Corporate,Office Supplies,Labels,1,5,14.4000,6.6240,0.4600
2014-03-01,2014,3,South,Virginia,Corporate,Office Supplies,Paper,1,3,122.9700,60.2553,0.4900
2014-03-01,2014,3,South,Virginia,Corporate,Technology,Phones,1,7,3499.9300,909.9818,0.2600
2014-03-01,2014,3,South,Virginia,Home Office,Furniture,Chairs,1,4,1139.9200,284.9800,0.2500
2014-03-01,2014,3,West,Arizona,Corporate,Furniture,Chairs,1,3,314.3520,-35.3646,-0.1125
2014-03-01,2014,3,West,Arizona,Corporate,Office Supplies,Paper,1,3,74.3520,23.2350,0.3125
2014-03-01,2014,3,West,California,Consumer,Furniture,Bookcases,1,2,205.6660,-12.0980,-0.0588
2014-03-01,2014,3,West,California,Consumer,Furniture,Furnishings,1,2,40.4800,14.5728,0.3600
2014-03-01,2014,3,West,California,Consumer,Furniture,Tables,1,3,626.3520,-23.4882,-0.0375
2014-03-01,2014,3,West,California,Consumer,Office Supplies,Appliances,1,2,52.9800,14.8344,0.2800
2014-03-01,2014,3,West,California,Consumer,Office Supplies,Art,2,13,54.8600,17.6188,0.3212
2014-03-01,2014,3,West,California,Consumer,Office Supplies,Binders,1,2,673.5680,252.5880,0.3750
2014-03-01,2014,3,West,California,Consumer,Office Supplies,Labels,1,5,18.7500,9.0000,0.4800
2014-03-01,2014,3,West,California,Consumer,Office Supplies,Storage,1,2,330.4000,85.9040,0.2600
2014-03-01,2014,3,West,California,Consumer,Technology,Accessories,1,4,45.4800,15.9180,0.3500
2014-03-01,2014,3,West,California,Consumer,Technology,Phones,1,6,604.7520,37.7970,0.0625
2014-03-01,2014,3,West,California,Corporate,Office Supplies,Art,2,3,6.7400,2.0906,0.3102
2014-03-01,2014,3,West,California,Corporate,Office Supplies,Binders,1,4,27.9360,9.4284,0.3375
2014-03-01,2014,3,West,California,Corporate,Office Supplies,Paper,1,2,10.5600,4.7520,0.4500
2014-03-01,2014,3,West,California,Corporate,Technology,Accessories,1,3,66.3000,8.6190,0.1300
2014-03-01,2014,3,West,California,Corporate,Technology,Phones,1,2,28.7840,2.8784,0.1000
2014-03-01,2014,3,West,California,Home Office,Furniture,Bookcases,1,10,1198.3300,70.4900,0.0588
2014-03-01,2014,3,West,California,Home Office,Furniture,Furnishings,1,2,111.0000,14.4300,0.1300
2014-03-01,2014,3,West,California,Home Office,Office Supplies,Storage,1,7,1856.1900,334.1142,0.1800
2014-03-01,2014,3,West,California,Home Office,Technology,Machines,1,4,1279.9680,415.9896,0.3250
2014-03-01,2014,3,West,Colorado,Consumer,Office Supplies,Art,1,4,83.1680,9.3564,0.1125
2014-03-01,2014,3,West,Colorado,Consumer,Office Supplies,Storage,1,3,636.4080,-15.9102,-0.0250
2014-03-01,2014,3,West,New Mexico,Home Office,Technology,Phones,1,3,302.3760,22.6782,0.0750
2014-03-01,2014,3,West,Utah,Consumer,Office Supplies,Binders,1,6,95.1360,31.3328,0.3293
2014-03-01,2014,3,West,Utah,Consumer,Office Supplies,Storage,1,3,102.3400,9.0064,0.0880
2014-03-01,2014,3,West,Utah,Consumer,Technology,Accessories,1,12,82.8000,6.6240,0.0800
2014-03-01,2014,3,West,Washington,Consumer,Furniture,Chairs,2,3,506.2800,56.9565,0.1125
2014-03-01,2014,3,West,Washington,Consumer,Office Supplies,Art,1,3,17.9400,4.6644,0.2600
2014-03-01,2014,3,West,Washington,Consumer,Office Supplies,Storage,1,3,242.9400,4.8588,0.0200
2014-03-01,2014,3,West,Washington,Corporate,Furniture,Chairs,1,8,918.2720,76.0116,0.0828
2014-03-01,2014,3,West,Washington,Corporate,Office Supplies,Art,1,5,20.6500,9.4990,0.4600
2014-03-01,2014,3,West,Washington,Corporate,Office Supplies,Labels,1,3,44.4000,22.2000,0.5000
2014-03-01,2014,3,West,Washington,Corporate,Office Supplies,Storage,2,8,220.7400,0.0000,0.0000
2014-03-01,2014,3,West,Washington,Home Office,Office Supplies,Binders,1,2,107.6480,33.6400,0.3125
2014-04-01,2014,4,Central,Illinois,Corporate,Office Supplies,Storage,1,8,101.7280,7.6296,0.0750
2014-04-01,2014,4,Central,Indiana,Consumer,Office Supplies,Paper,1,5,32.4000,15.5520,0.4800
2014-04-01,2014,4,Central,Michigan,Consumer,Furniture,Furnishings,1,1,5.4700,2.3521,0.4300
2014-04-01,2014,4,Central,Michigan,Consumer,Office Supplies,Art,2,9,119.9500,35.8677,0.2990
2014-04-01,2014,4,Central,Michigan,Consumer,Office Supplies,Binders,1,5,40.2000,18.0900,0.4500
2014-04-01,2014,4,Central,Michigan,Consumer,Office Supplies,Storage,1,6,689.8200,20.6946,0.0300
2014-04-01,2014,4,Central,Texas,Consumer,Furniture,Chairs,1,3,317.0580,-18.1176,-0.0571
2014-04-01,2014,4,Central,Texas,Consumer,Furniture,Tables,1,7,1145.6900,-227.6210,-0.1987
2014-04-01,2014,4,Central,Texas,Consumer,Office Supplies,Art,1,2,2.6880,1.0080,0.3750
2014-04-01,2014,4,Central,Texas,Consumer,Office Supplies,Envelopes,1,3,149.3520,50.4063,0.3375
2014-04-01,2014,4,Central,Texas,Consumer,Office Supplies,Paper,1,12,60.2080,19.8170,0.3291
2014-04-01,2014,4,Central,Texas,Consumer,Office Supplies,Storage,1,5,44.8400,5.6050,0.1250
2014-04-01,2014,4,Central,Texas,Consumer,Technology,Accessories,1,3,227.9760,28.4970,0.1250
2014-04-01,2014,4,Central,Texas,Home Office,Office Supplies,Art,1,3,6.2400,0.5460,0.0875
2014-04-01,2014,4,Central,Texas,Home Office,Office Supplies,Paper,1,2,10.3680,3.6288,0.3500
2014-04-01,2014,4,Central,Texas,Home Office,Technology,Phones,1,6,758.3520,265.4232,0.3500
2014-04-01,2014,4,East,Delaware,Consumer,Technology,Phones,1,2,19.9800,5.1948,0.2600
2014-04-01,2014,4,East,Maryland,Corporate,Office Supplies,Art,1,2,5.3400,1.4952,0.2800
2014-04-01,2014,4,East,Maryland,Corporate,Office Supplies,Binders,1,2,20.8600,9.3870,0.4500
2014-04-01,2014,4,East,Maryland,Corporate,Office Supplies,Labels,1,1,3.1500,1.5120,0.4800
2014-04-01,2014,4,East,Maryland,Corporate,Office Supplies,Storage,1,9,497.6100,129.3786,0.2600
2014-04-01,2014,4,East,Maryland,Home Office,Office Supplies,Labels,1,3,7.8300,3.6018,0.4600
2014-04-01,2014,4,East,Massachusetts,Corporate,Office Supplies,Binders,1,2,6.2400,3.0576,0.4900
2014-04-01,2014,4,East,Massachusetts,Corporate,Office Supplies,Storage,1,4,66.9600,2.6784,0.0400
2014-04-01,2014,4,East,New York,Consumer,Furniture,Furnishings,1,2,17.4600,5.9364,0.3400
2014-04-01,2014,4,East,New York,Corporate,Office Supplies,Binders,1,3,9.9120,3.3453,0.3375
2014-04-01,2014,4,East,New York,Corporate,Office Supplies,Envelopes,1,8,247.8400,121.4416,0.4900
2014-04-01,2014,4,East,New York,Corporate,Technology,Accessories,1,2,159.9800,57.5928,0.3600
2014-04-01,2014,4,East,New York,Home Office,Office Supplies,Paper,1,1,55.4800,26.6304,0.4800
2014-04-01,2014,4,East,Ohio,Consumer,Furniture,Tables,1,1,172.1100,-94.6605,-0.5500
2014-04-01,2014,4,East,Ohio,Corporate,Office Supplies,Labels,1,3,6.9120,2.5056,0.3625
2014-04-01,2014,4,East,Ohio,Corporate,Office Supplies,Storage,1,5,204.6640,-35.7010,-0.1744
2014-04-01,2014,4,East,Ohio,Home Office,Furniture,Chairs,1,4,562.7440,-24.1176,-0.0429
2014-04-01,2014,4,East,Ohio,Home Office,Furniture,Furnishings,1,4,22.3360,7.8176,0.3500
2014-04-01,2014,4,East,Ohio,Home Office,Office Supplies,Binders,1,8,7.4880,-5.2416,-0.7000
2014-04-01,2014,4,East,Pennsylvania,Corporate,Office Supplies,Art,1,4,17.8560,1.1160,0.0625
2014-04-01,2014,4,East,Pennsylvania,Corporate,Office Supplies,Binders,3,19,557.3820,-445.6554,-0.7996
2014-04-01,2014,4,East,Pennsylvania,Corporate,Office Supplies,Fasteners,1,13,30.9920,10.0724,0.3250
2014-04-01,2014,4,East,Pennsylvania,Corporate,Technology,Phones,1,12,71.9280,8.3916,0.1167
2014-04-01,2014,4,East,Pennsylvania,Home Office,Furniture,Tables,1,3,154.7640,-36.1116,-0.2333
2014-04-01,2014,4,East,Pennsylvania,Home Office,Office Supplies,Supplies,1,1,10.3040,-2.1896,-0.2125
2014-04-01,2014,4,East,Pennsylvania,Home Office,Technology,Accessories,1,2,116.7840,21.8970,0.1875
2014-04-01,2014,4,South,Alabama,Consumer,Furniture,Furnishings,1,2,8.9600,2.7776,0.3100
2014-04-01,2014,4,South,Alabama,Corporate,Furniture,Tables,1,8,1215.9200,316.1392,0.2600
2014-04-01,2014,4,South,Florida,Consumer,Office Supplies,Fasteners,1,3,6.9120,2.3328,0.3375
2014-04-01,2014,4,South,Florida,Consumer,Office Supplies,Paper,1,2,10.3680,3.6288,0.3500
2014-04-01,2014,4,South,Florida,Consumer,Technology,Accessories,1,10,719.9200,123.5879,0.1717
2014-04-01,2014,4,South,Georgia,Consumer,Office Supplies,Appliances,1,5,154.9000,40.2740,0.2600
2014-04-01,2014,4,South,Georgia,Consumer,Office Supplies,Paper,1,3,15.8400,7.1280,0.4500
2014-04-01,2014,4,South,Georgia,Consumer,Technology,Phones,1,7,1049.9300,293.9804,0.2800
2014-04-01,2014,4,South,Georgia,Home Office,Office Supplies,Paper,1,9,58.3200,27.9936,0.4800
2014-04-01,2014,4,South,Georgia,Home Office,Technology,Phones,1,3,200.9700,50.2425,0.2500
2014-04-01,2014,4,South,Kentucky,Consumer,Office Supplies,Art,1,5,174.9500,45.4870,0.2600
2014-04-01,2014,4,South,Kentucky,Consumer,Office Supplies,Storage,1,5,826.0000,214.7600,0.2600
2014-04-01,2014,4,South,Kentucky,Corporate,Office Supplies,Binders,1,7,115.3600,56.5264,0.4900
2014-04-01,2014,4,South,Kentucky,Corporate,Office Supplies,Storage,1,6,828.8400,0.0000,0.0000
2014-04-01,2014,4,South,Louisiana,Consumer,Furniture,Chairs,1,2,51.9600,12.9900,0.2500
2014-04-01,2014,4,South,Louisiana,Consumer,Office Supplies,Binders,1,3,17.9400,8.6112,0.4800
2014-04-01,2014,4,South,Louisiana,Corporate,Office Supplies,Paper,1,5,32.4000,15.6816,0.4840
2014-04-01,2014,4,South,Louisiana,Corporate,Office Supplies,Storage,1,5,232.5500,9.3020,0.0400
2014-04-01,2014,4,South,Louisiana,Corporate,Technology,Accessories,1,2,99.9800,42.9914,0.4300
2014-04-01,2014,4,South,Mississippi,Consumer,Technology,Accessories,1,3,47.7900,16.2486,0.3400
2014-04-01,2014,4,South,North Carolina,Consumer,Technology,Phones,1,3,302.3760,37.7970,0.1250
2014-04-01,2014,4,South,North Carolina,Corporate,Office Supplies,Art,1,6,39.0720,9.7680,0.2500
2014-04-01,2014,4,South,South Carolina,Corporate,Office Supplies,Paper,1,3,122.9700,60.2553,0.4900
2014-04-01,2014,4,South,South Carolina,Corporate,Technology,Phones,1,5,629.9500,163.7870,0.2600
2014-04-01,2014,4,South,Tennessee,Corporate,Furniture,Chairs,1,2,561.5840,70.1980,0.1250
2014-04-01,2014,4,South,Tennessee,Corporate,Office Supplies,Storage,1,5,99.9200,-1.2490,-0.0125
2014-04-01,2014,4,South,Virginia,Consumer,Office Supplies,Binders,1,3,58.0500,26.7030,0.4600
2014-04-01,2014,4,South,Virginia,Consumer,Office Supplies,Paper,1,11,71.2800,34.2144,0.4800
2014-04-01,2014,4,South,Virginia,Corporate,Furniture,Furnishings,1,2,177.6800,46.1968,0.2600
2014-04-01,2014,4,South,Virginia,Corporate,Office Supplies,Art,1,14,45.9200,14.2352,0.3100
2014-04-01,2014,4,South,Virginia,Corporate,Office Supplies,Paper,1,2,12.9600,6.3504,0.4900
2014-04-01,2014,4,South,Virginia,Corporate,Office Supplies,Supplies,1,5,4164.0500,83.2810,0.0200
2014-04-01,2014,4,South,Virginia,Corporate,Technology,Phones,1,1,28.9900,8.4071,0.2900
2014-04-01,2014,4,West,Arizona,Corporate,Office Supplies,Fasteners,1,2,2.3680,0.8288,0.3500
2014-04-01,2014,4,West,Arizona,Corporate,Office Supplies,Paper,1,3,19.0080,6.8904,0.3625
2014-04-01,2014,4,West,Arizona,Home Office,Office Supplies,Fasteners,1,8,49.7920,-11.8256,-0.2375
2014-04-01,2014,4,West,California,Consumer,Furniture,Furnishings,1,4,59.9200,27.5632,0.4600
2014-04-01,2014,4,West,California,Consumer,Office Supplies,Art,1,9,23.8700,7.3523,0.3080
2014-04-01,2014,4,West,California,Consumer,Office Supplies,Binders,2,9,33.6080,11.1291,0.3311
2014-04-01,2014,4,West,California,Consumer,Office Supplies,Fasteners,1,2,11.6200,3.6022,0.3100
2014-04-01,2014,4,West,California,Consumer,Office Supplies,Labels,1,2,29.6000,14.8000,0.5000
2014-04-01,2014,4,West,California,Consumer,Technology,Machines,1,4,287.9680,97.1892,0.3375
2014-04-01,2014,4,West,California,Consumer,Technology,Phones,1,5,1679.9600,125.9970,0.0750
2014-04-01,2014,4,West,California,Corporate,Furniture,Bookcases,1,3,308.4990,-18.1470,-0.0588
2014-04-01,2014,4,West,California,Corporate,Furniture,Chairs,1,3,230.2800,23.0280,0.1000
2014-04-01,2014,4,West,California,Corporate,Furniture,Furnishings,1,9,125.0700,28.5461,0.2282
2014-04-01,2014,4,West,California,Corporate,Office Supplies,Art,2,5,110.6300,34.7158,0.3138
2014-04-01,2014,4,West,California,Corporate,Office Supplies,Binders,4,17,109.1280,38.2853,0.3508
2014-04-01,2014,4,West,California,Corporate,Office Supplies,Envelopes,1,2,11.1600,5.5800,0.5000
2014-04-01,2014,4,West,California,Corporate,Office Supplies,Paper,1,4,74.9200,35.9616,0.4800
2014-04-01,2014,4,West,California,Corporate,Technology,Accessories,2,8,522.2600,212.0112,0.4059
2014-04-01,2014,4,West,California,Corporate,Technology,Phones,1,18,1513.4560,132.4274,0.0875
2014-04-01,2014,4,West,California,Home Office,Furniture,Chairs,1,5,1487.0400,148.7040,0.1000
2014-04-01,2014,4,West,California,Home Office,Furniture,Furnishings,3,12,567.1500,167.3131,0.2950
2014-04-01,2014,4,West,California,Home Office,Furniture,Tables,1,1,99.5920,2.4898,0.0250
2014-04-01,2014,4,West,California,Home Office,Office Supplies,Appliances,2,5,377.6800,109.5272,0.2900
2014-04-01,2014,4,West,California,Home Office,Office Supplies,Art,1,5,21.4000,6.2060,0.2900
2014-04-01,2014,4,West,California,Home Office,Office Supplies,Labels,2,8,31.5000,14.8680,0.4720
2014-04-01,2014,4,West,California,Home Office,Office Supplies,Paper,1,1,48.9100,22.9877,0.4700
2014-04-01,2014,4,West,California,Home Office,Technology,Accessories,1,4,399.9600,139.9860,0.3500
2014-04-01,2014,4,West,Idaho,Consumer,Office Supplies,Binders,1,1,9.5840,3.3544,0.3500
2014-04-01,2014,4,West,Montana,Consumer,Office Supplies,Storage,1,7,87.0800,24.3824,0.2800
2014-04-01,2014,4,West,Montana,Consumer,Technology,Accessories,1,6,217.4400,91.3248,0.4200
2014-04-01,2014,4,West,Montana,Consumer,Technology,Phones,1,2,105.5840,9.2386,0.0875
2014-04-01,2014,4,West,Washington,Corporate,Furniture,Tables,1,3,653.5500,111.1035,0.1700
2014-04-01,2014,4,West,Washington,Corporate,Technology,Accessories,1,2,33.9000,2.0340,0.0600
2014-05-01,2014,5,Central,Illinois,Consumer,Furniture,Chairs,1,2,359.7720,-5.1396,-0.0143
2014-05-01,2014,5,Central,Illinois,Consumer,Furniture,Furnishings,1,2,29.3200,-24.1890,-0.8250
2014-05-01,2014,5,Central,Illinois,Consumer,Furniture,Tables,1,3,355.4550,-184.8366,-0.5200
2014-05-01,2014,5,Central,Illinois,Consumer,Office Supplies,Appliances,1,2,75.6000,-166.3200,-2.2000
2014-05-01,2014,5,Central,Illinois,Consumer,Office Supplies,Art,1,3,13.3920,3.1806,0.2375
2014-05-01,2014,5,Central,Illinois,Consumer,Office Supplies,Binders,1,6,17.4600,-30.5550,-1.7500
2014-05-01,2014,5,Central,Illinois,Consumer,Office Supplies,Storage,1,3,102.6240,7.6968,0.0750
2014-05-01,2014,5,Central,Illinois,Corporate,Office Supplies,Storage,1,2,45.2480,3.9592,0.0875
2014-05-01,2014,5,Central,Illinois,Corporate,Technology,Copiers,1,3,719.9760,134.9955,0.1875
2014-05-01,2014,5,Central,Illinois,Home Office,Office Supplies,Binders,1,9,104.5800,-172.5570,-1.6500
2014-05-01,2014,5,Central,Illinois,Home Office,Office Supplies,Paper,1,3,17.4720,5.6784,0.3250
2014-05-01,2014,5,Central,Michigan,Consumer,Office Supplies,Binders,2,13,104.2200,47.4732,0.4555
2014-05-01,2014,5,Central,Texas,Consumer,Furniture,Chairs,2,5,235.6410,-38.3859,-0.1629
2014-05-01,2014,5,Central,Texas,Consumer,Furniture,Furnishings,1,4,66.1120,-84.2928,-1.2750
2014-05-01,2014,5,Central,Texas,Consumer,Office Supplies,Art,1,2,37.8400,2.8380,0.0750
2014-05-01,2014,5,Central,Texas,Consumer,Office Supplies,Binders,1,3,18.2400,-31.0080,-1.7000
2014-05-01,2014,5,Central,Texas,Consumer,Office Supplies,Envelopes,1,6,56.0640,21.0240,0.3750
2014-05-01,2014,5,Central,Texas,Consumer,Office Supplies,Fasteners,1,6,5.4720,1.8468,0.3375
2014-05-01,2014,5,Central,Texas,Consumer,Office Supplies,Paper,2,2,8.8160,3.0750,0.3488
2014-05-01,2014,5,Central,Texas,Consumer,Technology,Accessories,2,4,104.9760,14.8794,0.1417
2014-05-01,2014,5,Central,Texas,Consumer,Technology,Phones,1,1,100.7920,6.2995,0.0625
2014-05-01,2014,5,Central,Texas,Corporate,Furniture,Chairs,1,8,1212.9600,-69.3120,-0.0571
2014-05-01,2014,5,Central,Texas,Corporate,Furniture,Furnishings,1,3,10.3320,-5.9409,-0.5750
2014-05-01,2014,5,Central,Texas,Corporate,Office Supplies,Paper,1,2,10.3680,3.6288,0.3500
2014-05-01,2014,5,Central,Texas,Corporate,Office Supplies,Storage,1,5,66.9600,-13.3920,-0.2000
2014-05-01,2014,5,Central,Texas,Corporate,Technology,Accessories,1,2,20.7840,-3.6372,-0.1750
2014-05-01,2014,5,Central,Wisconsin,Consumer,Furniture,Furnishings,1,7,34.7900,10.7849,0.3100
2014-05-01,2014,5,Central,Wisconsin,Home Office,Office Supplies,Binders,1,3,91.6800,45.8400,0.5000
2014-05-01,2014,5,Central,Wisconsin,Home Office,Office Supplies,Labels,1,7,21.5600,10.3488,0.4800
2014-05-01,2014,5,East,Connecticut,Consumer,Furniture,Furnishings,1,2,27.4600,9.8856,0.3600
2014-05-01,2014,5,East,Maryland,Consumer,Office Supplies,Paper,1,3,116.2800,56.9772,0.4900
2014-05-01,2014,5,East,Massachusetts,Consumer,Furniture,Chairs,1,4,872.3200,244.2496,0.2800
2014-05-01,2014,5,East,Massachusetts,Consumer,Furniture,Tables,2,5,894.3060,-168.8604,-0.1888
2014-05-01,2014,5,East,Massachusetts,Consumer,Office Supplies,Art,1,3,8.6400,2.5056,0.2900
2014-05-01,2014,5,East,Massachusetts,Consumer,Office Supplies,Binders,1,3,16.1400,7.9086,0.4900
2014-05-01,2014,5,East,Massachusetts,Home Office,Office Supplies,Appliances,1,6,245.8800,68.8464,0.2800
2014-05-01,2014,5,East,Massachusetts,Home Office,Office Supplies,Binders,1,7,447.8600,219.4514,0.4900
2014-05-01,2014,5,East,Massachusetts,Home Office,Office Supplies,Paper,1,3,17.9400,8.7906,0.4900
2014-05-01,2014,5,East,New Hampshire,Corporate,Furniture,Furnishings,1,7,139.8600,60.1398,0.4300
2014-05-01,2014,5,East,New Hampshire,Corporate,Office Supplies,Appliances,1,4,33.2800,9.3184,0.2800
2014-05-01,2014,5,East,New Hampshire,Corporate,Office Supplies,Art,1,9,38.5200,11.9412,0.3100
2014-05-01,2014,5,East,New York,Consumer,Office Supplies,Appliances,1,1,208.1600,56.2032,0.2700
2014-05-01,2014,5,East,New York,Consumer,Office Supplies,Binders,3,15,139.4000,50.7386,0.3640
2014-05-01,2014,5,East,New York,Consumer,Office Supplies,Paper,1,2,14.6200,6.7252,0.4600
2014-05-01,2014,5,East,New York,Consumer,Office Supplies,Supplies,1,2,5.0400,0.1512,0.0300
2014-05-01,2014,5,East,New York,Corporate,Office Supplies,Appliances,2,6,271.8600,87.5592,0.3221
2014-05-01,2014,5,East,New York,Corporate,Office Supplies,Binders,1,2,25.5840,8.9544,0.3500
2014-05-01,2014,5,East,New York,Corporate,Office Supplies,Paper,1,4,39.9600,17.9820,0.4500
2014-05-01,2014,5,East,New York,Corporate,Technology,Phones,1,5,464.0000,134.5600,0.2900
2014-05-01,2014,5,East,Ohio,Consumer,Furniture,Furnishings,1,3,149.2320,3.7308,0.0250
2014-05-01,2014,5,East,Ohio,Consumer,Office Supplies,Appliances,1,3,26.1360,1.9602,0.0750
2014-05-01,2014,5,East,Ohio,Consumer,Office Supplies,Paper,1,4,15.9360,5.7768,0.3625
2014-05-01,2014,5,East,Ohio,Consumer,Technology,Phones,1,2,779.7960,-168.9558,-0.2167
2014-05-01,2014,5,East,Pennsylvania,Consumer,Furniture,Bookcases,1,7,349.9650,-216.9783,-0.6200
2014-05-01,2014,5,East,Pennsylvania,Consumer,Office Supplies,Art,2,14,43.4880,7.6824,0.1767
2014-05-01,2014,5,East,Pennsylvania,Consumer,Office Supplies,Binders,1,2,3.2820,-2.6256,-0.8000
2014-05-01,2014,5,East,Pennsylvania,Consumer,Technology,Copiers,1,5,1799.9700,239.9960,0.1333
2014-05-01,2014,5,East,Pennsylvania,Consumer,Technology,Phones,1,2,55.1880,-10.1178,-0.1833
2014-05-01,2014,5,South,Alabama,Consumer,Technology,Phones,1,3,180.9300,46.5810,0.2575
2014-05-01,2014,5,South,Florida,Consumer,Technology,Copiers,1,2,479.9840,89.9970,0.1875
2014-05-01,2014,5,South,Florida,Corporate,Furniture,Furnishings,1,2,310.8800,23.3160,0.0750
2014-05-01,2014,5,South,Florida,Home Office,Office Supplies,Binders,1,8,398.3520,-331.9600,-0.8333
2014-05-01,2014,5,South,Florida,Home Office,Office Supplies,Fasteners,1,2,7.1040,2.3976,0.3375
2014-05-01,2014,5,South,Kentucky,Consumer,Office Supplies,Art,1,2,6.5600,1.9024,0.2900
2014-05-01,2014,5,South,Kentucky,Consumer,Office Supplies,Paper,1,5,33.9800,15.7822,0.4645
2014-05-01,2014,5,South,Kentucky,Corporate,Office Supplies,Labels,1,8,30.1000,14.0350,0.4663
2014-05-01,2014,5,South,Kentucky,Corporate,Office Supplies,Paper,1,7,45.3600,21.7728,0.4800
2014-05-01,2014,5,South,Kentucky,Corporate,Office Supplies,Storage,1,3,83.2500,14.9850,0.1800
2014-05-01,2014,5,South,Mississippi,Consumer,Technology,Phones,1,6,773.7000,230.9727,0.2985
2014-05-01,2014,5,South,Virginia,Consumer,Office Supplies,Supplies,1,5,34.2000,9.2340,0.2700
2014-05-01,2014,5,South,Virginia,Corporate,Office Supplies,Binders,2,9,2727.8100,1281.8331,0.4699
2014-05-01,2014,5,South,Virginia,Corporate,Office Supplies,Paper,2,4,49.0600,22.7858,0.4644
2014-05-01,2014,5,South,Virginia,Corporate,Technology,Phones,1,3,617.9700,173.0316,0.2800
2014-05-01,2014,5,West,California,Consumer,Furniture,Chairs,2,3,482.0800,54.6276,0.1133
2014-05-01,2014,5,West,California,Consumer,Office Supplies,Paper,1,2,39.9600,19.1808,0.4800
2014-05-01,2014,5,West,California,Consumer,Office Supplies,Supplies,1,6,41.0400,11.0808,0.2700
2014-05-01,2014,5,West,California,Consumer,Technology,Accessories,4,14,542.1300,138.2505,0.2550
2014-05-01,2014,5,West,California,Consumer,Technology,Phones,2,17,2545.5040,250.5692,0.0984
2014-05-01,2014,5,West,California,Corporate,Furniture,Bookcases,1,2,290.6660,27.3568,0.0941
2014-05-01,2014,5,West,California,Corporate,Furniture,Chairs,2,11,512.3360,38.4252,0.0750
2014-05-01,2014,5,West,California,Corporate,Furniture,Tables,1,10,567.1200,-28.3560,-0.0500
2014-05-01,2014,5,West,California,Corporate,Office Supplies,Paper,1,2,8.0000,3.8400,0.4800
2014-05-01,2014,5,West,California,Corporate,Office Supplies,Storage,1,4,359.3200,7.1864,0.0200
2014-05-01,2014,5,West,California,Corporate,Technology,Phones,1,4,285.5680,51.6524,0.1809
2014-05-01,2014,5,West,California,Home Office,Office Supplies,Art,2,14,139.7800,40.7304,0.2914
2014-05-01,2014,5,West,California,Home Office,Office Supplies,Binders,1,8,140.7360,52.7760,0.3750
2014-05-01,2014,5,West,California,Home Office,Office Supplies,Labels,1,2,5.7800,2.7166,0.4700
2014-05-01,2014,5,West,Utah,Consumer,Office Supplies,Storage,1,2,55.5000,9.9900,0.1800
2014-05-01,2014,5,West,Utah,Home Office,Office Supplies,Paper,1,5,48.4000,23.2320,0.4800
2014-05-01,2014,5,West,Washington,Consumer,Office Supplies,Binders,1,4,136.9600,51.3600,0.3750
2014-05-01,2014,5,West,Washington,Consumer,Office Supplies,Envelopes,1,3,158.1300,77.4837,0.4900
2014-05-01,2014,5,West,Washington,Consumer,Office Supplies,Paper,1,2,12.9600,6.2208,0.4800
2014-05-01,2014,5,West,Washington,Consumer,Technology,Phones,1,5,43.6000,4.3600,0.1000
2014-05-01,2014,5,West,Washington,Corporate,Furniture,Furnishings,1,7,12.1800,3.8976,0.3200
2014-05-01,2014,5,West,Washington,Corporate,Office Supplies,Appliances,1,4,57.6800,19.0344,0.3300
2014-05-01,2014,5,West,Washington,Corporate,Technology,Accessories,1,4,27.6000,2.2080,0.0800
2014-05-01,2014,5,West,Washington,Corporate,Technology,Phones,1,6,57.4080,5.7408,0.1000
2014-06-01,2014,6,Central,Illinois,Consumer,Furniture,Furnishings,1,7,61.5440,-40.0036,-0.6500
2014-06-01,2014,6,Central,Illinois,Consumer,Furniture,Tables,1,3,268.9350,-209.7693,-0.7800
2014-06-01,2014,6,Central,Illinois,Consumer,Office Supplies,Art,1,4,5.2480,1.6400,0.3125
2014-06-01,2014,6,Central,Illinois,Consumer,Office Supplies,Binders,1,3,24.5880,-38.1114,-1.5500
2014-06-01,2014,6,Central,Illinois,Consumer,Office Supplies,Envelopes,1,2,13.9840,4.7196,0.3375
2014-06-01,2014,6,Central,Illinois,Consumer,Office Supplies,Labels,1,4,15.9360,5.1792,0.3250
2014-06-01,2014,6,Central,Illinois,Consumer,Office Supplies,Paper,1,2,62.0160,22.4808,0.3625
2014-06-01,2014,6,Central,Illinois,Consumer,Office Supplies,Storage,1,3,132.6960,9.9522,0.0750
2014-06-01,2014,6,Central,Illinois,Corporate,Office Supplies,Binders,1,3,12.4620,-20.5623,-1.6500
2014-06-01,2014,6,Central,Indiana,Consumer,Furniture,Chairs,1,8,647.8400,32.3920,0.0500
2014-06-01,2014,6,Central,Michigan,Corporate,Office Supplies,Appliances,1,5,65.5200,12.3760,0.1889
2014-06-01,2014,6,Central,Michigan,Corporate,Office Supplies,Binders,1,4,138.5600,66.5088,0.4800
2014-06-01,2014,6,Central,Michigan,Corporate,Office Supplies,Fasteners,1,1,6.0800,3.0400,0.5000
2014-06-01,2014,6,Central,Michigan,Corporate,Office Supplies,Labels,1,5,491.5500,240.8595,0.4900
2014-06-01,2014,6,Central,Michigan,Home Office,Furniture,Bookcases,1,3,212.9400,57.4938,0.2700
2014-06-01,2014,6,Central,Michigan,Home Office,Office Supplies,Envelopes,1,2,15.2800,7.4872,0.4900
2014-06-01,2014,6,Central,Minnesota,Consumer,Office Supplies,Storage,1,6,663.7500,9.7164,0.0146
2014-06-01,2014,6,Central,Minnesota,Home Office,Furniture,Chairs,1,7,2001.8600,580.5394,0.2900
2014-06-01,2014,6,Central,Minnesota,Home Office,Office Supplies,Appliances,1,5,1503.2500,496.0725,0.3300
2014-06-01,2014,6,Central,Minnesota,Home Office,Office Supplies,Paper,1,10,73.8000,36.3816,0.4930
2014-06-01,2014,6,Central,Minnesota,Home Office,Office Supplies,Storage,1,2,166.7200,41.6800,0.2500
2014-06-01,2014,6,Central,Oklahoma,Consumer,Office Supplies,Appliances,1,6,471.9000,155.7270,0.3300
2014-06-01,2014,6,Central,Oklahoma,Consumer,Office Supplies,Art,1,2,3.5200,1.6896,0.4800
2014-06-01,2014,6,Central,Texas,Consumer,Furniture,Bookcases,1,4,193.0656,-19.8744,-0.1029
2014-06-01,2014,6,Central,Texas,Consumer,Office Supplies,Binders,1,4,3.3920,-5.0880,-1.5000
2014-06-01,2014,6,Central,Texas,Consumer,Office Supplies,Paper,2,7,63.7440,21.3968,0.3357
2014-06-01,2014,6,Central,Texas,Consumer,Office Supplies,Storage,1,7,509.4880,-127.3720,-0.2500
2014-06-01,2014,6,Central,Texas,Consumer,Technology,Machines,1,2,418.8000,-97.7200,-0.2333
2014-06-01,2014,6,Central,Texas,Consumer,Technology,Phones,1,2,201.5840,20.1584,0.1000
2014-06-01,2014,6,Central,Texas,Corporate,Furniture,Chairs,1,4,797.9440,-56.9960,-0.0714
2014-06-01,2014,6,Central,Texas,Corporate,Furniture,Tables,1,2,99.9180,-18.5562,-0.1857
2014-06-01,2014,6,Central,Texas,Corporate,Office Supplies,Binders,1,3,8.5680,-14.5656,-1.7000
2014-06-01,2014,6,Central,Texas,Corporate,Office Supplies,Fasteners,1,6,21.3120,7.1928,0.3375
2014-06-01,2014,6,Central,Texas,Corporate,Office Supplies,Paper,1,5,25.9200,9.0720,0.3500
2014-06-01,2014,6,Central,Texas,Home Office,Office Supplies,Art,1,2,70.3680,6.1572,0.0875
2014-06-01,2014,6,Central,Texas,Home Office,Office Supplies,Labels,1,10,100.2400,33.8310,0.3375
2014-06-01,2014,6,Central,Texas,Home Office,Technology,Accessories,1,2,63.9840,10.3974,0.1625
2014-06-01,2014,6,Central,Texas,Home Office,Technology,Phones,1,1,7.9920,0.5994,0.0750
2014-06-01,2014,6,East,Connecticut,Consumer,Office Supplies,Art,1,5,21.4000,6.2060,0.2900
2014-06-01,2014,6,East,Delaware,Consumer,Technology,Machines,1,3,65.9700,31.0059,0.4700
2014-06-01,2014,6,East,New Jersey,Consumer,Office Supplies,Art,1,2,3.7600,1.0904,0.2900
2014-06-01,2014,6,East,New Jersey,Consumer,Technology,Phones,1,7,1322.9300,357.1911,0.2700
2014-06-01,2014,6,East,New Jersey,Home Office,Office Supplies,Art,1,6,289.2000,83.8680,0.2900
2014-06-01,2014,6,East,New Jersey,Home Office,Office Supplies,Binders,1,3,45.4800,20.9208,0.4600
2014-06-01,2014,6,East,New York,Consumer,Furniture,Bookcases,1,2,353.5680,-44.1960,-0.1250
2014-06-01,2014,6,East,New York,Consumer,Furniture,Furnishings,1,4,70.9200,27.7760,0.3917
2014-06-01,2014,6,East,New York,Consumer,Office Supplies,Appliances,2,7,75.2600,30.9106,0.4107
2014-06-01,2014,6,East,New York,Consumer,Office Supplies,Art,3,9,54.9600,18.3472,0.3338
2014-06-01,2014,6,East,New York,Consumer,Office Supplies,Binders,5,16,459.4080,154.5292,0.3364
2014-06-01,2014,6,East,New York,Consumer,Office Supplies,Envelopes,1,5,41.4000,19.4580,0.4700
2014-06-01,2014,6,East,New York,Consumer,Office Supplies,Paper,1,3,19.6500,9.0390,0.4600
2014-06-01,2014,6,East,New York,Consumer,Office Supplies,Storage,1,6,1676.8800,83.8440,0.0500
2014-06-01,2014,6,East,New York,Consumer,Technology,Phones,2,6,1832.8200,512.9787,0.2799
2014-06-01,2014,6,East,New York,Corporate,Furniture,Tables,1,3,991.7640,-347.1174,-0.3500
2014-06-01,2014,6,East,New York,Corporate,Office Supplies,Binders,1,9,149.5440,50.4711,0.3375
2014-06-01,2014,6,East,New York,Corporate,Office Supplies,Supplies,1,2,17.1400,4.4564,0.2600
2014-06-01,2014,6,East,Ohio,Consumer,Office Supplies,Art,1,7,32.7600,3.6855,0.1125
2014-06-01,2014,6,East,Ohio,Home Office,Office Supplies,Paper,1,2,16.2240,5.8812,0.3625
2014-06-01,2014,6,East,Pennsylvania,Consumer,Furniture,Chairs,2,13,2252.4530,-4.8588,-0.0022
2014-06-01,2014,6,East,Pennsylvania,Consumer,Furniture,Furnishings,1,1,3.9840,0.6474,0.1625
2014-06-01,2014,6,East,Pennsylvania,Consumer,Office Supplies,Appliances,1,2,44.4160,3.8864,0.0875
2014-06-01,2014,6,East,Pennsylvania,Consumer,Office Supplies,Binders,2,8,43.2600,-32.4300,-0.7497
2014-06-01,2014,6,East,Pennsylvania,Consumer,Office Supplies,Envelopes,1,4,24.8960,8.4024,0.3375
2014-06-01,2014,6,East,Pennsylvania,Consumer,Office Supplies,Paper,1,12,376.9920,131.9472,0.3500
2014-06-01,2014,6,East,Pennsylvania,Consumer,Technology,Accessories,2,7,182.3440,29.8701,0.1638
2014-06-01,2014,6,East,Pennsylvania,Consumer,Technology,Machines,1,3,206.9910,-172.4925,-0.8333
2014-06-01,2014,6,East,Pennsylvania,Consumer,Technology,Phones,1,3,82.7820,-15.1767,-0.1833
2014-06-01,2014,6,South,Arkansas,Consumer,Furniture,Furnishings,1,6,22.2000,9.1020,0.4100
2014-06-01,2014,6,South,Arkansas,Consumer,Technology,Phones,1,7,881.9300,229.3018,0.2600
2014-06-01,2014,6,South,Florida,Consumer,Office Supplies,Binders,1,1,1.3650,-0.9100,-0.6667
2014-06-01,2014,6,South,Florida,Consumer,Office Supplies,Paper,1,2,62.0160,22.4808,0.3625
2014-06-01,2014,6,South,Georgia,Consumer,Office Supplies,Art,1,2,8.5600,2.6536,0.3100
2014-06-01,2014,6,South,Georgia,Consumer,Office Supplies,Storage,1,2,356.9400,107.0820,0.3000
2014-06-01,2014,6,South,Georgia,Consumer,Technology,Phones,1,3,239.9700,67.1916,0.2800
2014-06-01,2014,6,South,Mississippi,Consumer,Furniture,Tables,1,1,85.9800,22.3548,0.2600
2014-06-01,2014,6,South,Mississippi,Consumer,Office Supplies,Storage,1,5,306.2000,0.0000,0.0000
2014-06-01,2014,6,South,Mississippi,Consumer,Technology,Accessories,1,4,223.9600,53.7504,0.2400
2014-06-01,2014,6,South,North Carolina,Consumer,Office Supplies,Art,1,9,20.0160,1.7514,0.0875
2014-06-01,2014,6,South,North Carolina,Consumer,Office Supplies,Paper,1,7,310.6880,108.7408,0.3500
2014-06-01,2014,6,South,North Carolina,Consumer,Office Supplies,Supplies,1,1,3.1040,0.3492,0.1125
2014-06-01,2014,6,South,Tennessee,Corporate,Furniture,Chairs,1,3,170.3520,10.6470,0.0625
2014-06-01,2014,6,South,Virginia,Consumer,Furniture,Furnishings,1,1,104.0100,14.5614,0.1400
2014-06-01,2014,6,South,Virginia,Consumer,Furniture,Tables,1,7,1441.3000,245.0210,0.1700
2014-06-01,2014,6,South,Virginia,Consumer,Office Supplies,Storage,1,3,36.8400,10.3152,0.2800
2014-06-01,2014,6,South,Virginia,Consumer,Technology,Phones,1,1,284.8200,74.0532,0.2600
2014-06-01,2014,6,West,Arizona,Consumer,Furniture,Furnishings,1,2,4.2720,0.9612,0.2250
2014-06-01,2014,6,West,Arizona,Consumer,Office Supplies,Binders,1,3,8.2260,-6.0324,-0.7333
2014-06-01,2014,6,West,California,Consumer,Furniture,Furnishings,1,7,48.8600,14.1694,0.2900
2014-06-01,2014,6,West,California,Consumer,Furniture,Tables,1,9,1706.1840,85.3092,0.0500
2014-06-01,2014,6,West,California,Consumer,Office Supplies,Appliances,1,5,114.9000,34.4700,0.3000
2014-06-01,2014,6,West,California,Consumer,Office Supplies,Art,2,6,30.3800,12.5916,0.4145
2014-06-01,2014,6,West,California,Consumer,Office Supplies,Binders,1,3,18.5040,5.7825,0.3125
2014-06-01,2014,6,West,California,Consumer,Office Supplies,Supplies,1,2,7.3600,0.1472,0.0200
2014-06-01,2014,6,West,California,Consumer,Technology,Phones,2,15,1958.3760,171.3045,0.0875
2014-06-01,2014,6,West,California,Corporate,Furniture,Tables,1,5,447.8400,11.1960,0.0250
2014-06-01,2014,6,West,California,Corporate,Office Supplies,Art,2,8,46.9200,15.1596,0.3231
2014-06-01,2014,6,West,Colorado,Consumer,Office Supplies,Binders,1,9,36.2520,-24.9072,-0.6871
2014-06-01,2014,6,West,Colorado,Consumer,Technology,Accessories,1,6,196.7520,56.5662,0.2875
2014-06-01,2014,6,West,Nevada,Corporate,Furniture,Furnishings,1,2,37.4000,14.2120,0.3800
2014-06-01,2014,6,West,Nevada,Corporate,Office Supplies,Art,1,7,18.0600,4.6956,0.2600
2014-06-01,2014,6,West,Nevada,Corporate,Office Supplies,Paper,1,3,79.1400,36.4044,0.4600
2014-06-01,2014,6,West,Oregon,Corporate,Office Supplies,Art,1,12,80.9600,18.7242,0.2313
2014-06-01,2014,6,West,Oregon,Corporate,Technology,Phones,1,5,263.9600,19.7970,0.0750
2014-06-01,2014,6,West,Utah,Home Office,Furniture,Furnishings,1,6,73.3200,21.9960,0.3000
2014-06-01,2014,6,West,Utah,Home Office,Office Supplies,Binders,1,3,59.8080,19.4376,0.3250
2014-06-01,2014,6,West,Washington,Consumer,Furniture,Chairs,1,3,585.5520,73.1940,0.1250
2014-06-01,2014,6,West,Washington,Consumer,Furniture,Furnishings,1,3,6.2400,2.6208,0.4200
2014-06-01,2014,6,West,Washington,Consumer,Furniture,Tables,1,6,515.8800,113.4936,0.2200
2014-06-01,2014,6,West,Washington,Consumer,Office Supplies,Binders,1,3,3266.3760,1061.5722,0.3250
2014-06-01,2014,6,West,Washington,Consumer,Office Supplies,Fasteners,1,5,17.9000,8.9500,0.5000
2014-07-01,2014,7,Central,Illinois,Consumer,Office Supplies,Paper,1,9,35.8560,12.9978,0.3625
2014-07-01,2014,7,Central,Illinois,Consumer,Office Supplies,Storage,1,3,123.5520,-29.3436,-0.2375
2014-07-01,2014,7,Central,Illinois,Consumer,Technology,Accessories,1,4,23.8400,3.2780,0.1375
2014-07-01,2014,7,Central,Illinois,Home Office,Office Supplies,Binders,1,7,29.9320,-46.3946,-1.5500
2014-07-01,2014,7,Central,Illinois,Home Office,Technology,Phones,1,4,38.2720,3.8272,0.1000
2014-07-01,2014,7,Central,Nebraska,Consumer,Technology,Phones,1,2,35.9800,10.0744,0.2800
2014-07-01,2014,7,Central,South Dakota,Corporate,Office Supplies,Fasteners,1,3,6.5400,2.6814,0.4100
2014-07-01,2014,7,Central,South Dakota,Corporate,Technology,Accessories,1,3,2.9700,1.3068,0.4400
2014-07-01,2014,7,Central,Texas,Consumer,Furniture,Furnishings,1,3,17.4960,-10.0602,-0.5750
2014-07-01,2014,7,Central,Texas,Consumer,Office Supplies,Appliances,1,2,4.8360,-12.0900,-2.5000
2014-07-01,2014,7,Central,Texas,Consumer,Office Supplies,Binders,1,17,2203.2480,-3742.0672,-1.6984
2014-07-01,2014,7,Central,Texas,Consumer,Office Supplies,Paper,1,2,10.3680,3.6288,0.3500
2014-07-01,2014,7,Central,Texas,Consumer,Office Supplies,Storage,2,15,528.8320,-78.0016,-0.1475
2014-07-01,2014,7,Central,Texas,Consumer,Technology,Accessories,1,9,431.1360,-26.9460,-0.0625
2014-07-01,2014,7,Central,Texas,Consumer,Technology,Phones,1,4,575.9680,43.1976,0.0750
2014-07-01,2014,7,Central,Texas,Corporate,Furniture,Chairs,1,5,657.9300,-93.9900,-0.1429
2014-07-01,2014,7,Central,Texas,Corporate,Office Supplies,Appliances,1,3,4.9920,-12.9792,-2.6000
2014-07-01,2014,7,Central,Texas,Corporate,Office Supplies,Binders,1,1,1.0440,-1.8270,-1.7500
2014-07-01,2014,7,Central,Texas,Corporate,Office Supplies,Envelopes,1,5,87.9200,29.6730,0.3375
2014-07-01,2014,7,Central,Texas,Corporate,Office Supplies,Paper,1,5,24.7200,8.1138,0.3282
2014-07-01,2014,7,Central,Texas,Home Office,Furniture,Chairs,2,5,1493.7300,-154.8348,-0.1037
2014-07-01,2014,7,Central,Texas,Home Office,Furniture,Furnishings,1,5,16.7400,-14.2290,-0.8500
2014-07-01,2014,7,Central,Texas,Home Office,Office Supplies,Art,1,7,22.2880,3.9004,0.1750
2014-07-01,2014,7,Central,Texas,Home Office,Office Supplies,Fasteners,1,2,3.4880,0.5668,0.1625
2014-07-01,2014,7,Central,Texas,Home Office,Office Supplies,Paper,1,3,16.0320,5.6112,0.3500
2014-07-01,2014,7,Central,Texas,Home Office,Office Supplies,Storage,1,3,342.8640,38.5722,0.1125
2014-07-01,2014,7,East,Connecticut,Corporate,Furniture,Tables,1,1,70.5600,-4.0320,-0.0571
2014-07-01,2014,7,East,Connecticut,Corporate,Office Supplies,Binders,1,3,24.6900,11.4336,0.4631
2014-07-01,2014,7,East,Connecticut,Corporate,Technology,Phones,1,2,359.9800,93.5948,0.2600
2014-07-01,2014,7,East,Delaware,Home Office,Office Supplies,Appliances,1,1,39.4800,11.0544,0.2800
2014-07-01,2014,7,East,New Jersey,Consumer,Office Supplies,Art,1,1,5.5800,2.1762,0.3900
2014-07-01,2014,7,East,New Jersey,Consumer,Technology,Phones,1,2,73.9800,19.9746,0.2700
2014-07-01,2014,7,East,New Jersey,Corporate,Furniture,Chairs,1,3,854.9400,213.7350,0.2500
2014-07-01,2014,7,East,New Jersey,Corporate,Furniture,Furnishings,1,9,124.1100,52.1262,0.4200
2014-07-01,2014,7,East,New Jersey,Corporate,Office Supplies,Labels,1,5,14.4000,7.0560,0.4900
2014-07-01,2014,7,East,New Jersey,Corporate,Office Supplies,Paper,1,5,177.2000,83.2840,0.4700
2014-07-01,2014,7,East,New Jersey,Corporate,Technology,Phones,1,3,197.9700,57.4113,0.2900
2014-07-01,2014,7,East,New York,Consumer,Furniture,Chairs,1,1,63.8820,10.6470,0.1667
2014-07-01,2014,7,East,New York,Consumer,Office Supplies,Art,1,2,5.9600,1.6688,0.2800
2014-07-01,2014,7,East,New York,Consumer,Office Supplies,Binders,2,7,32.1840,10.9168,0.3392
2014-07-01,2014,7,East,New York,Consumer,Office Supplies,Paper,1,4,49.1200,23.0864,0.4700
2014-07-01,2014,7,East,New York,Consumer,Technology,Accessories,2,4,259.9600,65.5912,0.2523
2014-07-01,2014,7,East,New York,Consumer,Technology,Copiers,1,1,559.9920,174.9975,0.3125
2014-07-01,2014,7,East,New York,Consumer,Technology,Phones,1,3,164.8500,47.8065,0.2900
2014-07-01,2014,7,East,New York,Corporate,Office Supplies,Art,1,3,17.9400,4.4850,0.2500
2014-07-01,2014,7,East,New York,Corporate,Office Supplies,Paper,1,11,65.7800,32.2322,0.4900
2014-07-01,2014,7,East,Ohio,Consumer,Office Supplies,Binders,1,3,27.3600,-21.8880,-0.8000
2014-07-01,2014,7,East,Ohio,Consumer,Office Supplies,Storage,1,1,25.9840,-5.1968,-0.2000
2014-07-01,2014,7,East,Pennsylvania,Consumer,Furniture,Chairs,1,2,172.1860,-46.7362,-0.2714
2014-07-01,2014,7,East,Pennsylvania,Consumer,Furniture,Furnishings,2,4,100.9920,13.2758,0.1315
2014-07-01,2014,7,East,Pennsylvania,Consumer,Office Supplies,Art,1,2,41.5840,4.6782,0.1125
2014-07-01,2014,7,East,Pennsylvania,Consumer,Technology,Phones,1,3,37.4820,-16.2420,-0.4333
2014-07-01,2014,7,South,Florida,Consumer,Furniture,Furnishings,1,6,129.8880,12.9888,0.1000
2014-07-01,2014,7,South,Florida,Consumer,Office Supplies,Envelopes,1,7,48.9440,16.5186,0.3375
2014-07-01,2014,7,South,Florida,Consumer,Office Supplies,Fasteners,1,5,14.3200,5.1910,0.3625
2014-07-01,2014,7,South,Florida,Corporate,Furniture,Furnishings,1,5,232.7360,21.3592,0.0918
2014-07-01,2014,7,South,Florida,Corporate,Office Supplies,Binders,2,11,14.9940,-10.4958,-0.7000
2014-07-01,2014,7,South,Florida,Corporate,Technology,Phones,1,2,575.9200,71.9900,0.1250
2014-07-01,2014,7,South,Georgia,Consumer,Furniture,Chairs,1,2,67.8800,18.3276,0.2700
2014-07-01,2014,7,South,Georgia,Consumer,Furniture,Furnishings,1,3,25.7100,9.2556,0.3600
2014-07-01,2014,7,South,Georgia,Consumer,Office Supplies,Labels,1,13,162.8900,76.5583,0.4700
2014-07-01,2014,7,South,Mississippi,Consumer,Office Supplies,Labels,1,2,14.6200,6.8714,0.4700
2014-07-01,2014,7,South,Mississippi,Consumer,Office Supplies,Paper,1,3,19.4400,9.3312,0.4800
2014-07-01,2014,7,South,Mississippi,Consumer,Technology,Accessories,1,3,479.9700,163.1898,0.3400
2014-07-01,2014,7,South,Tennessee,Corporate,Office Supplies,Art,1,3,4.3680,0.3822,0.0875
2014-07-01,2014,7,South,Virginia,Consumer,Office Supplies,Binders,1,5,15.6000,7.6440,0.4900
2014-07-01,2014,7,South,Virginia,Consumer,Office Supplies,Paper,1,3,21.8400,10.9200,0.5000
2014-07-01,2014,7,West,Arizona,Consumer,Office Supplies,Art,1,1,9.2400,0.9240,0.1000
2014-07-01,2014,7,West,Arizona,Consumer,Office Supplies,Binders,1,5,8.1600,-5.7120,-0.7000
2014-07-01,2014,7,West,Arizona,Consumer,Office Supplies,Storage,1,5,55.9200,6.2910,0.1125
2014-07-01,2014,7,West,Arizona,Consumer,Technology,Accessories,1,18,1502.9760,149.2488,0.0993
2014-07-01,2014,7,West,Arizona,Home Office,Furniture,Chairs,1,4,259.1360,-25.9136,-0.1000
2014-07-01,2014,7,West,California,Consumer,Furniture,Chairs,1,3,717.7200,71.7720,0.1000
2014-07-01,2014,7,West,California,Consumer,Furniture,Furnishings,2,11,120.9400,49.7720,0.4115
2014-07-01,2014,7,West,California,Consumer,Furniture,Tables,1,3,170.3520,19.1646,0.1125
2014-07-01,2014,7,West,California,Consumer,Office Supplies,Art,1,4,11.5200,3.2256,0.2800
2014-07-01,2014,7,West,California,Consumer,Office Supplies,Binders,2,8,98.4160,33.4330,0.3397
2014-07-01,2014,7,West,California,Consumer,Office Supplies,Paper,2,8,147.6000,70.8189,0.4798
2014-07-01,2014,7,West,California,Consumer,Office Supplies,Storage,2,14,290.2200,83.6266,0.2881
2014-07-01,2014,7,West,California,Consumer,Office Supplies,Supplies,1,5,8187.6500,327.5060,0.0400
2014-07-01,2014,7,West,California,Consumer,Technology,Accessories,1,2,238.0000,38.0800,0.1600
2014-07-01,2014,7,West,California,Corporate,Furniture,Chairs,1,2,801.5680,50.0980,0.0625
2014-07-01,2014,7,West,California,Corporate,Furniture,Tables,4,10,1824.9040,-73.7192,-0.0404
2014-07-01,2014,7,West,California,Corporate,Office Supplies,Art,2,9,112.3200,29.5968,0.2635
2014-07-01,2014,7,West,California,Corporate,Office Supplies,Binders,2,8,204.4160,71.6420,0.3505
2014-07-01,2014,7,West,California,Corporate,Office Supplies,Paper,1,2,11.9600,5.8604,0.4900
2014-07-01,2014,7,West,California,Corporate,Office Supplies,Storage,2,5,811.6900,160.6230,0.1979
2014-07-01,2014,7,West,California,Corporate,Office Supplies,Supplies,1,5,40.7000,11.8030,0.2900
2014-07-01,2014,7,West,California,Corporate,Technology,Accessories,2,5,86.9400,20.0484,0.2306
2014-07-01,2014,7,West,California,Corporate,Technology,Phones,1,9,907.1280,98.2722,0.1083
2014-07-01,2014,7,West,California,Home Office,Furniture,Bookcases,1,1,119.8330,7.0490,0.0588
2014-07-01,2014,7,West,California,Home Office,Furniture,Chairs,1,2,478.4800,47.8480,0.1000
2014-07-01,2014,7,West,California,Home Office,Office Supplies,Art,2,8,25.2400,8.7184,0.3454
2014-07-01,2014,7,West,California,Home Office,Office Supplies,Binders,3,18,237.1680,86.6514,0.3654
2014-07-01,2014,7,West,California,Home Office,Office Supplies,Labels,1,1,2.8800,1.4112,0.4900
2014-07-01,2014,7,West,California,Home Office,Office Supplies,Paper,2,6,38.8800,18.7272,0.4817
2014-07-01,2014,7,West,California,Home Office,Office Supplies,Storage,2,13,273.6700,49.0214,0.1791
2014-07-01,2014,7,West,California,Home Office,Office Supplies,Supplies,1,4,15.5200,4.5008,0.2900
2014-07-01,2014,7,West,California,Home Office,Technology,Phones,1,8,255.9360,28.7928,0.1125
2014-07-01,2014,7,West,Colorado,Corporate,Office Supplies,Appliances,1,2,32.4320,3.2432,0.1000
2014-07-01,2014,7,West,Colorado,Corporate,Office Supplies,Paper,1,4,177.5360,62.1376,0.3500
2014-07-01,2014,7,West,Montana,Home Office,Office Supplies,Binders,1,2,6.0960,2.2098,0.3625
2014-07-01,2014,7,West,Nevada,Consumer,Furniture,Chairs,1,3,674.3520,-109.5822,-0.1625
2014-07-01,2014,7,West,Nevada,Consumer,Furniture,Furnishings,1,9,134.0100,36.1827,0.2700
2014-07-01,2014,7,West,Nevada,Consumer,Technology,Accessories,1,3,170.9700,70.0977,0.4100
2014-07-01,2014,7,West,Nevada,Consumer,Technology,Phones,1,2,911.9840,113.9980,0.1250
2014-07-01,2014,7,West,Utah,Corporate,Technology,Accessories,1,7,111.9300,34.6983,0.3100
2014-07-01,2014,7,West,Washington,Consumer,Furniture,Chairs,1,4,123.1360,13.8528,0.1125
2014-07-01,2014,7,West,Washington,Consumer,Office Supplies,Binders,1,4,11.2640,3.8016,0.3375
2014-07-01,2014,7,West,Washington,Corporate,Furniture,Bookcases,1,8,1367.8400,259.8896,0.1900
2014-07-01,2014,7,West,Washington,Corporate,Office Supplies,Binders,1,5,19.9200,6.9720,0.3500
2014-08-01,2014,8,Central,Illinois,Consumer,Furniture,Chairs,1,2,421.3720,-6.0196,-0.0143
2014-08-01,2014,8,Central,Michigan,Home Office,Furniture,Furnishings,1,6,53.8800,22.6296,0.4200
2014-08-01,2014,8,Central,Michigan,Home Office,Office Supplies,Appliances,1,3,167.5350,37.2300,0.2222
2014-08-01,2014,8,Central,Michigan,Home Office,Office Supplies,Envelopes,1,3,38.3400,17.2530,0.4500
2014-08-01,2014,8,Central,Michigan,Home Office,Office Supplies,Paper,1,3,19.4400,9.5256,0.4900
2014-08-01,2014,8,Central,Michigan,Home Office,Technology,Copiers,1,1,549.9900,274.9950,0.5000
2014-08-01,2014,8,Central,Michigan,Home Office,Technology,Phones,1,2,299.9800,83.9944,0.2800
2014-08-01,2014,8,Central,Missouri,Consumer,Office Supplies,Paper,1,2,11.5600,5.6644,0.4900
2014-08-01,2014,8,Central,Missouri,Home Office,Office Supplies,Binders,1,5,26.7000,12.5490,0.4700
2014-08-01,2014,8,Central,Missouri,Home Office,Office Supplies,Storage,1,2,838.3800,226.3626,0.2700
2014-08-01,2014,8,Central,Missouri,Home Office,Technology,Accessories,1,2,21.2000,9.1160,0.4300
2014-08-01,2014,8,Central,Texas,Consumer,Furniture,Tables,1,2,489.2300,41.9340,0.0857
2014-08-01,2014,8,Central,Texas,Consumer,Office Supplies,Binders,2,14,69.0240,-112.2504,-1.6263
2014-08-01,2014,8,Central,Texas,Corporate,Office Supplies,Paper,1,3,15.5520,5.4432,0.3500
2014-08-01,2014,8,East,Connecticut,Consumer,Office Supplies,Binders,2,8,88.2400,42.1022,0.4771
2014-08-01,2014,8,East,Connecticut,Consumer,Office Supplies,Storage,1,3,95.9400,9.5940,0.1000
2014-08-01,2014,8,East,Connecticut,Corporate,Furniture,Chairs,1,5,1133.3500,294.6710,0.2600
2014-08-01,2014,8,East,Connecticut,Corporate,Office Supplies,Appliances,1,3,79.4700,22.2516,0.2800
2014-08-01,2014,8,East,Connecticut,Corporate,Office Supplies,Art,1,2,4.5600,2.0064,0.4400
2014-08-01,2014,8,East,Delaware,Consumer,Furniture,Furnishings,1,4,10.6800,4.0584,0.3800
2014-08-01,2014,8,East,Delaware,Consumer,Office Supplies,Paper,1,4,20.7200,10.0514,0.4851
2014-08-01,2014,8,East,Delaware,Home Office,Office Supplies,Art,1,3,8.6400,2.5056,0.2900
2014-08-01,2014,8,East,Delaware,Home Office,Technology,Accessories,1,3,149.9700,52.4895,0.3500
2014-08-01,2014,8,East,Maine,Corporate,Office Supplies,Appliances,1,2,101.9600,27.5292,0.2700
2014-08-01,2014,8,East,Maine,Corporate,Office Supplies,Paper,1,13,259.7400,124.6752,0.4800
2014-08-01,2014,8,East,Maine,Corporate,Technology,Accessories,1,9,255.4200,104.7222,0.4100
2014-08-01,2014,8,East,New Jersey,Corporate,Office Supplies,Binders,1,7,196.2100,98.1050,0.5000
2014-08-01,2014,8,East,New York,Consumer,Office Supplies,Paper,2,10,111.8000,53.7236,0.4805
2014-08-01,2014,8,East,New York,Consumer,Office Supplies,Storage,2,3,396.7000,24.5342,0.0618
2014-08-01,2014,8,East,New York,Consumer,Office Supplies,Supplies,1,10,102.3000,26.5980,0.2600
2014-08-01,2014,8,East,New York,Consumer,Technology,Accessories,1,2,199.9800,83.9916,0.4200
2014-08-01,2014,8,East,New York,Corporate,Furniture,Furnishings,1,2,13.2800,6.3744,0.4800
2014-08-01,2014,8,East,New York,Corporate,Office Supplies,Art,1,7,15.9600,7.0224,0.4400
2014-08-01,2014,8,East,New York,Corporate,Office Supplies,Binders,1,3,12.6720,4.4352,0.3500
2014-08-01,2014,8,East,New York,Corporate,Technology,Phones,1,1,135.9900,36.7173,0.2700
2014-08-01,2014,8,East,Ohio,Consumer,Office Supplies,Art,1,2,10.7200,1.7420,0.1625
2014-08-01,2014,8,East,Ohio,Consumer,Office Supplies,Binders,1,4,76.7760,-58.8616,-0.7667
2014-08-01,2014,8,East,Ohio,Consumer,Office Supplies,Envelopes,1,8,135.1840,45.6836,0.3379
2014-08-01,2014,8,East,Ohio,Consumer,Office Supplies,Fasteners,1,14,40.0960,14.5348,0.3625
2014-08-01,2014,8,East,Ohio,Consumer,Office Supplies,Paper,1,3,23.9760,7.4925,0.3125
2014-08-01,2014,8,East,Ohio,Consumer,Office Supplies,Supplies,1,2,9.1840,1.1480,0.1250
2014-08-01,2014,8,East,Ohio,Corporate,Office Supplies,Binders,1,15,30.2460,-23.5440,-0.7784
2014-08-01,2014,8,East,Ohio,Home Office,Office Supplies,Art,1,1,3.9120,1.0269,0.2625
2014-08-01,2014,8,East,Pennsylvania,Consumer,Furniture,Tables,1,6,853.0920,-227.4912,-0.2667
2014-08-01,2014,8,East,Pennsylvania,Home Office,Office Supplies,Fasteners,1,2,5.6800,1.9170,0.3375
2014-08-01,2014,8,South,Arkansas,Consumer,Furniture,Bookcases,1,9,638.8200,172.4814,0.2700
2014-08-01,2014,8,South,Arkansas,Corporate,Office Supplies,Binders,1,4,17.9600,8.2616,0.4600
2014-08-01,2014,8,South,Arkansas,Corporate,Office Supplies,Fasteners,1,7,12.6700,4.5612,0.3600
2014-08-01,2014,8,South,Arkansas,Corporate,Office Supplies,Paper,1,5,114.2000,52.5320,0.4600
2014-08-01,2014,8,South,Arkansas,Corporate,Technology,Accessories,1,4,339.9600,122.3856,0.3600
2014-08-01,2014,8,South,Florida,Consumer,Furniture,Bookcases,1,4,155.4560,-7.7728,-0.0500
2014-08-01,2014,8,South,Florida,Consumer,Furniture,Tables,1,3,174.0585,-110.7645,-0.6364
2014-08-01,2014,8,South,Florida,Consumer,Office Supplies,Appliances,1,5,152.2400,17.1270,0.1125
2014-08-01,2014,8,South,Florida,Consumer,Office Supplies,Binders,1,4,505.1760,-336.7840,-0.6667
2014-08-01,2014,8,South,Florida,Consumer,Office Supplies,Envelopes,1,2,29.8080,10.8054,0.3625
2014-08-01,2014,8,South,Florida,Consumer,Office Supplies,Paper,1,5,91.3600,29.6920,0.3250
2014-08-01,2014,8,South,Florida,Consumer,Office Supplies,Supplies,1,3,7.6320,-1.8126,-0.2375
2014-08-01,2014,8,South,Florida,Corporate,Office Supplies,Paper,1,3,15.5520,5.4432,0.3500
2014-08-01,2014,8,South,Florida,Corporate,Technology,Phones,1,2,178.3840,22.2980,0.1250
2014-08-01,2014,8,South,Florida,Home Office,Office Supplies,Appliances,1,6,211.2480,15.8436,0.0750
2014-08-01,2014,8,South,Florida,Home Office,Office Supplies,Art,1,5,47.9600,4.1965,0.0875
2014-08-01,2014,8,South,Florida,Home Office,Office Supplies,Labels,1,1,2.9520,0.9963,0.3375
2014-08-01,2014,8,South,Florida,Home Office,Office Supplies,Paper,1,6,31.1040,10.8864,0.3500
2014-08-01,2014,8,South,Florida,Home Office,Office Supplies,Supplies,1,2,5.5520,-1.0410,-0.1875
2014-08-01,2014,8,South,Florida,Home Office,Technology,Accessories,1,7,158.9280,41.7186,0.2625
2014-08-01,2014,8,South,Georgia,Consumer,Office Supplies,Binders,1,3,14.0400,6.7392,0.4800
2014-08-01,2014,8,South,Georgia,Consumer,Technology,Accessories,1,13,272.6100,98.1396,0.3600
2014-08-01,2014,8,South,Georgia,Corporate,Office Supplies,Storage,1,3,344.9100,10.3473,0.0300
2014-08-01,2014,8,South,Kentucky,Corporate,Office Supplies,Supplies,1,3,25.5000,6.6300,0.2600
2014-08-01,2014,8,South,North Carolina,Corporate,Furniture,Furnishings,1,4,44.1280,12.1352,0.2750
2014-08-01,2014,8,South,North Carolina,Corporate,Office Supplies,Appliances,1,1,62.9200,10.2245,0.1625
2014-08-01,2014,8,South,North Carolina,Corporate,Office Supplies,Labels,1,3,17.5440,5.9211,0.3375
2014-08-01,2014,8,South,North Carolina,Corporate,Office Supplies,Paper,1,2,78.3040,29.3640,0.3750
2014-08-01,2014,8,South,South Carolina,Consumer,Technology,Accessories,1,3,62.9100,22.6476,0.3600
2014-08-01,2014,8,South,Virginia,Consumer,Office Supplies,Paper,1,2,13.3600,6.4128,0.4800
2014-08-01,2014,8,South,Virginia,Corporate,Furniture,Chairs,1,13,500.2400,145.0696,0.2900
2014-08-01,2014,8,South,Virginia,Corporate,Furniture,Furnishings,1,4,29.1200,12.5216,0.4300
2014-08-01,2014,8,South,Virginia,Corporate,Furniture,Tables,1,3,1202.9400,300.7350,0.2500
2014-08-01,2014,8,South,Virginia,Corporate,Office Supplies,Binders,1,1,896.9900,421.5853,0.4700
2014-08-01,2014,8,South,Virginia,Corporate,Office Supplies,Paper,1,2,20.1200,9.2552,0.4600
2014-08-01,2014,8,South,Virginia,Corporate,Technology,Phones,1,5,579.9500,168.1855,0.2900
2014-08-01,2014,8,West,Arizona,Consumer,Furniture,Furnishings,1,4,121.3760,-3.0344,-0.0250
2014-08-01,2014,8,West,Arizona,Consumer,Office Supplies,Binders,1,5,9.3450,-6.5415,-0.7000
2014-08-01,2014,8,West,Arizona,Consumer,Office Supplies,Fasteners,1,3,4.4640,-0.9486,-0.2125
2014-08-01,2014,8,West,Arizona,Consumer,Technology,Accessories,1,3,95.9760,-10.7973,-0.1125
2014-08-01,2014,8,West,Arizona,Home Office,Office Supplies,Paper,1,3,93.0240,33.7212,0.3625
2014-08-01,2014,8,West,California,Consumer,Furniture,Chairs,2,11,535.2800,9.0630,0.0169
2014-08-01,2014,8,West,California,Consumer,Furniture,Furnishings,2,11,413.2000,123.3856,0.2986
2014-08-01,2014,8,West,California,Consumer,Office Supplies,Appliances,2,5,229.0300,64.8896,0.2833
2014-08-01,2014,8,West,California,Consumer,Office Supplies,Art,2,4,54.5400,15.3568,0.2816
2014-08-01,2014,8,West,California,Consumer,Office Supplies,Binders,3,14,106.7680,35.6398,0.3338
2014-08-01,2014,8,West,California,Consumer,Office Supplies,Paper,3,9,230.8200,107.6166,0.4662
2014-08-01,2014,8,West,California,Consumer,Office Supplies,Storage,2,13,439.0600,110.6840,0.2521
2014-08-01,2014,8,West,California,Consumer,Technology,Accessories,1,1,16.3600,1.6360,0.1000
2014-08-01,2014,8,West,California,Consumer,Technology,Copiers,1,3,1199.9760,434.9913,0.3625
2014-08-01,2014,8,West,California,Consumer,Technology,Phones,3,16,1465.7760,122.1520,0.0833
2014-08-01,2014,8,West,California,Corporate,Furniture,Furnishings,2,8,295.5200,28.6692,0.0970
2014-08-01,2014,8,West,California,Corporate,Office Supplies,Binders,2,4,119.0240,39.9220,0.3354
2014-08-01,2014,8,West,California,Corporate,Office Supplies,Paper,2,8,149.2000,72.7152,0.4874
2014-08-01,2014,8,West,California,Corporate,Office Supplies,Storage,1,4,48.8400,13.1868,0.2700
2014-08-01,2014,8,West,California,Corporate,Technology,Accessories,1,5,95.1000,30.4320,0.3200
2014-08-01,2014,8,West,California,Home Office,Office Supplies,Labels,1,8,20.8800,9.6048,0.4600
2014-08-01,2014,8,West,California,Home Office,Technology,Accessories,1,8,176.8000,22.9840,0.1300
2014-08-01,2014,8,West,Colorado,Consumer,Furniture,Furnishings,1,3,4.2240,1.2672,0.3000
2014-08-01,2014,8,West,Colorado,Consumer,Furniture,Tables,1,2,218.7500,-161.8750,-0.7400
2014-08-01,2014,8,West,Colorado,Consumer,Office Supplies,Appliances,1,1,2.6000,0.2925,0.1125
2014-08-01,2014,8,West,Colorado,Consumer,Office Supplies,Paper,1,18,269.7120,86.0346,0.3190
2014-08-01,2014,8,West,Colorado,Consumer,Office Supplies,Supplies,1,1,6.8000,0.5100,0.0750
2014-08-01,2014,8,West,Colorado,Consumer,Technology,Phones,1,9,143.6400,10.7730,0.0750
2014-08-01,2014,8,West,Montana,Corporate,Office Supplies,Binders,1,2,8.2880,2.6936,0.3250
2014-08-01,2014,8,West,New Mexico,Consumer,Technology,Accessories,1,9,92.5200,18.5040,0.2000
2014-08-01,2014,8,West,Utah,Consumer,Office Supplies,Appliances,1,3,1089.7500,305.1300,0.2800
2014-08-01,2014,8,West,Utah,Consumer,Office Supplies,Art,1,5,16.4000,4.2640,0.2600
2014-08-01,2014,8,West,Utah,Consumer,Office Supplies,Binders,1,1,13.1840,4.7792,0.3625
2014-08-01,2014,8,West,Utah,Consumer,Office Supplies,Paper,1,8,447.8400,219.4416,0.4900
2014-08-01,2014,8,West,Utah,Consumer,Office Supplies,Storage,1,5,158.9000,7.9450,0.0500
2014-08-01,2014,8,West,Utah,Consumer,Technology,Phones,1,5,399.9600,34.9965,0.0875
2014-08-01,2014,8,West,Washington,Consumer,Furniture,Furnishings,1,1,12.3500,5.4340,0.4400
2014-08-01,2014,8,West,Washington,Consumer,Office Supplies,Art,1,1,40.9700,10.6522,0.2600
2014-08-01,2014,8,West,Washington,Consumer,Office Supplies,Binders,1,7,2060.7440,643.9825,0.3125
2014-08-01,2014,8,West,Washington,Consumer,Office Supplies,Fasteners,1,2,22.9600,10.7912,0.4700
2014-08-01,2014,8,West,Washington,Consumer,Technology,Phones,1,7,1007.9440,75.5958,0.0750
2014-08-01,2014,8,West,Washington,Home Office,Technology,Phones,1,6,1310.3360,24.3644,0.0186
2014-09-01,2014,9,Central,Illinois,Consumer,Furniture,Bookcases,1,5,493.4300,-70.4900,-0.1429
2014-09-01,2014,9,Central,Illinois,Consumer,Furniture,Tables,1,6,617.7000,-407.6820,-0.6600
2014-09-01,2014,9,Central,Illinois,Consumer,Office Supplies,Binders,1,8,308.8180,-540.2401,-1.7494
2014-09-01,2014,9,Central,Illinois,Consumer,Office Supplies,Fasteners,1,5,13.1600,4.1125,0.3125
2014-09-01,2014,9,Central,Illinois,Consumer,Office Supplies,Paper,1,3,10.8960,3.4050,0.3125
2014-09-01,2014,9,Central,Illinois,Consumer,Technology,Accessories,3,21,869.7440,187.6394,0.2157
2014-09-01,2014,9,Central,Illinois,Consumer,Technology,Phones,1,2,11.1200,3.4750,0.3125
2014-09-01,2014,9,Central,Illinois,Corporate,Office Supplies,Appliances,1,2,52.4480,-131.1200,-2.5000
2014-09-01,2014,9,Central,Illinois,Corporate,Office Supplies,Labels,1,4,20.1600,6.5520,0.3250
2014-09-01,2014,9,Central,Illinois,Corporate,Office Supplies,Storage,1,3,331.5360,-82.8840,-0.2500
2014-09-01,2014,9,Central,Kansas,Home Office,Furniture,Furnishings,1,2,40.5600,12.9792,0.3200
2014-09-01,2014,9,Central,Kansas,Home Office,Office Supplies,Binders,1,2,331.9600,149.3820,0.4500
2014-09-01,2014,9,Central,Kansas,Home Office,Office Supplies,Supplies,1,3,357.9300,7.1586,0.0200
2014-09-01,2014,9,Central,Kansas,Home Office,Technology,Accessories,1,5,57.4000,10.9060,0.1900
2014-09-01,2014,9,Central,Michigan,Consumer,Office Supplies,Labels,1,7,103.6000,51.8000,0.5000
2014-09-01,2014,9,Central,Minnesota,Consumer,Office Supplies,Binders,1,7,9462.8900,4636.9455,0.4900
2014-09-01,2014,9,Central,Minnesota,Consumer,Office Supplies,Paper,1,5,32.4000,15.5520,0.4800
2014-09-01,2014,9,Central,Minnesota,Consumer,Office Supplies,Storage,1,5,404.9000,16.1960,0.0400
2014-09-01,2014,9,Central,Nebraska,Corporate,Office Supplies,Appliances,1,5,62.2300,18.4094,0.2958
2014-09-01,2014,9,Central,Nebraska,Corporate,Office Supplies,Paper,1,1,6.4800,3.1104,0.4800
2014-09-01,2014,9,Central,Oklahoma,Consumer,Furniture,Furnishings,1,9,879.5700,237.3417,0.2698
2014-09-01,2014,9,Central,Oklahoma,Consumer,Office Supplies,Binders,1,3,42.8100,20.1207,0.4700
2014-09-01,2014,9,Central,Oklahoma,Consumer,Office Supplies,Paper,1,2,12.9600,6.2208,0.4800
2014-09-01,2014,9,Central,Oklahoma,Consumer,Technology,Phones,1,3,104.8500,28.3095,0.2700
2014-09-01,2014,9,Central,Oklahoma,Home Office,Furniture,Chairs,1,2,161.9600,45.3488,0.2800
2014-09-01,2014,9,Central,Oklahoma,Home Office,Furniture,Tables,1,5,429.9000,111.7740,0.2600
2014-09-01,2014,9,Central,Oklahoma,Home Office,Office Supplies,Binders,1,2,32.0600,15.3888,0.4800
2014-09-01,2014,9,Central,Oklahoma,Home Office,Office Supplies,Storage,1,2,19.8600,5.7594,0.2900
2014-09-01,2014,9,Central,Texas,Consumer,Furniture,Chairs,2,14,2706.7600,-38.6680,-0.0143
2014-09-01,2014,9,Central,Texas,Consumer,Office Supplies,Appliances,1,5,177.9800,-453.8490,-2.5500
2014-09-01,2014,9,Central,Texas,Consumer,Office Supplies,Art,1,9,42.0000,9.5460,0.2273
2014-09-01,2014,9,Central,Texas,Consumer,Office Supplies,Binders,3,12,60.0120,-93.3834,-1.5561
2014-09-01,2014,9,Central,Texas,Consumer,Office Supplies,Paper,2,14,231.1200,78.6156,0.3402
2014-09-01,2014,9,Central,Texas,Consumer,Office Supplies,Storage,1,3,275.9280,-58.6347,-0.2125
2014-09-01,2014,9,Central,Texas,Consumer,Technology,Machines,1,8,8159.9520,-1359.9920,-0.1667
2014-09-01,2014,9,Central,Texas,Consumer,Technology,Phones,1,3,143.9760,8.9985,0.0625
2014-09-01,2014,9,Central,Texas,Corporate,Furniture,Furnishings,1,5,9.9600,-6.7230,-0.6750
2014-09-01,2014,9,Central,Texas,Corporate,Office Supplies,Binders,2,3,9.4280,-15.0848,-1.6000
2014-09-01,2014,9,Central,Texas,Corporate,Office Supplies,Fasteners,1,4,6.0480,-1.3608,-0.2250
2014-09-01,2014,9,Central,Texas,Corporate,Office Supplies,Paper,1,2,6.8480,2.1400,0.3125
2014-09-01,2014,9,Central,Texas,Corporate,Technology,Machines,2,13,6139.6500,-883.2633,-0.1439
2014-09-01,2014,9,Central,Texas,Home Office,Furniture,Bookcases,1,2,300.5328,-97.2312,-0.3235
2014-09-01,2014,9,Central,Texas,Home Office,Furniture,Chairs,1,6,340.1160,-9.7176,-0.0286
2014-09-01,2014,9,Central,Texas,Home Office,Furniture,Furnishings,1,2,8.5440,-7.4760,-0.8750
2014-09-01,2014,9,Central,Texas,Home Office,Furniture,Tables,1,1,200.7950,-22.9480,-0.1143
2014-09-01,2014,9,Central,Texas,Home Office,Office Supplies,Art,1,3,21.8640,3.5529,0.1625
2014-09-01,2014,9,Central,Texas,Home Office,Office Supplies,Binders,3,9,13.3240,-20.6964,-1.5533
2014-09-01,2014,9,Central,Texas,Home Office,Office Supplies,Envelopes,1,2,3.2640,1.1016,0.3375
2014-09-01,2014,9,Central,Texas,Home Office,Office Supplies,Paper,1,8,33.7920,10.5600,0.3125
2014-09-01,2014,9,Central,Texas,Home Office,Technology,Accessories,1,4,46.6880,-2.9180,-0.0625
2014-09-01,2014,9,Central,Texas,Home Office,Technology,Phones,1,3,196.7760,14.7582,0.0750
2014-09-01,2014,9,East,Delaware,Consumer,Office Supplies,Art,1,3,9.8400,2.8536,0.2900
2014-09-01,2014,9,East,Delaware,Consumer,Office Supplies,Binders,1,3,34.5000,15.5250,0.4500
2014-09-01,2014,9,East,Delaware,Corporate,Office Supplies,Binders,1,4,11.1200,5.4488,0.4900
2014-09-01,2014,9,East,Maryland,Consumer,Furniture,Bookcases,1,3,362.9400,36.2940,0.1000
2014-09-01,2014,9,East,Maryland,Consumer,Furniture,Furnishings,1,3,164.2200,50.9082,0.3100
2014-09-01,2014,9,East,Maryland,Consumer,Technology,Accessories,1,2,59.9800,26.3912,0.4400
2014-09-01,2014,9,East,Massachusetts,Corporate,Furniture,Chairs,1,6,785.8800,212.1876,0.2700
2014-09-01,2014,9,East,Massachusetts,Corporate,Office Supplies,Paper,1,5,192.6400,92.7292,0.4814
2014-09-01,2014,9,East,Massachusetts,Corporate,Office Supplies,Storage,2,8,1372.1100,251.1432,0.1830
2014-09-01,2014,9,East,New Jersey,Consumer,Furniture,Furnishings,1,5,254.9000,76.4700,0.3000
2014-09-01,2014,9,East,New Jersey,Consumer,Office Supplies,Appliances,1,4,81.9200,22.1184,0.2700
2014-09-01,2014,9,East,New Jersey,Corporate,Furniture,Furnishings,1,3,87.5400,37.6422,0.4300
2014-09-01,2014,9,East,New York,Consumer,Furniture,Bookcases,1,2,801.5680,-10.0196,-0.0125
2014-09-01,2014,9,East,New York,Consumer,Furniture,Chairs,3,12,4996.6020,644.6936,0.1290
2014-09-01,2014,9,East,New York,Consumer,Furniture,Furnishings,4,10,300.0700,82.6705,0.2755
2014-09-01,2014,9,East,New York,Consumer,Furniture,Tables,1,9,464.2920,-108.3348,-0.2333
2014-09-01,2014,9,East,New York,Consumer,Office Supplies,Appliances,3,4,652.1800,215.4388,0.3303
2014-09-01,2014,9,East,New York,Consumer,Office Supplies,Art,4,15,97.4900,31.4530,0.3226
2014-09-01,2014,9,East,New York,Consumer,Office Supplies,Binders,3,6,167.1680,56.7658,0.3396
2014-09-01,2014,9,East,New York,Consumer,Office Supplies,Envelopes,2,10,79.5300,36.5838,0.4600
2014-09-01,2014,9,East,New York,Consumer,Office Supplies,Labels,3,14,108.4800,51.0846,0.4709
2014-09-01,2014,9,East,New York,Consumer,Office Supplies,Paper,5,18,201.1600,97.5638,0.4850
2014-09-01,2014,9,East,New York,Consumer,Office Supplies,Storage,2,14,1844.6900,371.8234,0.2016
2014-09-01,2014,9,East,New York,Consumer,Technology,Accessories,1,3,357.0000,57.1200,0.1600
2014-09-01,2014,9,East,New York,Consumer,Technology,Machines,1,4,2799.9600,1371.9804,0.4900
2014-09-01,2014,9,East,New York,Consumer,Technology,Phones,3,21,2662.7900,1013.6037,0.3807
2014-09-01,2014,9,East,New York,Corporate,Furniture,Chairs,1,7,887.1030,177.4206,0.2000
2014-09-01,2014,9,East,New York,Corporate,Furniture,Furnishings,1,3,15.2400,5.1816,0.3400
2014-09-01,2014,9,East,New York,Corporate,Office Supplies,Appliances,1,2,16.7800,4.1950,0.2500
2014-09-01,2014,9,East,New York,Corporate,Office Supplies,Binders,1,1,33.5520,12.5820,0.3750
2014-09-01,2014,9,East,New York,Home Office,Furniture,Chairs,1,2,172.7640,13.4372,0.0778
2014-09-01,2014,9,East,New York,Home Office,Office Supplies,Art,2,5,69.5500,18.8574,0.2711
2014-09-01,2014,9,East,New York,Home Office,Office Supplies,Binders,1,4,18.4640,6.9240,0.3750
2014-09-01,2014,9,East,New York,Home Office,Technology,Machines,1,1,69.9900,30.0957,0.4300
2014-09-01,2014,9,East,Ohio,Consumer,Office Supplies,Binders,2,10,66.4260,-48.8792,-0.7358
2014-09-01,2014,9,East,Ohio,Consumer,Office Supplies,Storage,1,2,264.3200,19.8240,0.0750
2014-09-01,2014,9,East,Ohio,Corporate,Office Supplies,Appliances,1,6,795.4080,59.6556,0.0750
2014-09-01,2014,9,East,Ohio,Home Office,Furniture,Furnishings,1,6,60.6720,12.8928,0.2125
2014-09-01,2014,9,East,Ohio,Home Office,Office Supplies,Appliances,1,6,16.7040,1.2528,0.0750
2014-09-01,2014,9,East,Ohio,Home Office,Office Supplies,Art,1,9,30.8160,2.6964,0.0875
2014-09-01,2014,9,East,Ohio,Home Office,Office Supplies,Paper,2,13,61.6960,21.1824,0.3433
2014-09-01,2014,9,East,Ohio,Home Office,Technology,Accessories,1,2,3.1520,0.4728,0.1500
2014-09-01,2014,9,East,Pennsylvania,Consumer,Furniture,Furnishings,1,3,17.4720,5.0232,0.2875
2014-09-01,2014,9,East,Pennsylvania,Consumer,Office Supplies,Binders,1,3,6.5700,-5.0370,-0.7667
2014-09-01,2014,9,East,Pennsylvania,Consumer,Office Supplies,Paper,2,6,31.1040,10.8864,0.3500
2014-09-01,2014,9,East,Pennsylvania,Consumer,Technology,Accessories,2,11,316.7040,48.6972,0.1538
2014-09-01,2014,9,East,Pennsylvania,Consumer,Technology,Phones,1,1,135.5160,-31.6204,-0.2333
2014-09-01,2014,9,East,Pennsylvania,Corporate,Furniture,Furnishings,3,7,167.4880,30.1296,0.1799
2014-09-01,2014,9,East,Pennsylvania,Corporate,Furniture,Tables,1,3,476.4480,-102.0072,-0.2141
2014-09-01,2014,9,East,Pennsylvania,Corporate,Office Supplies,Appliances,2,9,185.3280,17.4984,0.0944
2014-09-01,2014,9,East,Pennsylvania,Corporate,Office Supplies,Art,1,3,4.2240,1.4784,0.3500
2014-09-01,2014,9,East,Pennsylvania,Corporate,Office Supplies,Binders,1,5,5.9700,-4.5770,-0.7667
2014-09-01,2014,9,East,Pennsylvania,Corporate,Office Supplies,Labels,1,11,55.4400,18.0180,0.3250
2014-09-01,2014,9,East,Pennsylvania,Corporate,Office Supplies,Paper,1,4,20.9280,6.8016,0.3250
2014-09-01,2014,9,East,Pennsylvania,Corporate,Office Supplies,Storage,2,7,1866.4160,-352.3824,-0.1888
2014-09-01,2014,9,East,Pennsylvania,Corporate,Technology,Machines,1,4,399.5400,-559.3560,-1.4000
2014-09-01,2014,9,East,Pennsylvania,Corporate,Technology,Phones,1,3,32.3820,4.3176,0.1333
2014-09-01,2014,9,East,Pennsylvania,Home Office,Office Supplies,Binders,1,4,5.8920,-4.1244,-0.7000
2014-09-01,2014,9,East,Pennsylvania,Home Office,Office Supplies,Labels,1,9,20.8080,7.0227,0.3375
2014-09-01,2014,9,East,Pennsylvania,Home Office,Office Supplies,Paper,1,3,11.3520,4.1151,0.3625
2014-09-01,2014,9,South,Arkansas,Consumer,Office Supplies,Binders,1,2,1793.9800,843.1706,0.4700
2014-09-01,2014,9,South,Florida,Consumer,Furniture,Furnishings,3,9,382.2000,22.6277,0.0592
2014-09-01,2014,9,South,Florida,Consumer,Office Supplies,Appliances,1,5,13.0000,1.3000,0.1000
2014-09-01,2014,9,South,Florida,Consumer,Office Supplies,Labels,1,2,4.6080,1.6704,0.3625
2014-09-01,2014,9,South,Florida,Consumer,Office Supplies,Paper,1,3,15.5520,5.4432,0.3500
2014-09-01,2014,9,South,Florida,Corporate,Office Supplies,Art,1,2,2.8160,0.9856,0.3500
2014-09-01,2014,9,South,Georgia,Consumer,Furniture,Furnishings,1,5,142.4000,52.6880,0.3700
2014-09-01,2014,9,South,Georgia,Consumer,Office Supplies,Binders,1,2,7.1600,3.4368,0.4800
2014-09-01,2014,9,South,Georgia,Corporate,Technology,Accessories,1,7,116.8500,43.0551,0.3685
2014-09-01,2014,9,South,North Carolina,Consumer,Office Supplies,Paper,1,1,4.6240,1.6762,0.3625
2014-09-01,2014,9,South,North Carolina,Consumer,Office Supplies,Storage,1,6,67.3440,7.5762,0.1125
2014-09-01,2014,9,South,North Carolina,Consumer,Technology,Accessories,1,2,47.9840,13.1956,0.2750
2014-09-01,2014,9,South,North Carolina,Consumer,Technology,Machines,2,5,3924.9750,-1516.9902,-0.3865
2014-09-01,2014,9,South,North Carolina,Corporate,Office Supplies,Appliances,1,5,166.8400,18.7695,0.1125
2014-09-01,2014,9,South,North Carolina,Corporate,Office Supplies,Binders,1,7,18.6480,-12.4320,-0.6667
2014-09-01,2014,9,South,North Carolina,Corporate,Office Supplies,Paper,2,12,117.3120,38.6528,0.3295
2014-09-01,2014,9,South,North Carolina,Corporate,Technology,Accessories,1,1,15.2160,2.2824,0.1500
2014-09-01,2014,9,South,Tennessee,Consumer,Office Supplies,Appliances,1,6,69.2160,11.2476,0.1625
2014-09-01,2014,9,South,Virginia,Consumer,Office Supplies,Fasteners,1,9,45.0000,21.6000,0.4800
2014-09-01,2014,9,South,Virginia,Consumer,Technology,Machines,1,3,209.9700,90.2871,0.4300
2014-09-01,2014,9,South,Virginia,Home Office,Office Supplies,Binders,1,2,9.6400,4.7236,0.4900
2014-09-01,2014,9,West,Arizona,Corporate,Furniture,Tables,1,1,73.9150,-45.8273,-0.6200
2014-09-01,2014,9,West,Arizona,Corporate,Office Supplies,Storage,1,5,79.4000,5.9550,0.0750
2014-09-01,2014,9,West,California,Consumer,Furniture,Chairs,2,7,749.4880,45.2940,0.0604
2014-09-01,2014,9,West,California,Consumer,Furniture,Furnishings,2,5,332.5500,74.9475,0.2254
2014-09-01,2014,9,West,California,Consumer,Office Supplies,Art,2,6,113.4600,31.1178,0.2743
2014-09-01,2014,9,West,California,Consumer,Office Supplies,Binders,1,2,8.6080,3.0128,0.3500
2014-09-01,2014,9,West,California,Consumer,Office Supplies,Envelopes,2,10,276.8500,130.1195,0.4700
2014-09-01,2014,9,West,California,Consumer,Office Supplies,Fasteners,1,4,8.7200,2.8776,0.3300
2014-09-01,2014,9,West,California,Consumer,Office Supplies,Labels,1,2,9.9600,4.5816,0.4600
2014-09-01,2014,9,West,California,Consumer,Office Supplies,Paper,4,19,168.0500,80.7389,0.4804
2014-09-01,2014,9,West,California,Consumer,Office Supplies,Storage,3,12,484.2700,68.0363,0.1405
2014-09-01,2014,9,West,California,Consumer,Technology,Accessories,1,2,49.9800,8.4966,0.1700
2014-09-01,2014,9,West,California,Consumer,Technology,Machines,1,2,686.3200,223.0540,0.3250
2014-09-01,2014,9,West,California,Consumer,Technology,Phones,1,2,239.9840,23.9984,0.1000
2014-09-01,2014,9,West,California,Corporate,Furniture,Bookcases,1,3,435.9990,20.5176,0.0471
2014-09-01,2014,9,West,California,Corporate,Furniture,Furnishings,1,6,41.8800,12.1452,0.2900
2014-09-01,2014,9,West,California,Corporate,Office Supplies,Binders,1,5,83.9200,31.4700,0.3750
2014-09-01,2014,9,West,California,Corporate,Office Supplies,Fasteners,1,2,7.1600,3.5800,0.5000
2014-09-01,2014,9,West,California,Corporate,Office Supplies,Labels,1,8,58.4800,27.4856,0.4700
2014-09-01,2014,9,West,California,Corporate,Office Supplies,Paper,2,4,29.1200,13.5152,0.4641
2014-09-01,2014,9,West,California,Corporate,Office Supplies,Supplies,1,4,27.3600,7.3872,0.2700
2014-09-01,2014,9,West,California,Corporate,Technology,Phones,1,2,83.9840,31.4940,0.3750
2014-09-01,2014,9,West,California,Home Office,Furniture,Chairs,1,3,585.5520,73.1940,0.1250
2014-09-01,2014,9,West,California,Home Office,Office Supplies,Appliances,2,9,100.5700,36.2179,0.3601
2014-09-01,2014,9,West,California,Home Office,Office Supplies,Binders,1,3,20.2320,6.5754,0.3250
2014-09-01,2014,9,West,California,Home Office,Office Supplies,Fasteners,2,5,9.6900,2.0832,0.2150
2014-09-01,2014,9,West,California,Home Office,Office Supplies,Paper,1,3,19.4400,9.3312,0.4800
2014-09-01,2014,9,West,California,Home Office,Office Supplies,Storage,1,1,14.9700,4.1916,0.2800
2014-09-01,2014,9,West,Colorado,Home Office,Office Supplies,Art,1,2,14.5760,2.3686,0.1625
2014-09-01,2014,9,West,Oregon,Consumer,Furniture,Chairs,1,5,1487.0400,148.7040,0.1000
2014-09-01,2014,9,West,Oregon,Consumer,Office Supplies,Art,1,5,43.5040,5.2412,0.1205
2014-09-01,2014,9,West,Oregon,Consumer,Office Supplies,Envelopes,1,7,21.7280,7.6048,0.3500
2014-09-01,2014,9,West,Oregon,Consumer,Office Supplies,Paper,1,11,188.9440,59.5480,0.3152
2014-09-01,2014,9,West,Oregon,Consumer,Technology,Accessories,1,10,55.9200,16.7760,0.3000
2014-09-01,2014,9,West,Oregon,Consumer,Technology,Machines,1,5,29.9250,-21.9450,-0.7333
2014-09-01,2014,9,West,Washington,Consumer,Furniture,Chairs,1,5,975.9200,121.9900,0.1250
2014-09-01,2014,9,West,Washington,Consumer,Furniture,Furnishings,2,5,49.5300,18.9633,0.3829
2014-09-01,2014,9,West,Washington,Consumer,Office Supplies,Appliances,1,2,22.6600,9.7438,0.4300
2014-09-01,2014,9,West,Washington,Consumer,Office Supplies,Art,1,10,309.7200,93.7980,0.3028
2014-09-01,2014,9,West,Washington,Consumer,Office Supplies,Binders,3,14,190.4640,62.9510,0.3305
2014-09-01,2014,9,West,Washington,Consumer,Office Supplies,Fasteners,1,5,5.7000,2.6790,0.4700
2014-09-01,2014,9,West,Washington,Consumer,Office Supplies,Paper,1,1,48.9400,24.4700,0.5000
2014-09-01,2014,9,West,Washington,Consumer,Office Supplies,Storage,3,16,1381.8400,190.3393,0.1377
2014-09-01,2014,9,West,Washington,Consumer,Office Supplies,Supplies,1,2,7.3000,2.1900,0.3000
2014-09-01,2014,9,West,Washington,Consumer,Technology,Accessories,1,8,462.9400,156.9356,0.3390
2014-09-01,2014,9,West,Washington,Consumer,Technology,Copiers,1,3,1799.9700,701.9883,0.3900
2014-09-01,2014,9,West,Washington,Consumer,Technology,Phones,1,2,246.3840,27.7182,0.1125
2014-09-01,2014,9,West,Washington,Corporate,Office Supplies,Storage,1,6,92.5200,24.9804,0.2700
2014-09-01,2014,9,West,Washington,Home Office,Furniture,Furnishings,1,2,6.1600,2.9568,0.4800
2014-09-01,2014,9,West,Washington,Home Office,Furniture,Tables,1,9,2348.8200,399.2994,0.1700
2014-09-01,2014,9,West,Washington,Home Office,Office Supplies,Storage,1,2,310.1200,80.6312,0.2600
2014-10-01,2014,10,Central,Illinois,Consumer,Furniture,Chairs,1,3,258.2790,-70.1043,-0.2714
2014-10-01,2014,10,Central,Illinois,Consumer,Office Supplies,Binders,1,3,2.9460,-4.8609,-1.6500
2014-10-01,2014,10,Central,Illinois,Consumer,Office Supplies,Paper,1,17,341.3280,107.6218,0.3153
2014-10-01,2014,10,Central,Illinois,Consumer,Technology,Phones,1,6,2735.9520,341.9940,0.1250
2014-10-01,2014,10,Central,Illinois,Corporate,Office Supplies,Supplies,1,2,22.2400,2.5020,0.1125
2014-10-01,2014,10,Central,Illinois,Home Office,Office Supplies,Binders,1,1,8.6820,-14.7594,-1.7000
2014-10-01,2014,10,Central,Illinois,Home Office,Office Supplies,Labels,1,1,24.4240,7.9378,0.3250
2014-10-01,2014,10,Central,Illinois,Home Office,Office Supplies,Paper,1,1,3.8080,1.2376,0.3250
2014-10-01,2014,10,Central,Illinois,Home Office,Office Supplies,Storage,1,3,505.3200,31.5825,0.0625
2014-10-01,2014,10,Central,Illinois,Home Office,Technology,Accessories,1,4,319.9680,71.9928,0.2250
2014-10-01,2014,10,Central,Indiana,Corporate,Office Supplies,Paper,1,2,75.8800,35.6636,0.4700
2014-10-01,2014,10,Central,Indiana,Corporate,Office Supplies,Storage,1,2,386.3400,54.0876,0.1400
2014-10-01,2014,10,Central,Indiana,Corporate,Technology,Accessories,1,2,1.9800,0.8910,0.4500
2014-10-01,2014,10,Central,Kansas,Corporate,Technology,Phones,1,2,257.9800,74.8142,0.2900
2014-10-01,2014,10,Central,Michigan,Consumer,Office Supplies,Storage,1,4,211.9600,8.4784,0.0400
2014-10-01,2014,10,Central,Nebraska,Corporate,Office Supplies,Binders,1,2,15.3600,7.6800,0.5000
2014-10-01,2014,10,Central,Texas,Consumer,Furniture,Furnishings,2,5,37.0880,-20.6592,-0.5570
2014-10-01,2014,10,Central,Texas,Consumer,Office Supplies,Appliances,1,4,3.1600,-8.5320,-2.7000
2014-10-01,2014,10,Central,Texas,Consumer,Office Supplies,Binders,2,8,12.5680,-20.2876,-1.6142
2014-10-01,2014,10,Central,Texas,Consumer,Office Supplies,Fasteners,1,7,19.4160,-2.8992,-0.1493
2014-10-01,2014,10,Central,Texas,Consumer,Office Supplies,Labels,1,2,4.9280,1.7248,0.3500
2014-10-01,2014,10,Central,Texas,Consumer,Technology,Accessories,1,3,119.9760,-17.9964,-0.1500
2014-10-01,2014,10,Central,Texas,Consumer,Technology,Copiers,1,5,1999.9600,624.9875,0.3125
2014-10-01,2014,10,Central,Texas,Corporate,Office Supplies,Binders,1,6,12.8780,-20.7395,-1.6105
2014-10-01,2014,10,Central,Texas,Corporate,Office Supplies,Storage,1,10,107.4400,10.7440,0.1000
2014-10-01,2014,10,Central,Texas,Corporate,Technology,Phones,1,13,1475.8960,138.1403,0.0936
2014-10-01,2014,10,East,Massachusetts,Consumer,Furniture,Chairs,1,9,1628.8200,260.6112,0.1600
2014-10-01,2014,10,East,Massachusetts,Consumer,Office Supplies,Storage,1,7,79.4500,22.2460,0.2800
2014-10-01,2014,10,East,Massachusetts,Consumer,Technology,Accessories,1,3,177.0000,30.0900,0.1700
2014-10-01,2014,10,East,New Hampshire,Corporate,Office Supplies,Binders,1,4,22.9200,11.0016,0.4800
2014-10-01,2014,10,East,New Hampshire,Corporate,Office Supplies,Storage,1,5,269.9000,16.1940,0.0600
2014-10-01,2014,10,East,New Jersey,Corporate,Furniture,Chairs,1,2,245.9800,27.0578,0.1100
2014-10-01,2014,10,East,New Jersey,Corporate,Office Supplies,Binders,1,1,18.9400,9.4700,0.5000
2014-10-01,2014,10,East,New York,Consumer,Furniture,Chairs,1,5,589.4100,-6.5490,-0.0111
2014-10-01,2014,10,East,New York,Consumer,Office Supplies,Paper,1,4,123.9200,55.7640,0.4500
2014-10-01,2014,10,East,New York,Corporate,Office Supplies,Binders,1,3,7.7520,2.8101,0.3625
2014-10-01,2014,10,East,Ohio,Consumer,Furniture,Chairs,1,2,183.3720,-7.8588,-0.0429
2014-10-01,2014,10,East,Ohio,Consumer,Furniture,Tables,1,3,409.5900,-122.8770,-0.3000
2014-10-01,2014,10,East,Ohio,Consumer,Office Supplies,Appliances,2,9,213.7120,25.1916,0.1179
2014-10-01,2014,10,East,Ohio,Consumer,Office Supplies,Art,1,2,55.9840,4.1988,0.0750
2014-10-01,2014,10,East,Ohio,Consumer,Office Supplies,Binders,1,2,18.2640,-13.3936,-0.7333
2014-10-01,2014,10,East,Ohio,Consumer,Office Supplies,Envelopes,1,5,14.4800,4.8870,0.3375
2014-10-01,2014,10,East,Ohio,Consumer,Office Supplies,Paper,1,2,7.9680,2.8884,0.3625
2014-10-01,2014,10,East,Ohio,Consumer,Technology,Accessories,1,3,142.4880,-3.5622,-0.0250
2014-10-01,2014,10,East,Ohio,Consumer,Technology,Machines,1,2,101.9940,-71.3958,-0.7000
2014-10-01,2014,10,East,Ohio,Corporate,Furniture,Tables,1,8,1421.6640,-734.5264,-0.5167
2014-10-01,2014,10,East,Ohio,Home Office,Furniture,Furnishings,1,4,93.8880,12.9096,0.1375
2014-10-01,2014,10,East,Pennsylvania,Consumer,Office Supplies,Binders,1,3,13.6980,-9.5886,-0.7000
2014-10-01,2014,10,East,Pennsylvania,Consumer,Office Supplies,Envelopes,1,3,201.4320,67.9833,0.3375
2014-10-01,2014,10,East,Pennsylvania,Consumer,Office Supplies,Storage,2,7,365.8240,-3.0656,-0.0084
2014-10-01,2014,10,East,Pennsylvania,Consumer,Technology,Accessories,1,3,40.7760,0.5097,0.0125
2014-10-01,2014,10,East,Pennsylvania,Corporate,Office Supplies,Envelopes,1,6,52.5120,19.6920,0.3750
2014-10-01,2014,10,East,Pennsylvania,Corporate,Office Supplies,Paper,1,4,10.0480,3.1400,0.3125
2014-10-01,2014,10,East,Pennsylvania,Corporate,Office Supplies,Storage,1,6,186.9120,-35.0460,-0.1875
2014-10-01,2014,10,East,Pennsylvania,Home Office,Furniture,Furnishings,1,5,129.9200,21.1120,0.1625
2014-10-01,2014,10,East,Rhode Island,Consumer,Furniture,Chairs,1,5,1604.9000,481.4700,0.3000
2014-10-01,2014,10,East,Rhode Island,Consumer,Furniture,Furnishings,1,5,32.4300,12.0552,0.3717
2014-10-01,2014,10,East,Rhode Island,Consumer,Furniture,Tables,1,1,385.6860,-60.6078,-0.1571
2014-10-01,2014,10,East,Rhode Island,Consumer,Office Supplies,Art,1,5,49.2500,18.7150,0.3800
2014-10-01,2014,10,East,Rhode Island,Consumer,Office Supplies,Binders,1,2,34.0800,15.6768,0.4600
2014-10-01,2014,10,East,Rhode Island,Consumer,Office Supplies,Paper,1,2,10.1600,4.7752,0.4700
2014-10-01,2014,10,South,Alabama,Corporate,Furniture,Chairs,1,6,545.8800,70.9644,0.1300
2014-10-01,2014,10,South,Alabama,Corporate,Office Supplies,Storage,1,3,275.9700,11.0388,0.0400
2014-10-01,2014,10,South,Alabama,Corporate,Technology,Phones,1,5,1394.9500,362.6870,0.2600
2014-10-01,2014,10,South,Arkansas,Corporate,Furniture,Chairs,1,6,605.3400,145.2816,0.2400
2014-10-01,2014,10,South,Arkansas,Corporate,Furniture,Furnishings,1,4,8.9200,3.9248,0.4400
2014-10-01,2014,10,South,Arkansas,Corporate,Office Supplies,Labels,1,1,7.3100,3.4357,0.4700
2014-10-01,2014,10,South,Florida,Consumer,Furniture,Furnishings,1,1,15.3840,4.0383,0.2625
2014-10-01,2014,10,South,Florida,Home Office,Office Supplies,Paper,1,2,10.3680,3.6288,0.3500
2014-10-01,2014,10,South,Louisiana,Corporate,Furniture,Furnishings,1,4,129.9200,10.3936,0.0800
2014-10-01,2014,10,South,North Carolina,Consumer,Technology,Accessories,1,3,23.4720,4.9878,0.2125
2014-10-01,2014,10,South,North Carolina,Corporate,Office Supplies,Paper,1,2,88.7680,31.0688,0.3500
2014-10-01,2014,10,South,North Carolina,Home Office,Office Supplies,Art,1,3,6.1920,0.4644,0.0750
2014-10-01,2014,10,South,North Carolina,Home Office,Office Supplies,Paper,1,5,22.3200,7.6626,0.3433
2014-10-01,2014,10,South,North Carolina,Home Office,Office Supplies,Storage,1,2,61.5680,4.6176,0.0750
2014-10-01,2014,10,South,South Carolina,Consumer,Office Supplies,Fasteners,1,3,11.8500,3.7920,0.3200
2014-10-01,2014,10,South,Tennessee,Corporate,Furniture,Tables,1,3,328.5900,-147.8655,-0.4500
2014-10-01,2014,10,South,Tennessee,Corporate,Office Supplies,Storage,1,3,98.3520,-24.5880,-0.2500
2014-10-01,2014,10,South,Virginia,Corporate,Furniture,Tables,1,4,591.3200,112.3508,0.1900
2014-10-01,2014,10,South,Virginia,Corporate,Office Supplies,Art,1,1,2.8400,0.8804,0.3100
2014-10-01,2014,10,South,Virginia,Corporate,Office Supplies,Storage,1,5,194.7000,9.7350,0.0500
2014-10-01,2014,10,South,Virginia,Home Office,Office Supplies,Binders,1,3,15.1800,7.1346,0.4700
2014-10-01,2014,10,South,Virginia,Home Office,Office Supplies,Envelopes,1,5,36.4000,17.4720,0.4800
2014-10-01,2014,10,South,Virginia,Home Office,Office Supplies,Storage,1,4,315.2000,6.3040,0.0200
2014-10-01,2014,10,South,Virginia,Home Office,Technology,Accessories,1,2,22.9600,4.3624,0.1900
2014-10-01,2014,10,West,Arizona,Consumer,Technology,Phones,1,8,742.3360,83.5128,0.1125
2014-10-01,2014,10,West,Arizona,Corporate,Office Supplies,Envelopes,1,6,12.7680,4.6284,0.3625
2014-10-01,2014,10,West,Arizona,Corporate,Office Supplies,Fasteners,1,2,4.6720,1.4600,0.3125
2014-10-01,2014,10,West,Arizona,Corporate,Office Supplies,Paper,1,2,9.4080,3.4104,0.3625
2014-10-01,2014,10,West,Arizona,Corporate,Office Supplies,Supplies,1,2,15.3600,-3.2640,-0.2125
2014-10-01,2014,10,West,Arizona,Corporate,Technology,Accessories,1,1,7.1600,-0.0895,-0.0125
2014-10-01,2014,10,West,Arizona,Corporate,Technology,Phones,1,5,548.7760,127.6179,0.2326
2014-10-01,2014,10,West,Arizona,Home Office,Furniture,Furnishings,1,7,46.8720,3.5154,0.0750
2014-10-01,2014,10,West,California,Consumer,Furniture,Chairs,1,2,433.5680,-65.0352,-0.1500
2014-10-01,2014,10,West,California,Consumer,Office Supplies,Art,2,8,159.5000,46.1060,0.2891
2014-10-01,2014,10,West,California,Consumer,Office Supplies,Binders,3,8,144.2720,47.2472,0.3275
2014-10-01,2014,10,West,California,Consumer,Office Supplies,Envelopes,1,1,7.6400,3.7436,0.4900
2014-10-01,2014,10,West,California,Consumer,Office Supplies,Labels,1,5,14.4500,6.7915,0.4700
2014-10-01,2014,10,West,California,Consumer,Office Supplies,Paper,1,3,13.4400,6.5856,0.4900
2014-10-01,2014,10,West,California,Consumer,Office Supplies,Storage,2,5,53.3100,14.5023,0.2720
2014-10-01,2014,10,West,California,Consumer,Technology,Accessories,3,8,289.0400,123.2875,0.4265
2014-10-01,2014,10,West,California,Consumer,Technology,Phones,1,1,15.9920,-2.9985,-0.1875
2014-10-01,2014,10,West,California,Corporate,Furniture,Bookcases,1,6,616.9980,-36.2940,-0.0588
2014-10-01,2014,10,West,California,Corporate,Furniture,Chairs,2,6,268.7040,4.6176,0.0172
2014-10-01,2014,10,West,California,Corporate,Furniture,Tables,1,1,143.4320,3.5858,0.0250
2014-10-01,2014,10,West,California,Corporate,Office Supplies,Art,1,3,12.3900,3.7170,0.3000
2014-10-01,2014,10,West,California,Corporate,Office Supplies,Binders,5,21,151.2720,52.6081,0.3478
2014-10-01,2014,10,West,California,Corporate,Office Supplies,Fasteners,1,3,11.3400,5.2164,0.4600
2014-10-01,2014,10,West,California,Corporate,Office Supplies,Labels,1,5,18.7500,9.0000,0.4800
2014-10-01,2014,10,West,California,Corporate,Office Supplies,Paper,2,16,211.4700,99.3909,0.4700
2014-10-01,2014,10,West,California,Corporate,Office Supplies,Storage,2,14,627.3400,71.2252,0.1135
2014-10-01,2014,10,West,California,Corporate,Office Supplies,Supplies,1,4,487.0200,14.4850,0.0297
2014-10-01,2014,10,West,California,Corporate,Technology,Accessories,1,9,251.9100,47.8629,0.1900
2014-10-01,2014,10,West,California,Corporate,Technology,Phones,1,3,117.5760,11.7576,0.1000
2014-10-01,2014,10,West,California,Home Office,Furniture,Chairs,1,3,122.3520,13.7646,0.1125
2014-10-01,2014,10,West,California,Home Office,Office Supplies,Envelopes,1,2,15.2800,7.4872,0.4900
2014-10-01,2014,10,West,California,Home Office,Technology,Phones,2,8,395.1360,28.3752,0.0718
2014-10-01,2014,10,West,Nevada,Home Office,Office Supplies,Fasteners,1,1,4.7100,0.0000,0.0000
2014-10-01,2014,10,West,New Mexico,Corporate,Office Supplies,Art,1,7,255.8500,112.5740,0.4400
2014-10-01,2014,10,West,Washington,Consumer,Furniture,Furnishings,1,4,63.9200,3.1960,0.0500
2014-10-01,2014,10,West,Washington,Consumer,Furniture,Tables,1,5,1298.5500,311.6520,0.2400
2014-10-01,2014,10,West,Washington,Consumer,Office Supplies,Appliances,1,4,213.9200,62.0368,0.2900
2014-10-01,2014,10,West,Washington,Consumer,Office Supplies,Art,1,4,11.5200,3.2256,0.2800
2014-10-01,2014,10,West,Washington,Consumer,Office Supplies,Binders,1,1,1.3440,0.4704,0.3500
2014-10-01,2014,10,West,Washington,Consumer,Office Supplies,Labels,1,4,29.2400,13.7428,0.4700
2014-10-01,2014,10,West,Washington,Consumer,Office Supplies,Paper,1,2,61.9600,27.8820,0.4500
2014-10-01,2014,10,West,Washington,Consumer,Technology,Accessories,1,2,25.7800,2.5780,0.1000
2014-10-01,2014,10,West,Washington,Consumer,Technology,Phones,1,5,383.9600,38.3960,0.1000
2014-10-01,2014,10,West,Washington,Home Office,Furniture,Furnishings,1,11,63.4700,19.0410,0.3000
2014-10-01,2014,10,West,Washington,Home Office,Technology,Accessories,1,5,345.0000,58.6500,0.1700
2014-11-01,2014,11,Central,Illinois,Consumer,Furniture,Bookcases,1,6,424.1160,-30.2940,-0.0714
2014-11-01,2014,11,Central,Illinois,Consumer,Furniture,Chairs,2,6,835.2400,-58.0616,-0.0695
2014-11-01,2014,11,Central,Illinois,Consumer,Furniture,Furnishings,2,4,19.5280,-15.4394,-0.7906
2014-11-01,2014,11,Central,Illinois,Consumer,Furniture,Tables,1,4,292.1000,-175.2600,-0.6000
2014-11-01,2014,11,Central,Illinois,Consumer,Office Supplies,Binders,1,3,2.8920,-4.9164,-1.7000
2014-11-01,2014,11,Central,Illinois,Consumer,Office Supplies,Storage,2,10,1027.9200,-74.8785,-0.0728
2014-11-01,2014,11,Central,Illinois,Corporate,Office Supplies,Binders,1,5,14.4800,-23.8920,-1.6500
2014-11-01,2014,11,Central,Illinois,Corporate,Office Supplies,Fasteners,1,2,12.6240,3.9450,0.3125
2014-11-01,2014,11,Central,Illinois,Corporate,Office Supplies,Paper,1,3,15.6960,5.1012,0.3250
2014-11-01,2014,11,Central,Illinois,Home Office,Office Supplies,Binders,1,5,9.9800,-16.4670,-1.6500
2014-11-01,2014,11,Central,Indiana,Corporate,Office Supplies,Envelopes,1,6,64.0200,29.4492,0.4600
2014-11-01,2014,11,Central,Indiana,Home Office,Office Supplies,Binders,1,4,29.1200,14.2688,0.4900
2014-11-01,2014,11,Central,Indiana,Home Office,Office Supplies,Envelopes,1,5,78.3500,36.8245,0.4700
2014-11-01,2014,11,Central,Indiana,Home Office,Office Supplies,Paper,1,6,31.6800,14.2560,0.4500
2014-11-01,2014,11,Central,Indiana,Home Office,Office Supplies,Storage,1,5,169.4500,42.3625,0.2500
2014-11-01,2014,11,Central,Kansas,Home Office,Technology,Phones,1,2,273.9600,10.9584,0.0400
2014-11-01,2014,11,Central,Michigan,Consumer,Furniture,Chairs,1,3,563.9400,112.7880,0.2000
2014-11-01,2014,11,Central,Michigan,Consumer,Office Supplies,Art,1,2,3.9000,1.5210,0.3900
2014-11-01,2014,11,Central,Michigan,Consumer,Office Supplies,Binders,2,10,38.9100,18.7530,0.4820
2014-11-01,2014,11,Central,Michigan,Consumer,Office Supplies,Paper,1,6,28.6800,12.9060,0.4500
2014-11-01,2014,11,Central,Michigan,Consumer,Office Supplies,Storage,1,6,598.3500,172.5816,0.2884
2014-11-01,2014,11,Central,Michigan,Corporate,Office Supplies,Art,1,4,151.9200,45.5760,0.3000
2014-11-01,2014,11,Central,Michigan,Corporate,Office Supplies,Labels,1,2,196.6200,96.3438,0.4900
2014-11-01,2014,11,Central,Michigan,Corporate,Office Supplies,Paper,1,5,160.0800,77.1576,0.4820
2014-11-01,2014,11,Central,Minnesota,Consumer,Office Supplies,Storage,1,4,221.1600,57.5016,0.2600
2014-11-01,2014,11,Central,Minnesota,Consumer,Technology,Phones,1,3,281.9700,78.9516,0.2800
2014-11-01,2014,11,Central,Minnesota,Corporate,Office Supplies,Storage,1,5,67.1500,16.7875,0.2500
2014-11-01,2014,11,Central,Minnesota,Home Office,Furniture,Chairs,1,5,479.9000,81.5830,0.1700
2014-11-01,2014,11,Central,Missouri,Consumer,Technology,Accessories,1,7,111.7900,43.5981,0.3900
2014-11-01,2014,11,Central,Nebraska,Corporate,Technology,Accessories,1,3,89.9700,18.8937,0.2100
2014-11-01,2014,11,Central,Texas,Consumer,Furniture,Chairs,1,4,683.1440,0.0000,0.0000
2014-11-01,2014,11,Central,Texas,Consumer,Furniture,Furnishings,2,8,44.4280,-21.3852,-0.4813
2014-11-01,2014,11,Central,Texas,Consumer,Office Supplies,Art,1,3,67.5600,6.7560,0.1000
2014-11-01,2014,11,Central,Texas,Consumer,Office Supplies,Binders,3,10,906.6280,-1495.3067,-1.6493
2014-11-01,2014,11,Central,Texas,Consumer,Office Supplies,Envelopes,2,12,611.7360,206.5494,0.3376
2014-11-01,2014,11,Central,Texas,Consumer,Office Supplies,Paper,1,13,284.0560,102.9703,0.3625
2014-11-01,2014,11,Central,Texas,Consumer,Office Supplies,Storage,1,4,49.6320,4.9632,0.1000
2014-11-01,2014,11,Central,Texas,Consumer,Office Supplies,Supplies,1,7,40.7120,3.5623,0.0875
2014-11-01,2014,11,Central,Texas,Consumer,Technology,Accessories,1,2,127.9840,25.5968,0.2000
2014-11-01,2014,11,Central,Texas,Consumer,Technology,Machines,1,5,998.8500,-199.7700,-0.2000
2014-11-01,2014,11,Central,Texas,Consumer,Technology,Phones,2,8,478.4320,39.5454,0.0827
2014-11-01,2014,11,Central,Texas,Corporate,Furniture,Bookcases,1,1,67.9932,-12.9987,-0.1912
2014-11-01,2014,11,Central,Texas,Corporate,Furniture,Chairs,1,2,155.3720,-35.5136,-0.2286
2014-11-01,2014,11,Central,Texas,Corporate,Furniture,Furnishings,2,5,12.4640,-6.5096,-0.5223
2014-11-01,2014,11,Central,Texas,Corporate,Furniture,Tables,1,5,1218.7350,-121.8735,-0.1000
2014-11-01,2014,11,Central,Texas,Corporate,Office Supplies,Appliances,1,3,34.1760,-87.1488,-2.5500
2014-11-01,2014,11,Central,Texas,Corporate,Office Supplies,Art,1,1,2.6720,0.3340,0.1250
2014-11-01,2014,11,Central,Texas,Corporate,Office Supplies,Binders,1,3,26.0460,-44.2782,-1.7000
2014-11-01,2014,11,Central,Texas,Corporate,Office Supplies,Envelopes,2,4,75.9840,27.5034,0.3620
2014-11-01,2014,11,Central,Texas,Corporate,Office Supplies,Labels,1,3,8.4240,2.8746,0.3412
2014-11-01,2014,11,Central,Texas,Corporate,Office Supplies,Paper,3,14,72.7200,25.0596,0.3446
2014-11-01,2014,11,Central,Texas,Corporate,Office Supplies,Supplies,1,6,16.6560,-3.1230,-0.1875
2014-11-01,2014,11,Central,Texas,Corporate,Technology,Accessories,3,13,109.7280,22.5351,0.2054
2014-11-01,2014,11,Central,Texas,Corporate,Technology,Phones,1,5,267.9600,16.7475,0.0625
2014-11-01,2014,11,Central,Texas,Home Office,Office Supplies,Labels,1,2,23.6800,8.8800,0.3750
2014-11-01,2014,11,Central,Wisconsin,Consumer,Office Supplies,Appliances,1,6,245.8800,68.8464,0.2800
2014-11-01,2014,11,Central,Wisconsin,Consumer,Office Supplies,Binders,1,3,12.3900,5.8233,0.4700
2014-11-01,2014,11,Central,Wisconsin,Consumer,Office Supplies,Storage,2,11,725.0900,29.0785,0.0401
2014-11-01,2014,11,Central,Wisconsin,Corporate,Furniture,Chairs,1,3,392.9400,43.2234,0.1100
2014-11-01,2014,11,East,Connecticut,Consumer,Office Supplies,Binders,1,10,43.8000,21.0240,0.4800
2014-11-01,2014,11,East,Connecticut,Consumer,Office Supplies,Supplies,1,3,11.6400,3.3756,0.2900
2014-11-01,2014,11,East,Connecticut,Consumer,Technology,Phones,1,7,832.9300,233.2204,0.2800
2014-11-01,2014,11,East,Delaware,Corporate,Furniture,Bookcases,1,6,1025.8800,235.9524,0.2300
2014-11-01,2014,11,East,Delaware,Corporate,Furniture,Furnishings,1,3,124.4100,14.9292,0.1200
2014-11-01,2014,11,East,Delaware,Corporate,Office Supplies,Art,1,5,57.7500,26.5650,0.4600
2014-11-01,2014,11,East,Delaware,Corporate,Office Supplies,Binders,1,7,213.0800,102.2784,0.4800
2014-11-01,2014,11,East,Delaware,Corporate,Office Supplies,Labels,1,8,32.4600,15.3816,0.4739
2014-11-01,2014,11,East,Delaware,Corporate,Office Supplies,Storage,1,7,2934.3300,792.2691,0.2700
2014-11-01,2014,11,East,New Jersey,Corporate,Office Supplies,Appliances,1,2,76.1200,22.0748,0.2900
2014-11-01,2014,11,East,New Jersey,Corporate,Office Supplies,Binders,1,2,5.7600,2.8224,0.4900
2014-11-01,2014,11,East,New York,Consumer,Furniture,Bookcases,1,10,4007.8400,-50.0980,-0.0125
2014-11-01,2014,11,East,New York,Consumer,Furniture,Furnishings,2,12,121.0200,33.9426,0.2805
2014-11-01,2014,11,East,New York,Consumer,Office Supplies,Appliances,1,3,533.9400,154.8426,0.2900
2014-11-01,2014,11,East,New York,Consumer,Office Supplies,Binders,4,16,2256.7760,764.2303,0.3386
2014-11-01,2014,11,East,New York,Consumer,Office Supplies,Envelopes,1,4,62.2800,29.2716,0.4700
2014-11-01,2014,11,East,New York,Consumer,Office Supplies,Fasteners,1,2,3.7600,1.3160,0.3500
2014-11-01,2014,11,East,New York,Consumer,Office Supplies,Labels,3,22,164.5900,78.1706,0.4749
2014-11-01,2014,11,East,New York,Consumer,Office Supplies,Paper,1,3,167.9400,82.2906,0.4900
2014-11-01,2014,11,East,New York,Consumer,Technology,Phones,3,15,5612.7300,1526.0763,0.2719
2014-11-01,2014,11,East,New York,Corporate,Furniture,Furnishings,1,5,199.9000,39.9800,0.2000
2014-11-01,2014,11,East,New York,Corporate,Office Supplies,Binders,1,3,12.9600,4.5360,0.3500
2014-11-01,2014,11,East,New York,Corporate,Office Supplies,Envelopes,1,3,34.7400,17.3700,0.5000
2014-11-01,2014,11,East,New York,Corporate,Office Supplies,Fasteners,1,4,5.9200,2.8416,0.4800
2014-11-01,2014,11,East,New York,Corporate,Office Supplies,Paper,2,7,56.1000,26.3244,0.4692
2014-11-01,2014,11,East,New York,Corporate,Technology,Phones,1,6,833.9400,216.8244,0.2600
2014-11-01,2014,11,East,New York,Home Office,Furniture,Bookcases,1,3,275.9520,-37.9434,-0.1375
2014-11-01,2014,11,East,New York,Home Office,Furniture,Chairs,2,3,205.1460,38.7792,0.1890
2014-11-01,2014,11,East,New York,Home Office,Furniture,Furnishings,1,9,56.5200,21.4776,0.3800
2014-11-01,2014,11,East,New York,Home Office,Office Supplies,Binders,1,4,52.0640,18.8732,0.3625
2014-11-01,2014,11,East,New York,Home Office,Office Supplies,Paper,3,14,316.0700,153.9509,0.4871
2014-11-01,2014,11,East,New York,Home Office,Office Supplies,Storage,2,5,1161.4900,68.9670,0.0594
2014-11-01,2014,11,East,New York,Home Office,Office Supplies,Supplies,1,2,7.3000,2.1900,0.3000
2014-11-01,2014,11,East,New York,Home Office,Technology,Accessories,1,4,360.0000,129.6000,0.3600
2014-11-01,2014,11,East,New York,Home Office,Technology,Machines,1,2,3991.9800,1995.9900,0.5000
2014-11-01,2014,11,East,New York,Home Office,Technology,Phones,1,6,275.9400,80.0226,0.2900
2014-11-01,2014,11,East,Ohio,Consumer,Furniture,Furnishings,1,7,35.1680,9.6712,0.2750
2014-11-01,2014,11,East,Ohio,Consumer,Office Supplies,Art,1,1,2.6240,0.4264,0.1625
2014-11-01,2014,11,East,Ohio,Consumer,Office Supplies,Binders,2,11,31.0500,-22.1286,-0.7127
2014-11-01,2014,11,East,Ohio,Consumer,Technology,Phones,3,19,2102.1600,-370.5126,-0.1763
2014-11-01,2014,11,East,Ohio,Corporate,Furniture,Chairs,1,3,611.0580,-34.9176,-0.0571
2014-11-01,2014,11,East,Ohio,Corporate,Furniture,Furnishings,1,2,68.7040,16.3172,0.2375
2014-11-01,2014,11,East,Ohio,Corporate,Office Supplies,Binders,1,5,25.5600,-20.5524,-0.8041
2014-11-01,2014,11,East,Ohio,Corporate,Technology,Phones,1,5,1049.9700,-209.9940,-0.2000
2014-11-01,2014,11,East,Ohio,Home Office,Office Supplies,Binders,1,3,5.7420,-4.5936,-0.8000
2014-11-01,2014,11,East,Pennsylvania,Consumer,Furniture,Chairs,1,5,657.9300,-93.9900,-0.1429
2014-11-01,2014,11,East,Pennsylvania,Consumer,Furniture,Furnishings,2,5,333.8800,-28.9187,-0.0866
2014-11-01,2014,11,East,Pennsylvania,Consumer,Office Supplies,Binders,2,6,66.1350,-51.0192,-0.7714
2014-11-01,2014,11,East,Pennsylvania,Consumer,Office Supplies,Labels,1,2,5.0400,1.7640,0.3500
2014-11-01,2014,11,East,Pennsylvania,Consumer,Office Supplies,Paper,1,2,12.4480,3.8900,0.3125
2014-11-01,2014,11,East,Pennsylvania,Consumer,Office Supplies,Storage,2,7,1156.8880,-110.8267,-0.0958
2014-11-01,2014,11,East,Pennsylvania,Consumer,Office Supplies,Supplies,1,3,286.3440,-64.4274,-0.2250
2014-11-01,2014,11,East,Pennsylvania,Consumer,Technology,Accessories,2,8,157.4720,9.1622,0.0582
2014-11-01,2014,11,East,Pennsylvania,Consumer,Technology,Phones,1,6,539.9640,-107.9928,-0.2000
2014-11-01,2014,11,East,Pennsylvania,Corporate,Furniture,Bookcases,1,4,521.9600,-250.5408,-0.4800
2014-11-01,2014,11,East,Pennsylvania,Corporate,Furniture,Furnishings,1,2,23.9680,7.7896,0.3250
2014-11-01,2014,11,East,Pennsylvania,Corporate,Office Supplies,Envelopes,1,3,62.8080,21.1977,0.3375
2014-11-01,2014,11,East,Pennsylvania,Home Office,Office Supplies,Paper,1,1,5.8800,1.9845,0.3375
2014-11-01,2014,11,East,Rhode Island,Consumer,Furniture,Furnishings,1,2,52.9600,20.1248,0.3800
2014-11-01,2014,11,South,Alabama,Consumer,Office Supplies,Art,1,3,14.6700,3.9609,0.2700
2014-11-01,2014,11,South,Florida,Corporate,Office Supplies,Binders,1,9,6.6420,-4.4280,-0.6667
2014-11-01,2014,11,South,Florida,Home Office,Technology,Accessories,1,10,799.9200,239.9760,0.3000
2014-11-01,2014,11,South,Georgia,Consumer,Office Supplies,Paper,1,6,43.6800,20.9664,0.4800
2014-11-01,2014,11,South,Georgia,Corporate,Office Supplies,Appliances,1,3,675.1200,290.3016,0.4300
2014-11-01,2014,11,South,Georgia,Corporate,Office Supplies,Binders,1,5,319.9000,156.7510,0.4900
2014-11-01,2014,11,South,Georgia,Corporate,Office Supplies,Envelopes,1,5,27.5900,13.2919,0.4818
2014-11-01,2014,11,South,Georgia,Corporate,Office Supplies,Paper,1,2,9.9600,4.8804,0.4900
2014-11-01,2014,11,South,Kentucky,Corporate,Office Supplies,Art,2,6,11.1000,3.1098,0.2802
2014-11-01,2014,11,South,Kentucky,Corporate,Office Supplies,Paper,1,6,629.1000,301.9680,0.4800
2014-11-01,2014,11,South,Kentucky,Corporate,Office Supplies,Storage,2,5,263.4700,29.1631,0.1107
2014-11-01,2014,11,South,Kentucky,Corporate,Technology,Phones,1,1,36.9900,9.9873,0.2700
2014-11-01,2014,11,South,Louisiana,Home Office,Technology,Accessories,1,2,29.0000,7.2500,0.2500
2014-11-01,2014,11,South,Louisiana,Home Office,Technology,Phones,1,9,653.9100,173.0156,0.2646
2014-11-01,2014,11,South,North Carolina,Consumer,Furniture,Furnishings,1,3,410.3520,-51.2940,-0.1250
2014-11-01,2014,11,South,North Carolina,Consumer,Furniture,Tables,1,6,945.0360,-299.2614,-0.3167
2014-11-01,2014,11,South,North Carolina,Consumer,Office Supplies,Binders,1,7,14.3010,-10.4874,-0.7333
2014-11-01,2014,11,South,North Carolina,Consumer,Office Supplies,Storage,1,2,25.9840,-1.6240,-0.0625
2014-11-01,2014,11,South,North Carolina,Corporate,Office Supplies,Appliances,1,5,58.2400,5.0960,0.0875
2014-11-01,2014,11,South,North Carolina,Corporate,Office Supplies,Art,2,6,18.1440,1.7844,0.0983
2014-11-01,2014,11,South,North Carolina,Corporate,Office Supplies,Fasteners,2,8,15.8960,4.1322,0.2600
2014-11-01,2014,11,South,North Carolina,Corporate,Office Supplies,Labels,1,12,47.8080,15.5376,0.3250
2014-11-01,2014,11,South,North Carolina,Corporate,Technology,Phones,1,9,978.8400,110.1195,0.1125
2014-11-01,2014,11,South,South Carolina,Corporate,Furniture,Furnishings,1,5,397.6000,43.7360,0.1100
2014-11-01,2014,11,South,South Carolina,Corporate,Office Supplies,Art,1,4,13.1200,4.3296,0.3300
2014-11-01,2014,11,South,South Carolina,Corporate,Office Supplies,Binders,1,3,45.6600,22.3734,0.4900
2014-11-01,2014,11,South,South Carolina,Corporate,Office Supplies,Paper,1,7,85.9600,40.4012,0.4700
2014-11-01,2014,11,South,Tennessee,Consumer,Office Supplies,Appliances,1,2,333.0560,29.1424,0.0875
2014-11-01,2014,11,South,Tennessee,Consumer,Office Supplies,Art,1,3,4.2240,0.4752,0.1125
2014-11-01,2014,11,South,Tennessee,Consumer,Office Supplies,Paper,2,15,172.2400,57.5086,0.3339
2014-11-01,2014,11,South,Virginia,Consumer,Furniture,Chairs,1,5,149.9000,40.4730,0.2700
2014-11-01,2014,11,South,Virginia,Consumer,Office Supplies,Paper,1,5,32.4000,15.5520,0.4800
2014-11-01,2014,11,South,Virginia,Home Office,Furniture,Furnishings,1,5,111.1500,48.9060,0.4400
2014-11-01,2014,11,South,Virginia,Home Office,Technology,Accessories,1,3,47.7900,16.2486,0.3400
2014-11-01,2014,11,West,Arizona,Consumer,Office Supplies,Envelopes,1,3,23.4720,8.8020,0.3750
2014-11-01,2014,11,West,Arizona,Consumer,Office Supplies,Supplies,1,7,47.9920,3.5994,0.0750
2014-11-01,2014,11,West,Arizona,Consumer,Technology,Accessories,1,4,102.2400,-16.6140,-0.1625
2014-11-01,2014,11,West,California,Consumer,Furniture,Bookcases,1,2,222.6660,10.4784,0.0471
2014-11-01,2014,11,West,California,Consumer,Furniture,Chairs,4,13,1944.0640,3.4578,0.0018
2014-11-01,2014,11,West,California,Consumer,Furniture,Furnishings,4,16,290.2500,70.0364,0.2413
2014-11-01,2014,11,West,California,Consumer,Furniture,Tables,2,7,1202.7920,-33.0912,-0.0275
2014-11-01,2014,11,West,California,Consumer,Office Supplies,Appliances,1,3,43.6800,11.7936,0.2700
2014-11-01,2014,11,West,California,Consumer,Office Supplies,Art,2,6,37.9200,10.5288,0.2777
2014-11-01,2014,11,West,California,Consumer,Office Supplies,Binders,2,10,145.0800,54.4050,0.3750
2014-11-01,2014,11,West,California,Consumer,Office Supplies,Envelopes,1,3,21.8400,10.4832,0.4800
2014-11-01,2014,11,West,California,Consumer,Office Supplies,Fasteners,1,5,30.4000,15.2000,0.5000
2014-11-01,2014,11,West,California,Consumer,Office Supplies,Labels,1,8,39.8400,18.3264,0.4600
2014-11-01,2014,11,West,California,Consumer,Office Supplies,Paper,5,34,304.9600,141.7656,0.4649
2014-11-01,2014,11,West,California,Consumer,Office Supplies,Storage,2,11,796.3600,133.6364,0.1678
2014-11-01,2014,11,West,California,Consumer,Office Supplies,Supplies,1,2,20.4600,5.3196,0.2600
2014-11-01,2014,11,West,California,Consumer,Technology,Accessories,4,12,953.3800,192.3358,0.2017
2014-11-01,2014,11,West,California,Consumer,Technology,Machines,1,4,447.9680,139.9900,0.3125
2014-11-01,2014,11,West,California,Consumer,Technology,Phones,7,31,3467.6480,364.2534,0.1050
2014-11-01,2014,11,West,California,Corporate,Furniture,Bookcases,1,3,305.9745,25.1979,0.0824
2014-11-01,2014,11,West,California,Corporate,Furniture,Furnishings,1,3,23.8800,10.5072,0.4400
2014-11-01,2014,11,West,California,Corporate,Office Supplies,Appliances,3,11,602.8600,176.8384,0.2933
2014-11-01,2014,11,West,California,Corporate,Office Supplies,Art,1,1,2.9400,0.7938,0.2700
2014-11-01,2014,11,West,California,Corporate,Office Supplies,Binders,1,4,11.6320,4.0712,0.3500
2014-11-01,2014,11,West,California,Corporate,Office Supplies,Labels,1,2,5.2200,2.4012,0.4600
2014-11-01,2014,11,West,California,Corporate,Office Supplies,Paper,4,16,788.6100,377.8482,0.4791
2014-11-01,2014,11,West,California,Corporate,Office Supplies,Storage,1,3,344.9100,10.3473,0.0300
2014-11-01,2014,11,West,California,Corporate,Office Supplies,Supplies,1,3,10.9500,3.2850,0.3000
2014-11-01,2014,11,West,California,Corporate,Technology,Accessories,1,2,99.9800,7.9984,0.0800
2014-11-01,2014,11,West,California,Corporate,Technology,Phones,1,4,79.9680,-17.9928,-0.2250
2014-11-01,2014,11,West,California,Home Office,Furniture,Bookcases,1,4,411.3320,-4.8392,-0.0118
2014-11-01,2014,11,West,California,Home Office,Furniture,Furnishings,1,6,20.0400,8.8176,0.4400
2014-11-01,2014,11,West,California,Home Office,Office Supplies,Appliances,1,2,7.7800,2.0228,0.2600
2014-11-01,2014,11,West,California,Home Office,Office Supplies,Art,1,4,6.7200,3.3600,0.5000
2014-11-01,2014,11,West,California,Home Office,Office Supplies,Labels,2,7,85.8000,42.0720,0.4903
2014-11-01,2014,11,West,California,Home Office,Office Supplies,Paper,4,13,233.8800,108.5910,0.4643
2014-11-01,2014,11,West,California,Home Office,Office Supplies,Supplies,1,2,7.3600,0.1472,0.0200
2014-11-01,2014,11,West,California,Home Office,Technology,Accessories,1,1,94.9900,28.4970,0.3000
2014-11-01,2014,11,West,California,Home Office,Technology,Phones,1,9,575.9280,57.5928,0.1000
2014-11-01,2014,11,West,Colorado,Consumer,Furniture,Chairs,1,5,603.9200,75.4900,0.1250
2014-11-01,2014,11,West,Colorado,Consumer,Furniture,Tables,1,2,145.9800,-99.2664,-0.6800
2014-11-01,2014,11,West,Colorado,Consumer,Office Supplies,Art,2,4,46.5680,5.1232,0.1100
2014-11-01,2014,11,West,Colorado,Consumer,Office Supplies,Paper,1,4,35.8080,12.5328,0.3500
2014-11-01,2014,11,West,Colorado,Consumer,Technology,Phones,2,6,2543.9520,303.9944,0.1195
2014-11-01,2014,11,West,Oregon,Consumer,Office Supplies,Art,2,11,171.7840,17.3477,0.1010
2014-11-01,2014,11,West,Oregon,Consumer,Office Supplies,Paper,2,8,41.4720,14.5152,0.3500
2014-11-01,2014,11,West,Oregon,Consumer,Office Supplies,Storage,2,10,1113.0000,-261.6030,-0.2350
2014-11-01,2014,11,West,Oregon,Consumer,Technology,Phones,2,7,594.3120,-33.0756,-0.0557
2014-11-01,2014,11,West,Utah,Corporate,Office Supplies,Paper,1,7,21.9800,9.8910,0.4500
2014-11-01,2014,11,West,Utah,Home Office,Office Supplies,Paper,1,3,166.4400,79.8912,0.4800
2014-11-01,2014,11,West,Washington,Corporate,Furniture,Furnishings,1,2,137.5400,55.0160,0.4000
2014-11-01,2014,11,West,Washington,Corporate,Furniture,Tables,1,4,730.2000,94.9260,0.1300
2014-11-01,2014,11,West,Washington,Corporate,Office Supplies,Appliances,1,1,22.9800,6.8940,0.3000
2014-11-01,2014,11,West,Washington,Corporate,Office Supplies,Binders,2,9,2045.6800,766.8276,0.3749
2014-11-01,2014,11,West,Washington,Corporate,Office Supplies,Paper,1,4,25.9200,12.4416,0.4800
2014-11-01,2014,11,West,Washington,Corporate,Office Supplies,Storage,1,8,683.4600,63.0642,0.0923
2014-11-01,2014,11,West,Washington,Corporate,Technology,Accessories,2,9,144.0700,30.4179,0.2111
2014-11-01,2014,11,West,Washington,Corporate,Technology,Phones,1,1,52.7920,4.6193,0.0875
2014-12-01,2014,12,Central,Illinois,Consumer,Furniture,Furnishings,3,12,82.7040,-75.2892,-0.9103
2014-12-01,2014,12,Central,Illinois,Consumer,Furniture,Tables,1,5,214.9500,-120.3720,-0.5600
2014-12-01,2014,12,Central,Illinois,Consumer,Office Supplies,Appliances,2,5,16.4100,-37.8801,-2.3084
2014-12-01,2014,12,Central,Illinois,Consumer,Office Supplies,Binders,4,17,36.2980,-62.8318,-1.7310
2014-12-01,2014,12,Central,Illinois,Consumer,Office Supplies,Fasteners,1,2,2.8960,0.4706,0.1625
2014-12-01,2014,12,Central,Illinois,Consumer,Office Supplies,Paper,2,7,139.5840,50.4048,0.3611
2014-12-01,2014,12,Central,Illinois,Consumer,Office Supplies,Storage,4,10,229.9360,-3.1794,-0.0138
2014-12-01,2014,12,Central,Illinois,Consumer,Technology,Accessories,1,3,35.0160,-2.1885,-0.0625
2014-12-01,2014,12,Central,Illinois,Consumer,Technology,Phones,2,7,359.0160,29.4393,0.0820
2014-12-01,2014,12,Central,Illinois,Corporate,Furniture,Furnishings,2,5,102.9720,-49.9686,-0.4853
2014-12-01,2014,12,Central,Illinois,Corporate,Office Supplies,Appliances,1,2,20.3880,-53.0088,-2.6000
2014-12-01,2014,12,Central,Illinois,Corporate,Office Supplies,Binders,1,3,9.2640,-13.8960,-1.5000
2014-12-01,2014,12,Central,Illinois,Corporate,Office Supplies,Paper,1,2,8.4480,2.9568,0.3500
2014-12-01,2014,12,Central,Illinois,Corporate,Office Supplies,Storage,1,2,24.8160,1.8612,0.0750
2014-12-01,2014,12,Central,Illinois,Corporate,Technology,Accessories,1,7,408.7440,76.6395,0.1875
2014-12-01,2014,12,Central,Illinois,Home Office,Furniture,Furnishings,1,3,8.7360,-4.8048,-0.5500
2014-12-01,2014,12,Central,Indiana,Consumer,Office Supplies,Appliances,1,11,207.2400,58.0272,0.2800
2014-12-01,2014,12,Central,Indiana,Consumer,Office Supplies,Binders,1,3,1103.9700,496.7865,0.4500
2014-12-01,2014,12,Central,Indiana,Consumer,Office Supplies,Labels,1,1,3.6900,1.7343,0.4700
2014-12-01,2014,12,Central,Michigan,Corporate,Office Supplies,Art,1,3,9.8400,2.8536,0.2900
2014-12-01,2014,12,Central,Michigan,Corporate,Office Supplies,Paper,1,5,114.2000,52.5320,0.4600
2014-12-01,2014,12,Central,Minnesota,Consumer,Office Supplies,Storage,1,2,24.5600,6.8768,0.2800
2014-12-01,2014,12,Central,Minnesota,Consumer,Technology,Accessories,1,4,119.8000,47.9200,0.4000
2014-12-01,2014,12,Central,Missouri,Corporate,Office Supplies,Art,1,7,29.6800,11.5752,0.3900
2014-12-01,2014,12,Central,Missouri,Corporate,Office Supplies,Paper,1,4,25.9200,12.4416,0.4800
2014-12-01,2014,12,Central,Missouri,Corporate,Technology,Accessories,1,7,47.5300,16.1602,0.3400
2014-12-01,2014,12,Central,Oklahoma,Consumer,Technology,Phones,1,4,479.9600,134.3888,0.2800
2014-12-01,2014,12,Central,Texas,Consumer,Furniture,Chairs,1,5,763.2800,-21.8080,-0.0286
2014-12-01,2014,12,Central,Texas,Consumer,Furniture,Furnishings,3,12,89.1680,-91.9254,-1.0309
2014-12-01,2014,12,Central,Texas,Consumer,Office Supplies,Appliances,1,2,19.4320,-49.5516,-2.5500
2014-12-01,2014,12,Central,Texas,Consumer,Office Supplies,Binders,1,1,4.9840,-8.4728,-1.7000
2014-12-01,2014,12,Central,Texas,Consumer,Office Supplies,Paper,1,7,36.2880,12.7008,0.3500
2014-12-01,2014,12,Central,Texas,Consumer,Office Supplies,Supplies,1,1,2.9200,0.3650,0.1250
2014-12-01,2014,12,Central,Texas,Consumer,Technology,Accessories,2,9,385.4080,87.8104,0.2278
2014-12-01,2014,12,Central,Texas,Consumer,Technology,Phones,1,3,40.6800,-9.1530,-0.2250
2014-12-01,2014,12,Central,Texas,Corporate,Furniture,Chairs,1,3,674.0580,-19.2588,-0.0286
2014-12-01,2014,12,Central,Texas,Corporate,Furniture,Furnishings,1,10,98.3200,-48.7790,-0.4961
2014-12-01,2014,12,Central,Texas,Corporate,Office Supplies,Art,1,7,16.4640,1.4406,0.0875
2014-12-01,2014,12,Central,Texas,Corporate,Office Supplies,Binders,2,5,212.6780,-340.2848,-1.6000
2014-12-01,2014,12,Central,Texas,Corporate,Office Supplies,Envelopes,2,5,62.5520,22.6751,0.3625
2014-12-01,2014,12,Central,Texas,Corporate,Office Supplies,Paper,2,3,15.8720,5.5552,0.3500
2014-12-01,2014,12,Central,Texas,Corporate,Office Supplies,Storage,2,5,297.5120,26.7875,0.0900
2014-12-01,2014,12,Central,Texas,Corporate,Technology,Accessories,1,2,47.9840,14.3952,0.3000
2014-12-01,2014,12,Central,Texas,Corporate,Technology,Phones,1,5,546.3600,47.8065,0.0875
2014-12-01,2014,12,Central,Texas,Home Office,Furniture,Chairs,1,3,600.5580,-8.5794,-0.0143
2014-12-01,2014,12,Central,Wisconsin,Consumer,Furniture,Chairs,1,8,2807.8400,673.8816,0.2400
2014-12-01,2014,12,Central,Wisconsin,Consumer,Office Supplies,Art,1,4,46.6400,12.5928,0.2700
2014-12-01,2014,12,East,Delaware,Consumer,Office Supplies,Labels,1,6,17.2800,7.9488,0.4600
2014-12-01,2014,12,East,Maryland,Corporate,Furniture,Chairs,1,8,239.8400,64.7568,0.2700
2014-12-01,2014,12,East,Maryland,Corporate,Furniture,Furnishings,1,3,60.7200,23.6808,0.3900
2014-12-01,2014,12,East,Maryland,Corporate,Office Supplies,Labels,1,6,15.6600,7.2036,0.4600
2014-12-01,2014,12,East,Maryland,Corporate,Office Supplies,Paper,1,3,146.8200,73.4100,0.5000
2014-12-01,2014,12,East,Massachusetts,Consumer,Furniture,Furnishings,1,5,55.6600,18.8262,0.3382
2014-12-01,2014,12,East,Massachusetts,Consumer,Technology,Phones,1,2,271.9000,78.8510,0.2900
2014-12-01,2014,12,East,Massachusetts,Corporate,Office Supplies,Appliances,1,6,1737.1800,503.7822,0.2900
2014-12-01,2014,12,East,Massachusetts,Corporate,Office Supplies,Paper,1,4,141.7600,66.6272,0.4700
2014-12-01,2014,12,East,Massachusetts,Corporate,Office Supplies,Storage,1,5,704.2500,84.5100,0.1200
2014-12-01,2014,12,East,Massachusetts,Home Office,Furniture,Furnishings,1,5,63.2000,23.3840,0.3700
2014-12-01,2014,12,East,Massachusetts,Home Office,Technology,Accessories,1,3,113.9700,27.3528,0.2400
2014-12-01,2014,12,East,New York,Consumer,Furniture,Bookcases,1,5,883.9200,-110.4900,-0.1250
2014-12-01,2014,12,East,New York,Consumer,Office Supplies,Appliances,1,3,122.9400,30.7350,0.2500
2014-12-01,2014,12,East,New York,Consumer,Office Supplies,Binders,3,22,188.5120,65.8383,0.3493
2014-12-01,2014,12,East,New York,Consumer,Office Supplies,Paper,1,2,11.3600,5.2256,0.4600
2014-12-01,2014,12,East,New York,Consumer,Office Supplies,Storage,1,6,191.8800,19.1880,0.1000
2014-12-01,2014,12,East,New York,Consumer,Technology,Accessories,1,4,119.9600,52.7824,0.4400
2014-12-01,2014,12,East,New York,Consumer,Technology,Machines,1,4,6999.9600,2239.9872,0.3200
2014-12-01,2014,12,East,New York,Corporate,Furniture,Bookcases,1,7,1573.4880,196.6860,0.1250
2014-12-01,2014,12,East,New York,Corporate,Furniture,Chairs,1,3,192.1860,36.3018,0.1889
2014-12-01,2014,12,East,New York,Corporate,Furniture,Tables,1,2,53.3160,-19.5492,-0.3667
2014-12-01,2014,12,East,New York,Corporate,Office Supplies,Appliances,1,3,56.5200,15.8256,0.2800
2014-12-01,2014,12,East,New York,Corporate,Office Supplies,Labels,1,3,18.9000,8.6940,0.4600
2014-12-01,2014,12,East,New York,Corporate,Technology,Accessories,1,3,34.7700,11.4741,0.3300
2014-12-01,2014,12,East,New York,Corporate,Technology,Phones,1,2,129.9800,62.3904,0.4800
2014-12-01,2014,12,East,New York,Home Office,Furniture,Chairs,1,14,767.2140,161.9674,0.2111
2014-12-01,2014,12,East,New York,Home Office,Office Supplies,Binders,1,13,296.7120,100.1403,0.3375
2014-12-01,2014,12,East,New York,Home Office,Office Supplies,Storage,1,4,216.4000,56.2640,0.2600
2014-12-01,2014,12,East,Ohio,Consumer,Furniture,Chairs,1,6,909.7200,-51.9840,-0.0571
2014-12-01,2014,12,East,Ohio,Consumer,Furniture,Furnishings,4,13,411.6880,-29.5547,-0.0718
2014-12-01,2014,12,East,Ohio,Consumer,Furniture,Tables,1,1,136.5300,-52.3365,-0.3833
2014-12-01,2014,12,East,Ohio,Consumer,Office Supplies,Appliances,1,5,48.3600,6.0450,0.1250
2014-12-01,2014,12,East,Ohio,Consumer,Office Supplies,Art,1,1,2.6240,0.2952,0.1125
2014-12-01,2014,12,East,Ohio,Consumer,Office Supplies,Binders,1,4,5.4840,-4.0216,-0.7333
2014-12-01,2014,12,East,Ohio,Consumer,Office Supplies,Paper,1,7,36.2880,12.7008,0.3500
2014-12-01,2014,12,East,Ohio,Consumer,Office Supplies,Storage,1,2,118.1600,-25.1090,-0.2125
2014-12-01,2014,12,East,Ohio,Consumer,Technology,Accessories,1,1,263.9600,42.8935,0.1625
2014-12-01,2014,12,East,Ohio,Consumer,Technology,Copiers,1,2,659.9880,109.9980,0.1667
2014-12-01,2014,12,East,Ohio,Corporate,Office Supplies,Binders,1,4,29.9400,-23.9520,-0.8000
2014-12-01,2014,12,East,Ohio,Corporate,Office Supplies,Paper,1,6,115.8480,41.3397,0.3568
2014-12-01,2014,12,East,Ohio,Corporate,Technology,Accessories,1,5,119.8000,29.9500,0.2500
2014-12-01,2014,12,East,Ohio,Corporate,Technology,Phones,1,3,216.6780,-54.1695,-0.2500
2014-12-01,2014,12,East,Pennsylvania,Consumer,Office Supplies,Appliances,1,4,116.2080,13.7868,0.1186
2014-12-01,2014,12,East,Pennsylvania,Consumer,Office Supplies,Envelopes,1,3,30.6720,9.5850,0.3125
2014-12-01,2014,12,East,Pennsylvania,Consumer,Office Supplies,Paper,1,3,18.2640,6.1641,0.3375
2014-12-01,2014,12,East,Pennsylvania,Consumer,Office Supplies,Storage,1,4,227.1360,-42.5880,-0.1875
2014-12-01,2014,12,East,Pennsylvania,Consumer,Technology,Accessories,1,2,27.9680,6.9920,0.2500
2014-12-01,2014,12,East,Pennsylvania,Consumer,Technology,Copiers,1,4,1079.9760,125.9972,0.1167
2014-12-01,2014,12,East,Pennsylvania,Corporate,Furniture,Chairs,1,7,445.8020,-108.2662,-0.2429
2014-12-01,2014,12,East,Pennsylvania,Corporate,Furniture,Tables,1,3,523.7640,-192.0468,-0.3667
2014-12-01,2014,12,East,Pennsylvania,Corporate,Office Supplies,Art,2,7,107.1520,9.7766,0.0912
2014-12-01,2014,12,East,Pennsylvania,Corporate,Office Supplies,Envelopes,1,7,348.4880,117.6147,0.3375
2014-12-01,2014,12,East,Pennsylvania,Corporate,Office Supplies,Storage,1,4,172.7360,-30.2288,-0.1750
2014-12-01,2014,12,East,Pennsylvania,Corporate,Technology,Phones,1,6,251.9640,-50.3928,-0.2000
2014-12-01,2014,12,East,Rhode Island,Home Office,Furniture,Bookcases,1,2,341.9600,78.6508,0.2300
2014-12-01,2014,12,East,Rhode Island,Home Office,Furniture,Chairs,1,6,605.8800,151.4700,0.2500
2014-12-01,2014,12,East,Rhode Island,Home Office,Office Supplies,Paper,1,7,210.5800,98.9726,0.4700
2014-12-01,2014,12,East,Rhode Island,Home Office,Technology,Accessories,1,4,1687.8000,742.6320,0.4400
2014-12-01,2014,12,South,Alabama,Consumer,Furniture,Chairs,1,14,1819.8600,163.7874,0.0900
2014-12-01,2014,12,South,Alabama,Consumer,Office Supplies,Binders,1,6,152.7600,74.8524,0.4900
2014-12-01,2014,12,South,Alabama,Consumer,Office Supplies,Supplies,1,1,7.2700,1.9629,0.2700
2014-12-01,2014,12,South,Alabama,Corporate,Office Supplies,Paper,1,4,23.9200,11.7208,0.4900
2014-12-01,2014,12,South,Alabama,Corporate,Technology,Accessories,1,5,498.0000,184.2600,0.3700
2014-12-01,2014,12,South,Florida,Consumer,Furniture,Chairs,2,5,251.0880,20.4512,0.0815
2014-12-01,2014,12,South,Florida,Consumer,Office Supplies,Art,1,1,1.3440,0.5040,0.3750
2014-12-01,2014,12,South,Florida,Consumer,Office Supplies,Binders,1,2,4.8120,-3.6892,-0.7667
2014-12-01,2014,12,South,Florida,Consumer,Office Supplies,Envelopes,1,3,23.4720,7.6284,0.3250
2014-12-01,2014,12,South,Florida,Consumer,Office Supplies,Paper,2,5,55.0960,19.4032,0.3522
2014-12-01,2014,12,South,Florida,Consumer,Office Supplies,Storage,1,7,508.1920,-11.6558,-0.0229
2014-12-01,2014,12,South,Florida,Consumer,Technology,Accessories,1,5,247.8000,-18.5850,-0.0750
2014-12-01,2014,12,South,Florida,Corporate,Furniture,Chairs,1,9,1013.8320,101.3832,0.1000
2014-12-01,2014,12,South,Florida,Corporate,Office Supplies,Binders,1,1,1.1670,-0.8558,-0.7333
2014-12-01,2014,12,South,Florida,Corporate,Office Supplies,Fasteners,1,2,1.9840,0.6696,0.3375
2014-12-01,2014,12,South,Georgia,Consumer,Office Supplies,Art,1,3,40.0500,11.2140,0.2800
2014-12-01,2014,12,South,Georgia,Corporate,Office Supplies,Paper,1,3,15.2400,7.1628,0.4700
2014-12-01,2014,12,South,Georgia,Corporate,Technology,Accessories,1,1,5.9500,0.8330,0.1400
2014-12-01,2014,12,South,Kentucky,Corporate,Office Supplies,Binders,1,3,12.3900,5.8233,0.4700
2014-12-01,2014,12,South,North Carolina,Consumer,Technology,Phones,1,4,95.9680,9.5968,0.1000
2014-12-01,2014,12,South,Tennessee,Consumer,Furniture,Chairs,1,3,662.8800,74.5740,0.1125
2014-12-01,2014,12,South,Tennessee,Consumer,Office Supplies,Appliances,1,7,43.5120,3.8073,0.0875
2014-12-01,2014,12,South,Tennessee,Consumer,Office Supplies,Paper,2,7,68.1280,22.7896,0.3345
2014-12-01,2014,12,South,Tennessee,Consumer,Office Supplies,Storage,1,1,39.1280,-8.8038,-0.2250
2014-12-01,2014,12,South,Tennessee,Home Office,Office Supplies,Binders,1,2,18.2400,-14.5920,-0.8000
2014-12-01,2014,12,South,Virginia,Consumer,Furniture,Furnishings,1,6,29.4600,9.7218,0.3300
2014-12-01,2014,12,South,Virginia,Consumer,Office Supplies,Paper,1,4,105.5200,48.5392,0.4600
2014-12-01,2014,12,South,Virginia,Consumer,Office Supplies,Storage,1,2,24.5600,6.8768,0.2800
2014-12-01,2014,12,South,Virginia,Consumer,Technology,Accessories,1,2,99.9800,7.9984,0.0800
2014-12-01,2014,12,South,Virginia,Home Office,Furniture,Tables,1,9,2699.5800,593.9076,0.2200
2014-12-01,2014,12,South,Virginia,Home Office,Office Supplies,Binders,1,3,62.3100,29.2857,0.4700
2014-12-01,2014,12,South,Virginia,Home Office,Office Supplies,Storage,1,2,122.4800,0.0000,0.0000
2014-12-01,2014,12,West,Arizona,Consumer,Furniture,Chairs,1,3,242.3520,-42.4116,-0.1750
2014-12-01,2014,12,West,Arizona,Consumer,Furniture,Furnishings,1,2,51.9680,10.3936,0.2000
2014-12-01,2014,12,West,Arizona,Consumer,Office Supplies,Binders,1,6,946.7640,-694.2936,-0.7333
2014-12-01,2014,12,West,Arizona,Consumer,Office Supplies,Paper,1,7,230.3680,80.3120,0.3486
2014-12-01,2014,12,West,Arizona,Consumer,Technology,Accessories,1,3,71.9760,21.5928,0.3000
2014-12-01,2014,12,West,Arizona,Corporate,Furniture,Furnishings,1,3,87.9600,7.6965,0.0875
2014-12-01,2014,12,West,Arizona,Corporate,Office Supplies,Art,1,8,1113.0240,111.3024,0.1000
2014-12-01,2014,12,West,Arizona,Corporate,Office Supplies,Binders,2,7,557.1990,-464.1587,-0.8330
2014-12-01,2014,12,West,Arizona,Corporate,Office Supplies,Storage,1,6,100.7040,-1.2588,-0.0125
2014-12-01,2014,12,West,Arizona,Corporate,Technology,Phones,1,4,167.9680,62.9880,0.3750
2014-12-01,2014,12,West,California,Consumer,Furniture,Bookcases,1,3,254.9745,11.9988,0.0471
2014-12-01,2014,12,West,California,Consumer,Furniture,Chairs,2,12,2128.2000,207.9360,0.0977
2014-12-01,2014,12,West,California,Consumer,Furniture,Furnishings,5,14,132.9300,44.8834,0.3376
2014-12-01,2014,12,West,California,Consumer,Furniture,Tables,1,18,4375.5360,230.9928,0.0528
2014-12-01,2014,12,West,California,Consumer,Office Supplies,Appliances,2,7,264.2300,76.2076,0.2884
2014-12-01,2014,12,West,California,Consumer,Office Supplies,Art,4,19,98.2900,30.9558,0.3149
2014-12-01,2014,12,West,California,Consumer,Office Supplies,Binders,1,7,643.1040,202.9090,0.3155
2014-12-01,2014,12,West,California,Consumer,Office Supplies,Fasteners,1,3,15.0000,7.2000,0.4800
2014-12-01,2014,12,West,California,Consumer,Office Supplies,Labels,1,6,88.8000,44.4000,0.5000
2014-12-01,2014,12,West,California,Consumer,Office Supplies,Paper,3,13,152.2000,70.3748,0.4624
2014-12-01,2014,12,West,California,Consumer,Office Supplies,Storage,2,12,1007.7600,30.5904,0.0304
2014-12-01,2014,12,West,California,Consumer,Office Supplies,Supplies,2,8,63.0600,13.4181,0.2128
2014-12-01,2014,12,West,California,Consumer,Technology,Phones,1,4,319.9680,35.9964,0.1125
2014-12-01,2014,12,West,California,Corporate,Furniture,Chairs,2,11,1696.1920,88.4630,0.0522
2014-12-01,2014,12,West,California,Corporate,Furniture,Furnishings,2,16,214.7800,71.9722,0.3351
2014-12-01,2014,12,West,California,Corporate,Office Supplies,Binders,1,3,14.3520,4.6644,0.3250
2014-12-01,2014,12,West,California,Corporate,Office Supplies,Fasteners,1,5,22.5500,8.7945,0.3900
2014-12-01,2014,12,West,California,Corporate,Office Supplies,Labels,2,11,289.3900,133.2656,0.4605
2014-12-01,2014,12,West,California,Corporate,Office Supplies,Paper,2,10,55.8000,26.4972,0.4749
2014-12-01,2014,12,West,California,Corporate,Office Supplies,Storage,2,8,1404.1900,369.3752,0.2631
2014-12-01,2014,12,West,California,Corporate,Technology,Machines,1,6,767.9520,287.9820,0.3750
2014-12-01,2014,12,West,California,Corporate,Technology,Phones,2,12,986.9440,108.0102,0.1094
2014-12-01,2014,12,West,California,Home Office,Furniture,Chairs,1,2,241.5680,18.1176,0.0750
2014-12-01,2014,12,West,California,Home Office,Furniture,Furnishings,2,3,68.4500,20.1895,0.2950
2014-12-01,2014,12,West,California,Home Office,Office Supplies,Appliances,2,3,372.9400,104.3134,0.2797
2014-12-01,2014,12,West,California,Home Office,Office Supplies,Binders,1,3,37.0560,13.8960,0.3750
2014-12-01,2014,12,West,California,Home Office,Office Supplies,Fasteners,1,3,7.8600,3.6156,0.4600
2014-12-01,2014,12,West,California,Home Office,Office Supplies,Labels,1,4,11.5600,5.4332,0.4700
2014-12-01,2014,12,West,California,Home Office,Office Supplies,Paper,1,3,164.8800,80.7912,0.4900
2014-12-01,2014,12,West,California,Home Office,Office Supplies,Storage,2,4,71.7900,14.0949,0.1963
2014-12-01,2014,12,West,California,Home Office,Technology,Accessories,2,8,457.8500,52.6985,0.1151
2014-12-01,2014,12,West,California,Home Office,Technology,Phones,2,14,1619.2000,139.0705,0.0859
2014-12-01,2014,12,West,Colorado,Consumer,Technology,Accessories,1,7,447.9440,89.5888,0.2000
2014-12-01,2014,12,West,Colorado,Corporate,Furniture,Chairs,1,3,230.3520,20.1558,0.0875
2014-12-01,2014,12,West,Colorado,Corporate,Furniture,Furnishings,1,11,518.7680,54.2946,0.1047
2014-12-01,2014,12,West,Colorado,Corporate,Office Supplies,Binders,1,5,78.6000,-62.8800,-0.8000
2014-12-01,2014,12,West,Colorado,Corporate,Office Supplies,Fasteners,1,3,27.5520,9.2988,0.3375
2014-12-01,2014,12,West,Idaho,Corporate,Furniture,Chairs,1,3,338.3520,4.2294,0.0125
2014-12-01,2014,12,West,Idaho,Corporate,Office Supplies,Paper,1,8,117.2800,54.4672,0.4644
2014-12-01,2014,12,West,Nevada,Home Office,Technology,Phones,1,7,475.9440,59.4930,0.1250
2014-12-01,2014,12,West,New Mexico,Consumer,Office Supplies,Storage,1,1,33.2900,7.9896,0.2400
2014-12-01,2014,12,West,New Mexico,Consumer,Technology,Phones,1,3,23.9760,-5.6943,-0.2375
2014-12-01,2014,12,West,Oregon,Consumer,Furniture,Tables,1,1,275.4900,-170.8038,-0.6200
2014-12-01,2014,12,West,Oregon,Consumer,Office Supplies,Binders,1,4,6.4560,-4.5192,-0.7000
2014-12-01,2014,12,West,Oregon,Consumer,Office Supplies,Labels,1,12,39.4080,12.8076,0.3250
2014-12-01,2014,12,West,Oregon,Consumer,Office Supplies,Paper,1,2,10.3680,3.6288,0.3500
2014-12-01,2014,12,West,Oregon,Consumer,Office Supplies,Storage,2,6,92.4960,7.6050,0.0822
2014-12-01,2014,12,West,Oregon,Consumer,Office Supplies,Supplies,1,5,13.8800,-2.6025,-0.1875
2014-12-01,2014,12,West,Oregon,Consumer,Technology,Accessories,1,10,103.9200,-18.1860,-0.1750
2014-12-01,2014,12,West,Oregon,Consumer,Technology,Phones,1,3,52.6800,19.7550,0.3750
2014-12-01,2014,12,West,Washington,Consumer,Furniture,Chairs,1,5,603.9200,45.2940,0.0750
2014-12-01,2014,12,West,Washington,Consumer,Office Supplies,Labels,1,3,31.0500,14.9040,0.4800
2014-12-01,2014,12,West,Washington,Consumer,Office Supplies,Paper,1,2,45.6800,21.0128,0.4600
2014-12-01,2014,12,West,Washington,Home Office,Office Supplies,Storage,1,7,269.3600,70.0336,0.2600
2015-01-01,2015,1,Central,Illinois,Home Office,Furniture,Furnishings,1,7,254.7440,-312.0614,-1.2250
2015-01-01,2015,1,Central,Minnesota,Consumer,Furniture,Furnishings,1,3,53.3400,16.5354,0.3100
2015-01-01,2015,1,Central,Minnesota,Consumer,Office Supplies,Binders,1,2,32.9600,16.1504,0.4900
2015-01-01,2015,1,Central,Minnesota,Consumer,Office Supplies,Paper,1,2,12.9600,6.2208,0.4800
2015-01-01,2015,1,Central,Minnesota,Corporate,Office Supplies,Binders,1,3,32.3400,15.5232,0.4800
2015-01-01,2015,1,Central,Minnesota,Corporate,Office Supplies,Paper,1,5,39.9000,19.9500,0.5000
2015-01-01,2015,1,Central,Texas,Consumer,Furniture,Bookcases,1,9,1352.3976,-437.5404,-0.3235
2015-01-01,2015,1,Central,Texas,Consumer,Furniture,Chairs,1,4,199.3040,-8.5416,-0.0429
2015-01-01,2015,1,Central,Texas,Consumer,Furniture,Tables,1,1,102.4380,-13.1706,-0.1286
2015-01-01,2015,1,Central,Texas,Consumer,Office Supplies,Art,1,3,7.0560,0.7938,0.1125
2015-01-01,2015,1,Central,Texas,Consumer,Office Supplies,Paper,1,6,14.3040,5.0064,0.3500
2015-01-01,2015,1,Central,Texas,Consumer,Technology,Accessories,1,5,398.4000,84.6600,0.2125
2015-01-01,2015,1,Central,Texas,Corporate,Office Supplies,Paper,1,2,10.3680,3.6288,0.3500
2015-01-01,2015,1,East,Delaware,Corporate,Office Supplies,Art,1,3,9.8400,2.6568,0.2700
2015-01-01,2015,1,East,Delaware,Corporate,Office Supplies,Paper,1,3,20.0400,9.6192,0.4800
2015-01-01,2015,1,East,Delaware,Corporate,Office Supplies,Storage,2,5,550.7000,143.1820,0.2600
2015-01-01,2015,1,East,Massachusetts,Corporate,Office Supplies,Art,1,2,6.6800,2.0040,0.3000
2015-01-01,2015,1,East,New York,Consumer,Furniture,Tables,1,4,1018.1040,-373.3048,-0.3667
2015-01-01,2015,1,East,New York,Corporate,Office Supplies,Art,1,3,59.5200,15.4752,0.2600
2015-01-01,2015,1,East,New York,Corporate,Office Supplies,Binders,1,2,13.1680,4.6088,0.3500
2015-01-01,2015,1,East,New York,Corporate,Office Supplies,Envelopes,1,2,17.4800,8.2156,0.4700
2015-01-01,2015,1,East,Ohio,Consumer,Furniture,Chairs,1,2,181.9860,-54.5958,-0.3000
2015-01-01,2015,1,East,Ohio,Consumer,Technology,Phones,1,5,587.3460,-137.0474,-0.2333
2015-01-01,2015,1,East,Ohio,Corporate,Furniture,Bookcases,1,5,452.4500,-244.3230,-0.5400
2015-01-01,2015,1,East,Ohio,Corporate,Office Supplies,Art,1,2,10.3680,1.5552,0.1500
2015-01-01,2015,1,East,Ohio,Corporate,Office Supplies,Labels,1,2,23.6800,8.8800,0.3750
2015-01-01,2015,1,East,Ohio,Corporate,Technology,Accessories,2,4,99.9680,6.6858,0.0669
2015-01-01,2015,1,East,Ohio,Corporate,Technology,Machines,1,9,1188.0000,-950.4000,-0.8000
2015-01-01,2015,1,East,Ohio,Corporate,Technology,Phones,2,12,431.6640,-76.5996,-0.1775
2015-01-01,2015,1,South,Florida,Home Office,Office Supplies,Art,1,5,13.1200,2.1320,0.1625
2015-01-01,2015,1,South,Georgia,Corporate,Office Supplies,Labels,1,2,9.8200,4.8118,0.4900
2015-01-01,2015,1,South,Kentucky,Consumer,Office Supplies,Appliances,1,3,163.4400,45.7632,0.2800
2015-01-01,2015,1,South,Kentucky,Consumer,Office Supplies,Art,1,2,42.7600,11.1176,0.2600
2015-01-01,2015,1,South,Kentucky,Consumer,Office Supplies,Paper,1,8,157.8700,74.1989,0.4700
2015-01-01,2015,1,South,North Carolina,Consumer,Furniture,Tables,1,13,4297.6440,-1862.3124,-0.4333
2015-01-01,2015,1,South,Tennessee,Consumer,Office Supplies,Supplies,1,8,88.9600,10.0080,0.1125
2015-01-01,2015,1,South,Virginia,Corporate,Furniture,Furnishings,1,14,192.2200,69.1992,0.3600
2015-01-01,2015,1,West,California,Consumer,Furniture,Chairs,1,5,2803.9200,0.0000,0.0000
2015-01-01,2015,1,West,California,Consumer,Furniture,Furnishings,2,20,769.8100,212.8436,0.2765
2015-01-01,2015,1,West,California,Consumer,Office Supplies,Binders,1,3,70.0080,24.5028,0.3500
2015-01-01,2015,1,West,California,Consumer,Technology,Machines,1,3,1919.9760,215.9973,0.1125
2015-01-01,2015,1,West,California,Corporate,Office Supplies,Paper,1,8,182.7200,84.0512,0.4600
2015-01-01,2015,1,West,California,Home Office,Office Supplies,Appliances,1,6,87.3600,23.5872,0.2700
2015-01-01,2015,1,West,California,Home Office,Office Supplies,Binders,1,6,56.1600,17.5500,0.3125
2015-01-01,2015,1,West,Colorado,Corporate,Office Supplies,Binders,1,2,1.9380,-1.3566,-0.7000
2015-01-01,2015,1,West,Colorado,Corporate,Office Supplies,Paper,1,5,29.6000,9.2500,0.3125
2015-01-01,2015,1,West,Montana,Home Office,Office Supplies,Labels,1,2,14.6200,6.8714,0.4700
2015-01-01,2015,1,West,Montana,Home Office,Office Supplies,Paper,1,3,29.0400,13.9392,0.4800
2015-01-01,2015,1,West,Washington,Home Office,Furniture,Chairs,1,1,61.5840,-6.9282,-0.1125
2015-02-01,2015,2,Central,Illinois,Consumer,Technology,Accessories,1,6,479.9520,89.9910,0.1875
2015-02-01,2015,2,Central,Kansas,Consumer,Office Supplies,Art,1,2,5.7600,1.7280,0.3000
2015-02-01,2015,2,Central,Kansas,Consumer,Office Supplies,Fasteners,1,1,5.8100,1.8011,0.3100
2015-02-01,2015,2,Central,Kansas,Consumer,Office Supplies,Paper,1,2,9.5400,4.2930,0.4500
2015-02-01,2015,2,Central,Michigan,Home Office,Office Supplies,Art,1,4,79.3600,20.6336,0.2600
2015-02-01,2015,2,Central,Nebraska,Consumer,Furniture,Furnishings,1,2,28.4000,11.0760,0.3900
2015-02-01,2015,2,Central,Nebraska,Consumer,Technology,Accessories,1,3,149.9700,50.9898,0.3400
2015-02-01,2015,2,Central,Texas,Consumer,Office Supplies,Binders,1,3,2.9340,-4.9878,-1.7000
2015-02-01,2015,2,Central,Texas,Consumer,Office Supplies,Storage,1,3,670.7520,-125.7660,-0.1875
2015-02-01,2015,2,Central,Texas,Consumer,Technology,Accessories,1,2,18.5280,4.4004,0.2375
2015-02-01,2015,2,Central,Texas,Corporate,Furniture,Furnishings,1,2,40.7840,-30.5880,-0.7500
2015-02-01,2015,2,Central,Texas,Corporate,Office Supplies,Labels,1,4,40.0960,13.5324,0.3375
2015-02-01,2015,2,Central,Texas,Corporate,Technology,Accessories,1,2,20.8000,6.5000,0.3125
2015-02-01,2015,2,Central,Wisconsin,Corporate,Technology,Accessories,1,5,139.9500,26.5905,0.1900
2015-02-01,2015,2,Central,Wisconsin,Corporate,Technology,Phones,1,5,834.9500,260.7800,0.3123
2015-02-01,2015,2,East,Delaware,Consumer,Furniture,Bookcases,1,4,283.9200,82.3368,0.2900
2015-02-01,2015,2,East,Delaware,Consumer,Furniture,Chairs,1,9,1268.8200,266.4522,0.2100
2015-02-01,2015,2,East,Delaware,Consumer,Office Supplies,Art,1,2,5.6800,1.7608,0.3100
2015-02-01,2015,2,East,Maryland,Consumer,Office Supplies,Binders,1,2,2541.9800,1270.9900,0.5000
2015-02-01,2015,2,East,Massachusetts,Consumer,Office Supplies,Labels,1,1,3.1500,1.5120,0.4800
2015-02-01,2015,2,East,Massachusetts,Consumer,Office Supplies,Paper,1,4,22.7200,10.2240,0.4500
2015-02-01,2015,2,East,New Hampshire,Corporate,Office Supplies,Paper,1,6,35.8800,16.1460,0.4500
2015-02-01,2015,2,East,New Jersey,Consumer,Office Supplies,Art,1,7,286.7900,74.5654,0.2600
2015-02-01,2015,2,East,New York,Consumer,Office Supplies,Binders,1,9,26.4240,9.5787,0.3625
2015-02-01,2015,2,East,New York,Consumer,Technology,Phones,1,1,625.9900,187.7970,0.3000
2015-02-01,2015,2,East,New York,Corporate,Furniture,Chairs,1,1,90.8820,15.1470,0.1667
2015-02-01,2015,2,East,New York,Home Office,Office Supplies,Appliances,1,6,26.8800,6.7200,0.2500
2015-02-01,2015,2,East,New York,Home Office,Office Supplies,Binders,1,2,10.8960,3.8136,0.3500
2015-02-01,2015,2,East,Ohio,Consumer,Office Supplies,Art,1,3,14.3520,0.8970,0.0625
2015-02-01,2015,2,East,Ohio,Consumer,Office Supplies,Binders,1,4,17.2380,-13.6380,-0.7912
2015-02-01,2015,2,East,Ohio,Consumer,Technology,Accessories,1,3,71.9760,0.8997,0.0125
2015-02-01,2015,2,East,Ohio,Consumer,Technology,Phones,2,6,431.9640,-107.9910,-0.2500
2015-02-01,2015,2,East,Pennsylvania,Corporate,Office Supplies,Art,1,6,16.0320,2.2044,0.1375
2015-02-01,2015,2,East,Pennsylvania,Corporate,Office Supplies,Binders,1,3,4.4190,-3.3879,-0.7667
2015-02-01,2015,2,East,Pennsylvania,Corporate,Office Supplies,Storage,1,5,77.2400,7.7240,0.1000
2015-02-01,2015,2,East,Rhode Island,Corporate,Furniture,Tables,1,7,493.9200,-28.2240,-0.0571
2015-02-01,2015,2,East,Rhode Island,Corporate,Technology,Phones,1,2,105.9800,1.0598,0.0100
2015-02-01,2015,2,South,Arkansas,Consumer,Technology,Accessories,1,1,29.9900,2.9990,0.1000
2015-02-01,2015,2,South,Georgia,Consumer,Office Supplies,Envelopes,1,9,74.5200,35.0244,0.4700
2015-02-01,2015,2,South,Tennessee,Consumer,Furniture,Chairs,1,10,551.2640,15.5664,0.0282
2015-02-01,2015,2,South,Virginia,Corporate,Office Supplies,Envelopes,1,5,311.1500,146.2405,0.4700
2015-02-01,2015,2,South,Virginia,Corporate,Office Supplies,Paper,2,7,42.8600,19.8054,0.4621
2015-02-01,2015,2,South,Virginia,Corporate,Office Supplies,Storage,1,3,146.7300,2.9346,0.0200
2015-02-01,2015,2,West,California,Consumer,Furniture,Chairs,1,5,203.9200,22.9410,0.1125
2015-02-01,2015,2,West,California,Consumer,Furniture,Tables,1,1,35.5440,-0.8886,-0.0250
2015-02-01,2015,2,West,California,Consumer,Office Supplies,Appliances,1,6,541.4400,157.0176,0.2900
2015-02-01,2015,2,West,California,Consumer,Office Supplies,Binders,1,10,53.2400,17.2135,0.3233
2015-02-01,2015,2,West,California,Consumer,Office Supplies,Labels,2,9,148.7700,69.3113,0.4659
2015-02-01,2015,2,West,California,Consumer,Office Supplies,Paper,2,8,69.6400,33.0588,0.4747
2015-02-01,2015,2,West,California,Corporate,Furniture,Furnishings,1,4,136.9200,41.0760,0.3000
2015-02-01,2015,2,West,California,Corporate,Office Supplies,Labels,1,3,9.2400,4.4352,0.4800
2015-02-01,2015,2,West,New Mexico,Consumer,Office Supplies,Paper,1,4,49.1200,23.0864,0.4700
2015-02-01,2015,2,West,Utah,Corporate,Office Supplies,Binders,1,3,12.1440,4.0986,0.3375
2015-02-01,2015,2,West,Washington,Consumer,Technology,Accessories,1,9,538.9200,80.8380,0.1500
2015-02-01,2015,2,West,Washington,Corporate,Office Supplies,Art,1,3,5.2800,1.5312,0.2900
2015-03-01,2015,3,Central,Illinois,Consumer,Furniture,Furnishings,1,2,4.7120,-1.8848,-0.4000
2015-03-01,2015,3,Central,Illinois,Consumer,Office Supplies,Appliances,1,5,180.9800,-470.5480,-2.6000
2015-03-01,2015,3,Central,Illinois,Consumer,Office Supplies,Binders,2,5,19.7800,-31.3836,-1.5866
2015-03-01,2015,3,Central,Illinois,Consumer,Office Supplies,Fasteners,1,6,7.1040,2.4864,0.3500
2015-03-01,2015,3,Central,Illinois,Consumer,Office Supplies,Storage,1,2,60.4160,6.0416,0.1000
2015-03-01,2015,3,Central,Illinois,Corporate,Office Supplies,Paper,1,5,23.5200,8.5260,0.3625
2015-03-01,2015,3,Central,Illinois,Corporate,Technology,Phones,1,5,180.9600,13.5720,0.0750
2015-03-01,2015,3,Central,Illinois,Home Office,Furniture,Bookcases,1,3,359.0580,-35.9058,-0.1000
2015-03-01,2015,3,Central,Illinois,Home Office,Furniture,Chairs,1,4,366.7440,-110.0232,-0.3000
2015-03-01,2015,3,Central,Indiana,Consumer,Office Supplies,Appliances,1,7,60.6900,16.3863,0.2700
2015-03-01,2015,3,Central,Indiana,Consumer,Technology,Phones,1,2,23.9200,6.6976,0.2800
2015-03-01,2015,3,Central,Indiana,Home Office,Office Supplies,Art,1,1,10.1600,2.6416,0.2600
2015-03-01,2015,3,Central,Indiana,Home Office,Office Supplies,Envelopes,1,6,101.8800,50.9400,0.5000
2015-03-01,2015,3,Central,Texas,Consumer,Furniture,Chairs,1,2,107.7720,-29.2524,-0.2714
2015-03-01,2015,3,Central,Texas,Consumer,Office Supplies,Binders,3,13,17.7360,-27.4544,-1.5479
2015-03-01,2015,3,Central,Texas,Consumer,Office Supplies,Fasteners,1,9,18.8640,6.1308,0.3250
2015-03-01,2015,3,Central,Texas,Consumer,Office Supplies,Storage,1,2,129.5680,-25.9136,-0.2000
2015-03-01,2015,3,Central,Texas,Consumer,Technology,Accessories,1,1,18.3920,5.2877,0.2875
2015-03-01,2015,3,Central,Texas,Consumer,Technology,Phones,1,2,31.9200,2.3940,0.0750
2015-03-01,2015,3,Central,Texas,Corporate,Furniture,Bookcases,1,6,1227.9984,-36.1176,-0.0294
2015-03-01,2015,3,Central,Texas,Corporate,Furniture,Furnishings,1,3,22.3800,-7.8330,-0.3500
2015-03-01,2015,3,Central,Texas,Corporate,Office Supplies,Art,1,2,55.3280,6.2244,0.1125
2015-03-01,2015,3,Central,Texas,Corporate,Office Supplies,Paper,1,3,98.3760,35.6613,0.3625
2015-03-01,2015,3,Central,Texas,Corporate,Technology,Accessories,1,5,113.5200,29.7990,0.2625
2015-03-01,2015,3,Central,Texas,Corporate,Technology,Phones,2,7,455.7200,57.2345,0.1256
2015-03-01,2015,3,Central,Texas,Home Office,Furniture,Bookcases,1,4,383.4656,-67.6704,-0.1765
2015-03-01,2015,3,Central,Texas,Home Office,Office Supplies,Paper,1,2,65.5840,23.7742,0.3625
2015-03-01,2015,3,Central,Wisconsin,Consumer,Furniture,Bookcases,1,3,512.9400,97.4586,0.1900
2015-03-01,2015,3,Central,Wisconsin,Consumer,Furniture,Chairs,1,7,860.9300,189.4046,0.2200
2015-03-01,2015,3,Central,Wisconsin,Consumer,Furniture,Furnishings,1,6,373.0800,82.0776,0.2200
2015-03-01,2015,3,Central,Wisconsin,Consumer,Office Supplies,Art,1,1,14.9800,4.4940,0.3000
2015-03-01,2015,3,Central,Wisconsin,Consumer,Technology,Phones,1,5,769.9500,223.2855,0.2900
2015-03-01,2015,3,Central,Wisconsin,Corporate,Office Supplies,Paper,1,8,51.8400,24.8832,0.4800
2015-03-01,2015,3,East,Delaware,Home Office,Office Supplies,Binders,1,4,99.7200,48.1700,0.4831
2015-03-01,2015,3,East,Delaware,Home Office,Technology,Accessories,1,3,119.8500,52.7340,0.4400
2015-03-01,2015,3,East,Delaware,Home Office,Technology,Phones,1,3,587.9700,170.5113,0.2900
2015-03-01,2015,3,East,Maryland,Corporate,Office Supplies,Storage,1,6,89.8200,25.1496,0.2800
2015-03-01,2015,3,East,New Hampshire,Consumer,Office Supplies,Binders,1,3,671.9400,315.8118,0.4700
2015-03-01,2015,3,East,New Hampshire,Consumer,Office Supplies,Labels,1,4,16.5200,7.5992,0.4600
2015-03-01,2015,3,East,New York,Consumer,Furniture,Chairs,1,7,383.6070,63.9345,0.1667
2015-03-01,2015,3,East,New York,Consumer,Office Supplies,Envelopes,2,6,52.2600,25.9008,0.4956
2015-03-01,2015,3,East,New York,Consumer,Office Supplies,Paper,1,4,17.6400,8.1144,0.4600
2015-03-01,2015,3,East,New York,Consumer,Office Supplies,Storage,1,4,563.4000,67.6080,0.1200
2015-03-01,2015,3,East,New York,Corporate,Office Supplies,Appliances,1,3,13.1100,3.4086,0.2600
2015-03-01,2015,3,East,New York,Corporate,Office Supplies,Binders,1,11,1137.7840,370.4029,0.3255
2015-03-01,2015,3,East,New York,Corporate,Office Supplies,Envelopes,1,1,23.9900,11.9950,0.5000
2015-03-01,2015,3,East,New York,Corporate,Office Supplies,Paper,1,3,19.4400,9.3312,0.4800
2015-03-01,2015,3,East,New York,Corporate,Office Supplies,Storage,3,13,1203.1600,311.4814,0.2589
2015-03-01,2015,3,East,New York,Corporate,Technology,Accessories,1,1,15.0200,2.7036,0.1800
2015-03-01,2015,3,East,New York,Corporate,Technology,Phones,2,4,285.8800,56.5716,0.1979
2015-03-01,2015,3,East,New York,Home Office,Office Supplies,Art,1,3,17.5200,6.3072,0.3600
2015-03-01,2015,3,East,Pennsylvania,Consumer,Office Supplies,Appliances,1,2,3.5520,0.4440,0.1250
2015-03-01,2015,3,East,Pennsylvania,Consumer,Office Supplies,Paper,2,10,60.8160,19.6536,0.3232
2015-03-01,2015,3,East,Pennsylvania,Consumer,Technology,Accessories,1,3,16.7760,5.0328,0.3000
2015-03-01,2015,3,East,Pennsylvania,Corporate,Furniture,Chairs,1,2,99.3720,-7.0980,-0.0714
2015-03-01,2015,3,East,Pennsylvania,Corporate,Furniture,Furnishings,1,2,33.5680,-5.4548,-0.1625
2015-03-01,2015,3,East,Pennsylvania,Corporate,Office Supplies,Binders,1,3,2.5560,-1.7892,-0.7000
2015-03-01,2015,3,East,Pennsylvania,Corporate,Technology,Accessories,1,1,10.3120,-1.2890,-0.1250
2015-03-01,2015,3,East,Pennsylvania,Corporate,Technology,Phones,1,7,466.1580,-93.2316,-0.2000
2015-03-01,2015,3,South,Alabama,Consumer,Office Supplies,Envelopes,1,2,7.3800,3.3948,0.4600
2015-03-01,2015,3,South,Alabama,Consumer,Office Supplies,Labels,1,5,491.5500,240.8595,0.4900
2015-03-01,2015,3,South,Alabama,Corporate,Office Supplies,Art,1,4,19.5600,5.4768,0.2800
2015-03-01,2015,3,South,Florida,Consumer,Office Supplies,Paper,1,3,14.4960,4.8924,0.3375
2015-03-01,2015,3,South,Florida,Consumer,Office Supplies,Storage,1,9,150.4080,-33.8418,-0.2250
2015-03-01,2015,3,South,Florida,Consumer,Technology,Accessories,1,7,447.9440,89.5888,0.2000
2015-03-01,2015,3,South,Florida,Corporate,Furniture,Furnishings,1,7,37.2880,5.3018,0.1422
2015-03-01,2015,3,South,Florida,Corporate,Office Supplies,Appliances,1,2,6.9920,0.5244,0.0750
2015-03-01,2015,3,South,Florida,Corporate,Office Supplies,Envelopes,1,3,8.6880,2.9322,0.3375
2015-03-01,2015,3,South,Florida,Corporate,Office Supplies,Paper,1,3,74.3520,23.2350,0.3125
2015-03-01,2015,3,South,Florida,Corporate,Technology,Phones,1,5,79.9600,27.9860,0.3500
2015-03-01,2015,3,South,Florida,Home Office,Furniture,Chairs,1,5,1166.9200,131.2785,0.1125
2015-03-01,2015,3,South,Georgia,Consumer,Office Supplies,Art,1,4,11.0800,2.9082,0.2625
2015-03-01,2015,3,South,Georgia,Consumer,Office Supplies,Binders,2,9,6413.6700,3204.4862,0.4996
2015-03-01,2015,3,South,Georgia,Consumer,Office Supplies,Storage,1,3,46.7400,11.6850,0.2500
2015-03-01,2015,3,South,North Carolina,Consumer,Office Supplies,Appliances,1,4,962.0800,156.3380,0.1625
2015-03-01,2015,3,South,North Carolina,Consumer,Office Supplies,Binders,1,3,12.8430,-9.8463,-0.7667
2015-03-01,2015,3,South,North Carolina,Consumer,Office Supplies,Labels,2,4,9.6480,3.4344,0.3560
2015-03-01,2015,3,South,North Carolina,Consumer,Office Supplies,Paper,1,14,295.4560,96.0232,0.3250
2015-03-01,2015,3,South,South Carolina,Consumer,Office Supplies,Fasteners,1,4,31.5600,14.2020,0.4500
2015-03-01,2015,3,South,South Carolina,Consumer,Office Supplies,Storage,1,4,27.9200,0.5584,0.0200
2015-03-01,2015,3,South,Virginia,Consumer,Office Supplies,Art,1,2,5.5600,1.4456,0.2600
2015-03-01,2015,3,West,California,Consumer,Furniture,Furnishings,2,10,455.1800,105.3188,0.2314
2015-03-01,2015,3,West,California,Consumer,Office Supplies,Binders,1,2,17.5680,6.3684,0.3625
2015-03-01,2015,3,West,California,Consumer,Office Supplies,Fasteners,1,5,10.9000,3.5970,0.3300
2015-03-01,2015,3,West,California,Consumer,Office Supplies,Labels,1,2,14.6200,6.8714,0.4700
2015-03-01,2015,3,West,California,Consumer,Office Supplies,Paper,4,23,315.4900,149.5128,0.4739
2015-03-01,2015,3,West,California,Consumer,Office Supplies,Supplies,1,4,33.3600,8.6736,0.2600
2015-03-01,2015,3,West,California,Consumer,Technology,Accessories,2,4,219.4900,45.7035,0.2082
2015-03-01,2015,3,West,California,Consumer,Technology,Copiers,1,2,1119.9840,377.9946,0.3375
2015-03-01,2015,3,West,California,Consumer,Technology,Phones,1,2,15.9840,1.1988,0.0750
2015-03-01,2015,3,West,California,Corporate,Furniture,Chairs,1,3,184.7520,-20.7846,-0.1125
2015-03-01,2015,3,West,California,Corporate,Furniture,Furnishings,2,3,135.0900,33.7478,0.2498
2015-03-01,2015,3,West,California,Corporate,Office Supplies,Paper,4,21,343.5600,163.5852,0.4761
2015-03-01,2015,3,West,California,Corporate,Technology,Accessories,1,3,239.9700,86.3892,0.3600
2015-03-01,2015,3,West,California,Corporate,Technology,Phones,2,5,1503.9600,187.1958,0.1245
2015-03-01,2015,3,West,California,Home Office,Furniture,Chairs,1,4,915.1360,102.9528,0.1125
2015-03-01,2015,3,West,California,Home Office,Furniture,Furnishings,1,8,327.7600,91.7728,0.2800
2015-03-01,2015,3,West,Colorado,Corporate,Office Supplies,Art,1,1,3.4080,0.8946,0.2625
2015-03-01,2015,3,West,Oregon,Consumer,Office Supplies,Storage,1,3,29.3040,2.5641,0.0875
2015-03-01,2015,3,West,Utah,Corporate,Technology,Phones,1,3,16.7760,1.6776,0.1000
2015-03-01,2015,3,West,Washington,Consumer,Furniture,Bookcases,1,2,141.9600,39.7488,0.2800
2015-03-01,2015,3,West,Washington,Consumer,Furniture,Tables,2,5,959.4900,210.0909,0.2190
2015-03-01,2015,3,West,Washington,Consumer,Office Supplies,Appliances,1,4,73.2800,21.2512,0.2900
2015-03-01,2015,3,West,Washington,Consumer,Office Supplies,Storage,1,5,83.7000,3.3480,0.0400
2015-03-01,2015,3,West,Washington,Corporate,Furniture,Furnishings,1,5,46.9000,13.1320,0.2800
2015-03-01,2015,3,West,Washington,Corporate,Furniture,Tables,1,8,3393.6800,610.8624,0.1800
2015-03-01,2015,3,West,Washington,Corporate,Office Supplies,Paper,1,2,209.7000,100.6560,0.4800
2015-03-01,2015,3,West,Washington,Corporate,Office Supplies,Storage,1,3,1247.6400,349.3392,0.2800
2015-03-01,2015,3,West,Washington,Corporate,Technology,Copiers,1,7,3149.9300,1480.4671,0.4700
2015-03-01,2015,3,West,Washington,Home Office,Technology,Phones,1,3,453.5760,39.6879,0.0875
2015-04-01,2015,4,Central,Illinois,Consumer,Furniture,Chairs,1,3,128.0580,-23.7822,-0.1857
2015-04-01,2015,4,Central,Illinois,Consumer,Office Supplies,Storage,1,2,221.0240,-55.2560,-0.2500
2015-04-01,2015,4,Central,Illinois,Consumer,Technology,Accessories,1,3,43.5600,-4.9005,-0.1125
2015-04-01,2015,4,Central,Illinois,Consumer,Technology,Copiers,1,4,1439.9680,485.9892,0.3375
2015-04-01,2015,4,Central,Illinois,Home Office,Furniture,Chairs,1,5,213.1150,-15.2225,-0.0714
2015-04-01,2015,4,Central,Indiana,Consumer,Furniture,Chairs,1,1,89.9900,17.0981,0.1900
2015-04-01,2015,4,Central,Indiana,Consumer,Furniture,Furnishings,1,2,6.1600,2.9568,0.4800
2015-04-01,2015,4,Central,Indiana,Consumer,Office Supplies,Binders,1,6,38.2200,17.9634,0.4700
2015-04-01,2015,4,Central,Indiana,Consumer,Office Supplies,Labels,1,6,75.1800,35.3346,0.4700
2015-04-01,2015,4,Central,Michigan,Consumer,Office Supplies,Appliances,1,2,644.0760,107.3460,0.1667
2015-04-01,2015,4,Central,Michigan,Consumer,Office Supplies,Binders,1,2,12.7600,5.8696,0.4600
2015-04-01,2015,4,Central,Michigan,Consumer,Office Supplies,Envelopes,1,2,180.9600,81.4320,0.4500
2015-04-01,2015,4,Central,Michigan,Consumer,Office Supplies,Fasteners,1,2,5.8400,2.6280,0.4500
2015-04-01,2015,4,Central,Michigan,Consumer,Technology,Copiers,1,2,599.9800,209.9930,0.3500
2015-04-01,2015,4,Central,Michigan,Consumer,Technology,Phones,1,1,10.9500,0.4380,0.0400
2015-04-01,2015,4,Central,Michigan,Home Office,Office Supplies,Appliances,1,1,186.7320,41.4960,0.2222
2015-04-01,2015,4,Central,Michigan,Home Office,Office Supplies,Binders,1,3,3812.9700,1906.4850,0.5000
2015-04-01,2015,4,Central,Nebraska,Consumer,Office Supplies,Binders,1,3,17.4300,8.0178,0.4600
2015-04-01,2015,4,Central,Texas,Consumer,Furniture,Chairs,1,2,408.4220,-5.8346,-0.0143
2015-04-01,2015,4,Central,Texas,Consumer,Furniture,Tables,1,6,821.3520,-158.5760,-0.1931
2015-04-01,2015,4,Central,Texas,Consumer,Office Supplies,Appliances,4,15,523.6600,-1334.9282,-2.5492
2015-04-01,2015,4,Central,Texas,Consumer,Office Supplies,Art,1,9,42.0480,5.2560,0.1250
2015-04-01,2015,4,Central,Texas,Consumer,Office Supplies,Binders,3,17,339.1160,-559.9786,-1.6513
2015-04-01,2015,4,Central,Texas,Consumer,Office Supplies,Paper,2,5,125.4240,46.9344,0.3742
2015-04-01,2015,4,Central,Texas,Consumer,Office Supplies,Storage,1,3,23.8320,2.6811,0.1125
2015-04-01,2015,4,Central,Texas,Consumer,Technology,Accessories,3,18,507.5360,53.6270,0.1057
2015-04-01,2015,4,Central,Texas,Consumer,Technology,Phones,1,3,239.9760,17.9982,0.0750
2015-04-01,2015,4,Central,Texas,Corporate,Furniture,Chairs,1,1,56.6860,-20.2450,-0.3571
2015-04-01,2015,4,Central,Texas,Corporate,Office Supplies,Art,1,6,82.2240,7.3914,0.0899
2015-04-01,2015,4,Central,Texas,Corporate,Office Supplies,Binders,2,6,14.9440,-22.9210,-1.5338
2015-04-01,2015,4,Central,Texas,Corporate,Office Supplies,Paper,1,3,15.5520,5.4432,0.3500
2015-04-01,2015,4,Central,Texas,Corporate,Technology,Accessories,1,2,41.4240,8.2848,0.2000
2015-04-01,2015,4,Central,Texas,Corporate,Technology,Phones,1,6,342.7360,30.5998,0.0893
2015-04-01,2015,4,Central,Wisconsin,Consumer,Office Supplies,Appliances,1,5,272.4000,76.2720,0.2800
2015-04-01,2015,4,Central,Wisconsin,Consumer,Office Supplies,Art,1,5,57.7500,16.1700,0.2800
2015-04-01,2015,4,East,Connecticut,Consumer,Office Supplies,Appliances,1,3,370.1400,144.3546,0.3900
2015-04-01,2015,4,East,District of Columbia,Consumer,Furniture,Chairs,1,3,1267.5300,316.8825,0.2500
2015-04-01,2015,4,East,District of Columbia,Consumer,Office Supplies,Art,1,3,22.7400,8.8686,0.3900
2015-04-01,2015,4,East,District of Columbia,Consumer,Technology,Machines,1,8,1379.9200,648.5624,0.4700
2015-04-01,2015,4,East,Massachusetts,Corporate,Furniture,Furnishings,1,11,65.1800,27.4290,0.4208
2015-04-01,2015,4,East,Massachusetts,Corporate,Office Supplies,Paper,1,1,6.4800,3.1104,0.4800
2015-04-01,2015,4,East,Massachusetts,Corporate,Technology,Phones,1,10,209.5000,58.6600,0.2800
2015-04-01,2015,4,East,New York,Consumer,Office Supplies,Appliances,2,8,613.0300,204.6772,0.3339
2015-04-01,2015,4,East,New York,Consumer,Office Supplies,Art,1,3,10.7100,2.7846,0.2600
2015-04-01,2015,4,East,New York,Consumer,Office Supplies,Binders,1,13,62.2960,21.0249,0.3375
2015-04-01,2015,4,East,New York,Consumer,Office Supplies,Labels,1,3,21.9300,10.3071,0.4700
2015-04-01,2015,4,East,New York,Consumer,Office Supplies,Paper,1,4,25.9200,12.4416,0.4800
2015-04-01,2015,4,East,New York,Consumer,Office Supplies,Storage,2,5,40.5200,8.9206,0.2202
2015-04-01,2015,4,East,New York,Consumer,Technology,Accessories,2,4,184.7400,71.7594,0.3884
2015-04-01,2015,4,East,New York,Consumer,Technology,Phones,1,1,21.9900,10.5552,0.4800
2015-04-01,2015,4,East,New York,Corporate,Furniture,Chairs,1,2,127.7640,2.8392,0.0222
2015-04-01,2015,4,East,New York,Home Office,Furniture,Furnishings,1,2,108.4000,22.7640,0.2100
2015-04-01,2015,4,East,New York,Home Office,Office Supplies,Art,3,6,51.8200,17.9042,0.3455
2015-04-01,2015,4,East,New York,Home Office,Office Supplies,Binders,1,7,91.4320,31.0855,0.3400
2015-04-01,2015,4,East,New York,Home Office,Office Supplies,Storage,1,4,142.0400,38.3508,0.2700
2015-04-01,2015,4,East,Ohio,Consumer,Technology,Phones,1,5,1022.9700,-255.7425,-0.2500
2015-04-01,2015,4,East,Ohio,Corporate,Office Supplies,Appliances,1,3,45.2160,4.5216,0.1000
2015-04-01,2015,4,East,Ohio,Corporate,Office Supplies,Art,1,3,7.8720,1.2792,0.1625
2015-04-01,2015,4,East,Ohio,Corporate,Office Supplies,Binders,1,5,55.4700,-46.2250,-0.8333
2015-04-01,2015,4,East,Ohio,Corporate,Office Supplies,Fasteners,1,8,11.8640,-1.9781,-0.1667
2015-04-01,2015,4,East,Ohio,Corporate,Technology,Phones,1,3,118.7820,-27.7158,-0.2333
2015-04-01,2015,4,East,Pennsylvania,Consumer,Office Supplies,Labels,1,6,23.9040,7.7688,0.3250
2015-04-01,2015,4,East,Pennsylvania,Corporate,Office Supplies,Fasteners,1,4,12.5760,4.0872,0.3250
2015-04-01,2015,4,East,Pennsylvania,Home Office,Furniture,Bookcases,1,5,352.4500,-211.4700,-0.6000
2015-04-01,2015,4,East,Pennsylvania,Home Office,Furniture,Furnishings,1,5,554.7200,-66.0220,-0.1190
2015-04-01,2015,4,East,Pennsylvania,Home Office,Office Supplies,Appliances,1,7,98.1120,18.3960,0.1875
2015-04-01,2015,4,East,Pennsylvania,Home Office,Office Supplies,Art,1,3,11.7360,1.0269,0.0875
2015-04-01,2015,4,East,Pennsylvania,Home Office,Office Supplies,Binders,1,4,10.4280,-6.9520,-0.6667
2015-04-01,2015,4,East,Pennsylvania,Home Office,Office Supplies,Paper,1,2,7.9680,2.8884,0.3625
2015-04-01,2015,4,East,Pennsylvania,Home Office,Office Supplies,Storage,1,4,563.8080,21.1428,0.0375
2015-04-01,2015,4,East,Pennsylvania,Home Office,Technology,Phones,1,7,56.8380,-13.0147,-0.2290
2015-04-01,2015,4,South,Florida,Consumer,Furniture,Furnishings,1,5,121.8880,24.4176,0.2003
2015-04-01,2015,4,South,Florida,Consumer,Furniture,Tables,1,1,191.5155,-76.6062,-0.4000
2015-04-01,2015,4,South,Florida,Consumer,Office Supplies,Art,1,1,2.6240,0.4264,0.1625
2015-04-01,2015,4,South,Georgia,Corporate,Furniture,Furnishings,1,6,595.3800,297.6900,0.5000
2015-04-01,2015,4,South,Georgia,Corporate,Office Supplies,Paper,1,2,12.9600,6.2208,0.4800
2015-04-01,2015,4,South,Georgia,Corporate,Technology,Phones,1,3,287.9700,77.7519,0.2700
2015-04-01,2015,4,South,Kentucky,Consumer,Furniture,Chairs,1,2,191.9600,51.8292,0.2700
2015-04-01,2015,4,South,Kentucky,Consumer,Furniture,Furnishings,1,3,209.8800,35.6796,0.1700
2015-04-01,2015,4,South,Kentucky,Consumer,Office Supplies,Binders,1,3,21.3000,9.7980,0.4600
2015-04-01,2015,4,South,Kentucky,Consumer,Technology,Phones,1,5,469.9500,131.5860,0.2800
2015-04-01,2015,4,South,Louisiana,Consumer,Technology,Accessories,1,6,106.5000,41.5350,0.3900
2015-04-01,2015,4,South,North Carolina,Consumer,Office Supplies,Paper,1,3,47.9520,16.1838,0.3375
2015-04-01,2015,4,South,Tennessee,Consumer,Furniture,Chairs,1,8,831.9360,-114.3912,-0.1375
2015-04-01,2015,4,South,Tennessee,Consumer,Furniture,Furnishings,1,2,97.0400,1.2130,0.0125
2015-04-01,2015,4,South,Tennessee,Consumer,Office Supplies,Storage,1,1,72.7840,-18.1960,-0.2500
2015-04-01,2015,4,South,Tennessee,Corporate,Office Supplies,Binders,1,1,157.7940,-115.7156,-0.7333
2015-04-01,2015,4,South,Virginia,Consumer,Furniture,Bookcases,1,9,523.2600,125.5824,0.2400
2015-04-01,2015,4,South,Virginia,Consumer,Furniture,Furnishings,1,7,1196.8600,119.6860,0.1000
2015-04-01,2015,4,South,Virginia,Consumer,Office Supplies,Binders,1,1,9.1400,4.5700,0.5000
2015-04-01,2015,4,South,Virginia,Consumer,Technology,Phones,1,2,569.6400,148.1064,0.2600
2015-04-01,2015,4,West,Arizona,Consumer,Office Supplies,Storage,1,1,10.7440,0.8058,0.0750
2015-04-01,2015,4,West,Arizona,Consumer,Technology,Phones,1,5,87.8000,32.9250,0.3750
2015-04-01,2015,4,West,Arizona,Home Office,Office Supplies,Paper,1,9,85.9200,28.7016,0.3341
2015-04-01,2015,4,West,California,Consumer,Furniture,Tables,3,8,1322.3120,-126.7091,-0.0958
2015-04-01,2015,4,West,California,Consumer,Office Supplies,Appliances,1,5,1447.6500,419.8185,0.2900
2015-04-01,2015,4,West,California,Consumer,Office Supplies,Art,2,5,69.7000,18.9004,0.2712
2015-04-01,2015,4,West,California,Consumer,Office Supplies,Paper,2,4,64.7200,30.1300,0.4655
2015-04-01,2015,4,West,California,Consumer,Office Supplies,Storage,1,3,115.4400,30.0144,0.2600
2015-04-01,2015,4,West,California,Consumer,Technology,Accessories,2,7,523.3300,199.3340,0.3809
2015-04-01,2015,4,West,California,Consumer,Technology,Copiers,1,4,639.9680,215.9892,0.3375
2015-04-01,2015,4,West,California,Consumer,Technology,Machines,1,3,71.9760,24.2919,0.3375
2015-04-01,2015,4,West,California,Consumer,Technology,Phones,3,10,1352.6560,118.3574,0.0875
2015-04-01,2015,4,West,California,Corporate,Furniture,Chairs,2,6,956.1600,95.6160,0.1000
2015-04-01,2015,4,West,California,Corporate,Furniture,Furnishings,1,2,37.6800,15.8256,0.4200
2015-04-01,2015,4,West,California,Corporate,Office Supplies,Appliances,1,2,75.8400,29.5776,0.3900
2015-04-01,2015,4,West,California,Corporate,Office Supplies,Art,2,6,94.1700,25.1772,0.2674
2015-04-01,2015,4,West,California,Corporate,Office Supplies,Binders,3,8,77.1280,26.4858,0.3434
2015-04-01,2015,4,West,California,Corporate,Office Supplies,Envelopes,1,2,21.3400,9.8164,0.4600
2015-04-01,2015,4,West,California,Corporate,Technology,Phones,3,10,590.3520,60.1227,0.1018
2015-04-01,2015,4,West,California,Home Office,Office Supplies,Paper,1,2,61.9600,27.8820,0.4500
2015-04-01,2015,4,West,California,Home Office,Office Supplies,Storage,1,7,947.1700,9.4717,0.0100
2015-04-01,2015,4,West,Colorado,Home Office,Office Supplies,Appliances,1,5,43.5600,3.2670,0.0750
2015-04-01,2015,4,West,Colorado,Home Office,Office Supplies,Supplies,1,2,5.8400,0.7300,0.1250
2015-04-01,2015,4,West,New Mexico,Consumer,Office Supplies,Supplies,1,1,12.8800,0.3864,0.0300
2015-04-01,2015,4,West,Oregon,Consumer,Office Supplies,Appliances,1,1,35.2080,2.6406,0.0750
2015-04-01,2015,4,West,Washington,Consumer,Office Supplies,Art,1,8,23.8400,6.4368,0.2700
2015-04-01,2015,4,West,Washington,Consumer,Technology,Accessories,1,6,239.9400,26.3934,0.1100
2015-04-01,2015,4,West,Washington,Home Office,Office Supplies,Storage,1,3,40.7400,0.4074,0.0100
2015-05-01,2015,5,Central,Illinois,Consumer,Furniture,Chairs,1,7,602.6510,-163.5767,-0.2714
2015-05-01,2015,5,Central,Illinois,Consumer,Office Supplies,Appliances,1,8,20.7680,-52.9584,-2.5500
2015-05-01,2015,5,Central,Illinois,Consumer,Office Supplies,Binders,1,6,7.6560,-13.0152,-1.7000
2015-05-01,2015,5,Central,Illinois,Corporate,Furniture,Furnishings,2,9,73.8480,-70.7872,-0.9586
2015-05-01,2015,5,Central,Illinois,Corporate,Office Supplies,Binders,1,3,3.5640,-6.2370,-1.7500
2015-05-01,2015,5,Central,Illinois,Corporate,Office Supplies,Labels,1,2,5.9040,1.9926,0.3375
2015-05-01,2015,5,Central,Illinois,Corporate,Office Supplies,Paper,1,7,173.4880,54.2150,0.3125
2015-05-01,2015,5,Central,Illinois,Home Office,Office Supplies,Appliances,1,5,70.9700,-191.6190,-2.7000
2015-05-01,2015,5,Central,Illinois,Home Office,Office Supplies,Art,1,2,36.7840,3.6784,0.1000
2015-05-01,2015,5,Central,Illinois,Home Office,Office Supplies,Fasteners,1,4,16.0000,5.6000,0.3500
2015-05-01,2015,5,Central,Illinois,Home Office,Technology,Phones,1,2,222.3840,16.6788,0.0750
2015-05-01,2015,5,Central,Indiana,Consumer,Office Supplies,Labels,1,3,12.3900,5.6994,0.4600
2015-05-01,2015,5,Central,Indiana,Corporate,Office Supplies,Art,1,7,125.9300,35.2604,0.2800
2015-05-01,2015,5,Central,Kansas,Home Office,Office Supplies,Art,1,3,21.2400,8.0712,0.3800
2015-05-01,2015,5,Central,Kansas,Home Office,Office Supplies,Binders,1,2,127.9600,60.1412,0.4700
2015-05-01,2015,5,Central,Michigan,Home Office,Furniture,Furnishings,1,9,75.3300,19.5858,0.2600
2015-05-01,2015,5,Central,Michigan,Home Office,Office Supplies,Appliances,1,5,850.5000,245.7000,0.2889
2015-05-01,2015,5,Central,Minnesota,Consumer,Furniture,Chairs,1,8,2567.8400,770.3520,0.3000
2015-05-01,2015,5,Central,Minnesota,Consumer,Furniture,Furnishings,1,3,123.9600,11.1564,0.0900
2015-05-01,2015,5,Central,Minnesota,Consumer,Office Supplies,Binders,1,2,43.9800,21.9900,0.5000
2015-05-01,2015,5,Central,Minnesota,Consumer,Technology,Phones,1,3,377.9700,105.8316,0.2800
2015-05-01,2015,5,Central,Texas,Consumer,Furniture,Chairs,1,6,210.6160,-33.1832,-0.1576
2015-05-01,2015,5,Central,Texas,Consumer,Furniture,Furnishings,1,4,21.9680,-15.9268,-0.7250
2015-05-01,2015,5,Central,Texas,Consumer,Furniture,Tables,1,2,244.0060,-31.3722,-0.1286
2015-05-01,2015,5,Central,Texas,Consumer,Office Supplies,Paper,2,11,143.8400,46.9472,0.3264
2015-05-01,2015,5,Central,Texas,Consumer,Technology,Machines,1,2,399.5400,-79.9080,-0.2000
2015-05-01,2015,5,Central,Texas,Consumer,Technology,Phones,1,6,619.1520,69.6546,0.1125
2015-05-01,2015,5,Central,Texas,Corporate,Office Supplies,Binders,1,5,33.2800,-49.9200,-1.5000
2015-05-01,2015,5,Central,Texas,Corporate,Office Supplies,Labels,1,3,8.8560,2.9889,0.3375
2015-05-01,2015,5,Central,Texas,Corporate,Office Supplies,Paper,2,10,46.4560,16.6642,0.3587
2015-05-01,2015,5,Central,Texas,Corporate,Office Supplies,Supplies,1,2,22.3680,1.6776,0.0750
2015-05-01,2015,5,Central,Texas,Corporate,Technology,Accessories,1,2,207.9840,36.3972,0.1750
2015-05-01,2015,5,Central,Texas,Corporate,Technology,Phones,2,10,1104.7200,132.1509,0.1196
2015-05-01,2015,5,East,Connecticut,Consumer,Office Supplies,Storage,1,6,93.7900,24.1500,0.2575
2015-05-01,2015,5,East,Connecticut,Home Office,Furniture,Furnishings,1,6,22.2000,9.1020,0.4100
2015-05-01,2015,5,East,New Jersey,Corporate,Furniture,Furnishings,1,2,8.2800,2.9808,0.3600
2015-05-01,2015,5,East,New Jersey,Corporate,Office Supplies,Paper,1,5,274.8000,134.6520,0.4900
2015-05-01,2015,5,East,New Jersey,Corporate,Office Supplies,Storage,1,1,62.1800,16.7886,0.2700
2015-05-01,2015,5,East,New York,Consumer,Furniture,Chairs,1,2,127.7640,21.2940,0.1667
2015-05-01,2015,5,East,New York,Consumer,Furniture,Furnishings,1,3,79.4400,30.1872,0.3800
2015-05-01,2015,5,East,New York,Consumer,Office Supplies,Appliances,1,2,160.3200,44.8896,0.2800
2015-05-01,2015,5,East,New York,Consumer,Office Supplies,Art,1,3,47.8200,14.3460,0.3000
2015-05-01,2015,5,East,New York,Consumer,Office Supplies,Binders,1,2,6.0960,2.0574,0.3375
2015-05-01,2015,5,East,New York,Consumer,Office Supplies,Labels,2,15,44.5500,21.1230,0.4741
2015-05-01,2015,5,East,New York,Consumer,Office Supplies,Paper,2,10,64.8000,31.1040,0.4800
2015-05-01,2015,5,East,New York,Consumer,Office Supplies,Storage,2,6,572.0400,170.5131,0.2981
2015-05-01,2015,5,East,New York,Consumer,Office Supplies,Supplies,2,7,413.5300,23.2826,0.0563
2015-05-01,2015,5,East,New York,Consumer,Technology,Copiers,1,7,2799.9440,1014.9797,0.3625
2015-05-01,2015,5,East,New York,Consumer,Technology,Phones,2,7,414.8100,19.6023,0.0473
2015-05-01,2015,5,East,New York,Corporate,Furniture,Furnishings,1,2,26.8000,12.8640,0.4800
2015-05-01,2015,5,East,New York,Home Office,Office Supplies,Fasteners,1,6,7.5600,0.3024,0.0400
2015-05-01,2015,5,East,New York,Home Office,Office Supplies,Paper,1,2,37.9400,18.2112,0.4800
2015-05-01,2015,5,East,Ohio,Corporate,Furniture,Chairs,1,3,317.0580,-86.0586,-0.2714
2015-05-01,2015,5,East,Ohio,Corporate,Furniture,Furnishings,2,10,49.9200,-2.9040,-0.0582
2015-05-01,2015,5,East,Ohio,Corporate,Office Supplies,Fasteners,1,5,8.0400,2.9145,0.3625
2015-05-01,2015,5,East,Ohio,Home Office,Office Supplies,Paper,1,3,85.0560,28.7064,0.3375
2015-05-01,2015,5,East,Pennsylvania,Consumer,Furniture,Chairs,1,6,844.1160,-36.1764,-0.0429
2015-05-01,2015,5,East,Pennsylvania,Consumer,Office Supplies,Appliances,1,9,41.8960,8.5639,0.2044
2015-05-01,2015,5,East,Pennsylvania,Consumer,Office Supplies,Art,1,2,59.9040,14.2272,0.2375
2015-05-01,2015,5,East,Pennsylvania,Consumer,Office Supplies,Paper,1,2,7.9680,2.8884,0.3625
2015-05-01,2015,5,East,Pennsylvania,Consumer,Office Supplies,Storage,1,3,76.7520,-9.5940,-0.1250
2015-05-01,2015,5,East,Pennsylvania,Consumer,Technology,Accessories,1,3,27.5520,-0.3444,-0.0125
2015-05-01,2015,5,East,Pennsylvania,Corporate,Office Supplies,Binders,1,2,24.5880,-18.0312,-0.7333
2015-05-01,2015,5,East,Pennsylvania,Corporate,Office Supplies,Storage,1,2,51.9680,-10.3936,-0.2000
2015-05-01,2015,5,East,Pennsylvania,Home Office,Office Supplies,Art,1,9,200.9680,18.1576,0.0904
2015-05-01,2015,5,East,Pennsylvania,Home Office,Office Supplies,Binders,1,5,23.4840,-17.0584,-0.7264
2015-05-01,2015,5,East,Pennsylvania,Home Office,Office Supplies,Envelopes,1,7,200.9840,62.8075,0.3125
2015-05-01,2015,5,East,Pennsylvania,Home Office,Office Supplies,Labels,1,8,145.0560,49.5112,0.3413
2015-05-01,2015,5,East,Rhode Island,Corporate,Office Supplies,Storage,1,3,51.4500,13.8915,0.2700
2015-05-01,2015,5,South,Florida,Corporate,Furniture,Furnishings,1,3,63.5520,14.2992,0.2250
2015-05-01,2015,5,South,Florida,Corporate,Office Supplies,Art,1,6,172.7040,10.7940,0.0625
2015-05-01,2015,5,South,Florida,Corporate,Office Supplies,Supplies,1,3,41.3760,4.6548,0.1125
2015-05-01,2015,5,South,Florida,Home Office,Technology,Accessories,1,4,255.9680,31.9960,0.1250
2015-05-01,2015,5,South,Georgia,Corporate,Office Supplies,Envelopes,1,3,17.9400,8.7906,0.4900
2015-05-01,2015,5,South,Kentucky,Consumer,Office Supplies,Binders,1,3,48.8100,23.9169,0.4900
2015-05-01,2015,5,South,Kentucky,Consumer,Office Supplies,Paper,1,2,45.6800,21.0128,0.4600
2015-05-01,2015,5,South,North Carolina,Consumer,Furniture,Furnishings,1,4,163.1360,20.3920,0.1250
2015-05-01,2015,5,South,North Carolina,Consumer,Office Supplies,Art,1,3,10.2720,1.1556,0.1125
2015-05-01,2015,5,South,North Carolina,Consumer,Office Supplies,Binders,1,4,6.4080,-4.9128,-0.7667
2015-05-01,2015,5,South,North Carolina,Home Office,Office Supplies,Envelopes,1,2,12.2240,4.4312,0.3625
2015-05-01,2015,5,South,North Carolina,Home Office,Office Supplies,Paper,1,5,172.0000,59.7432,0.3473
2015-05-01,2015,5,South,North Carolina,Home Office,Technology,Accessories,1,7,167.9440,50.3832,0.3000
2015-05-01,2015,5,South,South Carolina,Corporate,Office Supplies,Envelopes,1,3,186.6900,87.7443,0.4700
2015-05-01,2015,5,South,Tennessee,Corporate,Technology,Phones,1,4,467.0400,58.3800,0.1250
2015-05-01,2015,5,South,Virginia,Home Office,Technology,Accessories,1,4,151.9600,36.4704,0.2400
2015-05-01,2015,5,West,Arizona,Consumer,Office Supplies,Appliances,1,4,121.7920,13.7016,0.1125
2015-05-01,2015,5,West,Arizona,Consumer,Office Supplies,Binders,1,7,19.1940,-12.7960,-0.6667
2015-05-01,2015,5,West,Arizona,Home Office,Furniture,Chairs,1,7,191.9680,16.7972,0.0875
2015-05-01,2015,5,West,California,Consumer,Office Supplies,Art,1,3,8.8200,2.5578,0.2900
2015-05-01,2015,5,West,California,Consumer,Office Supplies,Binders,2,5,124.2400,43.6362,0.3512
2015-05-01,2015,5,West,California,Consumer,Office Supplies,Labels,1,2,8.2600,3.7996,0.4600
2015-05-01,2015,5,West,California,Consumer,Office Supplies,Paper,1,9,38.5200,17.3340,0.4500
2015-05-01,2015,5,West,California,Consumer,Office Supplies,Storage,3,14,1260.0300,95.6868,0.0759
2015-05-01,2015,5,West,California,Consumer,Office Supplies,Supplies,1,2,35.0600,10.5180,0.3000
2015-05-01,2015,5,West,California,Consumer,Technology,Accessories,1,4,339.9600,122.3856,0.3600
2015-05-01,2015,5,West,California,Consumer,Technology,Machines,1,7,2973.3200,334.4985,0.1125
2015-05-01,2015,5,West,California,Consumer,Technology,Phones,1,6,775.7280,58.1796,0.0750
2015-05-01,2015,5,West,California,Corporate,Furniture,Bookcases,1,5,509.9575,41.9965,0.0824
2015-05-01,2015,5,West,California,Corporate,Furniture,Chairs,1,5,819.9200,75.1666,0.0917
2015-05-01,2015,5,West,California,Corporate,Furniture,Furnishings,1,3,122.9100,34.4148,0.2800
2015-05-01,2015,5,West,California,Corporate,Office Supplies,Paper,2,13,174.7600,80.1316,0.4585
2015-05-01,2015,5,West,California,Corporate,Office Supplies,Storage,1,6,80.8800,21.0288,0.2600
2015-05-01,2015,5,West,California,Corporate,Technology,Phones,1,3,88.7520,11.0940,0.1250
2015-05-01,2015,5,West,California,Home Office,Furniture,Furnishings,2,9,680.6100,111.4017,0.1637
2015-05-01,2015,5,West,California,Home Office,Office Supplies,Binders,1,3,13.8480,5.1930,0.3750
2015-05-01,2015,5,West,Colorado,Consumer,Office Supplies,Appliances,1,13,845.7280,84.5728,0.1000
2015-05-01,2015,5,West,Colorado,Consumer,Technology,Accessories,1,4,46.6880,-2.9180,-0.0625
2015-05-01,2015,5,West,Colorado,Consumer,Technology,Phones,1,2,201.5840,20.1584,0.1000
2015-05-01,2015,5,West,Oregon,Consumer,Office Supplies,Art,1,2,5.2480,0.5904,0.1125
2015-05-01,2015,5,West,Utah,Consumer,Furniture,Bookcases,1,7,1406.8600,140.6860,0.1000
2015-05-01,2015,5,West,Utah,Consumer,Office Supplies,Labels,1,5,15.7500,7.5600,0.4800
2015-05-01,2015,5,West,Utah,Consumer,Office Supplies,Storage,1,2,323.1000,61.3890,0.1900
2015-05-01,2015,5,West,Washington,Consumer,Furniture,Furnishings,1,1,20.2400,7.8936,0.3900
2015-05-01,2015,5,West,Washington,Consumer,Office Supplies,Binders,2,8,182.3520,67.8348,0.3720
2015-05-01,2015,5,West,Washington,Consumer,Office Supplies,Paper,1,5,32.4000,15.5520,0.4800
2015-05-01,2015,5,West,Washington,Consumer,Office Supplies,Storage,1,3,540.5700,140.5482,0.2600
2015-05-01,2015,5,West,Washington,Corporate,Office Supplies,Binders,1,4,26.9760,8.7672,0.3250
2015-05-01,2015,5,West,Washington,Home Office,Office Supplies,Art,1,3,6.6300,1.7901,0.2700
2015-06-01,2015,6,Central,Illinois,Consumer,Office Supplies,Appliances,1,2,143.1280,-393.6020,-2.7500
2015-06-01,2015,6,Central,Illinois,Consumer,Technology,Accessories,1,3,2.3760,0.7425,0.3125
2015-06-01,2015,6,Central,Illinois,Home Office,Furniture,Tables,1,7,796.4250,-525.6405,-0.6600
2015-06-01,2015,6,Central,Indiana,Home Office,Office Supplies,Storage,1,2,24.5600,6.8768,0.2800
2015-06-01,2015,6,Central,Michigan,Consumer,Office Supplies,Binders,1,6,403.6800,181.6560,0.4500
2015-06-01,2015,6,Central,Michigan,Consumer,Office Supplies,Labels,1,7,28.9100,13.2986,0.4600
2015-06-01,2015,6,Central,Michigan,Consumer,Office Supplies,Paper,1,2,12.9600,6.2208,0.4800
2015-06-01,2015,6,Central,Michigan,Consumer,Technology,Phones,1,4,341.8800,95.7264,0.2800
2015-06-01,2015,6,Central,Michigan,Corporate,Technology,Accessories,1,2,41.9000,8.7990,0.2100
2015-06-01,2015,6,Central,Missouri,Corporate,Office Supplies,Paper,1,2,10.5600,4.7520,0.4500
2015-06-01,2015,6,Central,Nebraska,Home Office,Technology,Phones,1,2,269.9800,72.8946,0.2700
2015-06-01,2015,6,Central,Texas,Consumer,Furniture,Chairs,1,2,197.3720,-25.3764,-0.1286
2015-06-01,2015,6,Central,Texas,Consumer,Furniture,Furnishings,1,9,75.3840,-20.7306,-0.2750
2015-06-01,2015,6,Central,Texas,Consumer,Office Supplies,Binders,1,2,0.9840,-1.4760,-1.5000
2015-06-01,2015,6,Central,Texas,Consumer,Office Supplies,Envelopes,1,3,28.7520,9.3444,0.3250
2015-06-01,2015,6,Central,Texas,Consumer,Office Supplies,Labels,1,2,4.6080,1.6704,0.3625
2015-06-01,2015,6,Central,Texas,Consumer,Office Supplies,Paper,2,6,75.1680,26.0496,0.3466
2015-06-01,2015,6,Central,Texas,Consumer,Technology,Phones,1,3,971.8800,109.3365,0.1125
2015-06-01,2015,6,Central,Texas,Corporate,Office Supplies,Binders,1,8,5.7280,-9.1648,-1.6000
2015-06-01,2015,6,Central,Texas,Corporate,Office Supplies,Paper,1,10,42.2400,13.2000,0.3125
2015-06-01,2015,6,Central,Texas,Home Office,Office Supplies,Binders,1,2,5.7920,-9.5568,-1.6500
2015-06-01,2015,6,Central,Texas,Home Office,Office Supplies,Storage,1,5,228.9200,14.3075,0.0625
2015-06-01,2015,6,East,Delaware,Consumer,Office Supplies,Storage,1,5,29.9000,5.0830,0.1700
2015-06-01,2015,6,East,Maine,Home Office,Office Supplies,Binders,1,4,38.1000,17.3102,0.4543
2015-06-01,2015,6,East,Maine,Home Office,Technology,Accessories,1,2,67.9800,14.9556,0.2200
2015-06-01,2015,6,East,New York,Consumer,Furniture,Chairs,1,1,117.8820,1.3098,0.0111
2015-06-01,2015,6,East,New York,Consumer,Office Supplies,Binders,2,5,4267.9440,1600.4790,0.3750
2015-06-01,2015,6,East,New York,Consumer,Office Supplies,Paper,1,4,24.9600,11.2320,0.4500
2015-06-01,2015,6,East,New York,Consumer,Technology,Phones,1,2,133.9800,33.4950,0.2500
2015-06-01,2015,6,East,New York,Corporate,Furniture,Chairs,1,9,1522.6380,169.1820,0.1111
2015-06-01,2015,6,East,New York,Home Office,Furniture,Furnishings,1,3,35.2800,11.9952,0.3400
2015-06-01,2015,6,East,New York,Home Office,Office Supplies,Paper,1,4,30.4400,14.3068,0.4700
2015-06-01,2015,6,East,Ohio,Corporate,Furniture,Bookcases,1,6,482.9400,-376.6932,-0.7800
2015-06-01,2015,6,East,Ohio,Corporate,Office Supplies,Paper,1,3,15.5520,5.4432,0.3500
2015-06-01,2015,6,East,Ohio,Home Office,Office Supplies,Art,1,1,3.4240,0.2996,0.0875
2015-06-01,2015,6,East,Ohio,Home Office,Office Supplies,Paper,1,9,43.0560,15.6078,0.3625
2015-06-01,2015,6,East,Pennsylvania,Consumer,Furniture,Furnishings,2,3,63.4000,6.0887,0.0960
2015-06-01,2015,6,East,Pennsylvania,Consumer,Office Supplies,Envelopes,1,2,6.2080,2.1728,0.3500
2015-06-01,2015,6,East,Pennsylvania,Consumer,Office Supplies,Paper,1,4,20.7360,7.2576,0.3500
2015-06-01,2015,6,East,Pennsylvania,Home Office,Furniture,Furnishings,1,6,51.0720,5.1072,0.1000
2015-06-01,2015,6,East,Pennsylvania,Home Office,Office Supplies,Art,1,3,8.0160,1.0020,0.1250
2015-06-01,2015,6,East,Pennsylvania,Home Office,Office Supplies,Binders,1,4,18.3120,-12.2080,-0.6667
2015-06-01,2015,6,East,Pennsylvania,Home Office,Office Supplies,Labels,1,2,5.9040,1.9926,0.3375
2015-06-01,2015,6,East,Pennsylvania,Home Office,Office Supplies,Paper,2,11,57.0240,19.9584,0.3500
2015-06-01,2015,6,East,Pennsylvania,Home Office,Office Supplies,Storage,1,2,78.2560,-17.6076,-0.2250
2015-06-01,2015,6,East,Pennsylvania,Home Office,Technology,Accessories,1,2,319.9840,91.9954,0.2875
2015-06-01,2015,6,South,Alabama,Corporate,Office Supplies,Art,1,6,24.7800,6.9384,0.2800
2015-06-01,2015,6,South,Alabama,Corporate,Office Supplies,Binders,1,3,19.1400,8.8044,0.4600
2015-06-01,2015,6,South,Alabama,Corporate,Office Supplies,Paper,1,5,32.4000,15.5520,0.4800
2015-06-01,2015,6,South,Alabama,Corporate,Technology,Copiers,1,3,899.9700,314.9895,0.3500
2015-06-01,2015,6,South,Florida,Consumer,Office Supplies,Binders,1,8,102.7200,-69.7640,-0.6792
2015-06-01,2015,6,South,Florida,Consumer,Technology,Accessories,2,6,84.2720,-8.8970,-0.1056
2015-06-01,2015,6,South,Florida,Consumer,Technology,Phones,2,5,163.9600,41.9904,0.2561
2015-06-01,2015,6,South,Florida,Corporate,Furniture,Chairs,1,5,1123.9200,-182.6370,-0.1625
2015-06-01,2015,6,South,Florida,Corporate,Furniture,Furnishings,2,10,221.8800,52.7679,0.2378
2015-06-01,2015,6,South,Florida,Corporate,Office Supplies,Art,3,8,78.8480,11.5080,0.1460
2015-06-01,2015,6,South,Florida,Corporate,Office Supplies,Binders,2,9,100.6320,-79.4136,-0.7891
2015-06-01,2015,6,South,Florida,Corporate,Office Supplies,Labels,1,3,9.0000,3.1500,0.3500
2015-06-01,2015,6,South,Florida,Corporate,Office Supplies,Paper,1,17,215.7280,67.4150,0.3125
2015-06-01,2015,6,South,Florida,Corporate,Office Supplies,Storage,2,10,2117.3920,66.5120,0.0314
2015-06-01,2015,6,South,Florida,Corporate,Technology,Phones,1,2,249.5840,31.1980,0.1250
2015-06-01,2015,6,South,Georgia,Corporate,Furniture,Furnishings,1,3,27.4200,9.3228,0.3400
2015-06-01,2015,6,South,Georgia,Corporate,Office Supplies,Binders,1,1,165.9800,74.6910,0.4500
2015-06-01,2015,6,South,Georgia,Corporate,Office Supplies,Paper,1,1,6.4800,3.1104,0.4800
2015-06-01,2015,6,South,Georgia,Corporate,Technology,Accessories,1,3,75.0000,18.0000,0.2400
2015-06-01,2015,6,South,Georgia,Home Office,Office Supplies,Art,1,5,140.7500,42.2250,0.3000
2015-06-01,2015,6,South,Georgia,Home Office,Office Supplies,Binders,1,2,119.5600,54.9976,0.4600
2015-06-01,2015,6,South,Louisiana,Consumer,Furniture,Furnishings,1,2,29.1600,10.7892,0.3700
2015-06-01,2015,6,South,Louisiana,Consumer,Office Supplies,Art,1,2,56.3000,15.7640,0.2800
2015-06-01,2015,6,South,Louisiana,Consumer,Office Supplies,Binders,1,7,36.2600,16.6796,0.4600
2015-06-01,2015,6,South,Louisiana,Consumer,Office Supplies,Paper,1,5,32.4000,15.5520,0.4800
2015-06-01,2015,6,South,Louisiana,Consumer,Technology,Accessories,1,6,53.7000,10.2030,0.1900
2015-06-01,2015,6,South,Tennessee,Corporate,Furniture,Chairs,1,4,643.1360,56.2744,0.0875
2015-06-01,2015,6,South,Tennessee,Corporate,Office Supplies,Binders,1,3,6.1290,-4.4946,-0.7333
2015-06-01,2015,6,South,Tennessee,Corporate,Office Supplies,Paper,1,4,20.7360,7.2576,0.3500
2015-06-01,2015,6,South,Virginia,Consumer,Furniture,Chairs,1,3,332.9400,79.9056,0.2400
2015-06-01,2015,6,South,Virginia,Consumer,Furniture,Furnishings,1,3,60.8400,19.4688,0.3200
2015-06-01,2015,6,South,Virginia,Consumer,Office Supplies,Binders,2,16,254.6200,122.6480,0.4817
2015-06-01,2015,6,South,Virginia,Consumer,Office Supplies,Storage,2,3,465.4600,62.6686,0.1346
2015-06-01,2015,6,South,Virginia,Consumer,Technology,Phones,1,3,467.9700,140.3910,0.3000
2015-06-01,2015,6,South,Virginia,Home Office,Office Supplies,Binders,1,3,113.1000,56.5500,0.5000
2015-06-01,2015,6,West,Arizona,Consumer,Furniture,Furnishings,1,10,404.9600,-25.4000,-0.0627
2015-06-01,2015,6,West,Arizona,Consumer,Office Supplies,Paper,1,2,9.5680,2.9900,0.3125
2015-06-01,2015,6,West,Arizona,Consumer,Office Supplies,Storage,1,2,82.3680,-19.5624,-0.2375
2015-06-01,2015,6,West,Arizona,Corporate,Furniture,Furnishings,1,4,621.7600,46.6320,0.0750
2015-06-01,2015,6,West,Arizona,Corporate,Office Supplies,Labels,1,2,5.9040,1.9926,0.3375
2015-06-01,2015,6,West,Arizona,Home Office,Furniture,Furnishings,1,5,75.3600,20.7240,0.2750
2015-06-01,2015,6,West,Arizona,Home Office,Office Supplies,Binders,1,9,13.6920,-9.4304,-0.6888
2015-06-01,2015,6,West,Arizona,Home Office,Office Supplies,Paper,1,3,11.9520,4.3326,0.3625
2015-06-01,2015,6,West,California,Consumer,Furniture,Furnishings,2,7,217.4100,61.3772,0.2823
2015-06-01,2015,6,West,California,Consumer,Office Supplies,Art,2,4,72.9400,20.3142,0.2785
2015-06-01,2015,6,West,California,Consumer,Office Supplies,Binders,2,6,125.3760,41.4690,0.3308
2015-06-01,2015,6,West,California,Consumer,Office Supplies,Envelopes,1,3,186.6900,87.7443,0.4700
2015-06-01,2015,6,West,California,Consumer,Office Supplies,Fasteners,1,3,5.4300,1.7919,0.3300
2015-06-01,2015,6,West,California,Consumer,Office Supplies,Paper,1,1,6.4800,3.1104,0.4800
2015-06-01,2015,6,West,California,Consumer,Office Supplies,Storage,1,3,304.2300,9.1269,0.0300
2015-06-01,2015,6,West,California,Consumer,Technology,Accessories,1,5,1109.9500,431.9820,0.3892
2015-06-01,2015,6,West,California,Consumer,Technology,Phones,1,5,361.5600,28.0371,0.0775
2015-06-01,2015,6,West,California,Corporate,Furniture,Furnishings,1,6,257.6400,100.4796,0.3900
2015-06-01,2015,6,West,California,Corporate,Office Supplies,Binders,1,5,7.5200,2.6320,0.3500
2015-06-01,2015,6,West,California,Corporate,Technology,Phones,2,6,351.5520,69.7986,0.1985
2015-06-01,2015,6,West,California,Home Office,Office Supplies,Paper,1,2,11.7600,5.7624,0.4900
2015-06-01,2015,6,West,Colorado,Consumer,Technology,Phones,1,7,125.9440,15.7430,0.1250
2015-06-01,2015,6,West,Idaho,Consumer,Furniture,Furnishings,1,4,355.3600,92.3936,0.2600
2015-06-01,2015,6,West,Idaho,Consumer,Technology,Phones,1,3,140.3760,8.7735,0.0625
2015-06-01,2015,6,West,Utah,Consumer,Office Supplies,Fasteners,1,4,4.9600,2.3312,0.4700
2015-06-01,2015,6,West,Washington,Consumer,Office Supplies,Art,1,2,9.2600,3.0558,0.3300
2015-06-01,2015,6,West,Washington,Consumer,Office Supplies,Labels,1,2,7.3800,3.4686,0.4700
2015-06-01,2015,6,West,Washington,Consumer,Technology,Phones,1,4,201.5680,22.6764,0.1125
2015-07-01,2015,7,Central,Illinois,Consumer,Furniture,Bookcases,1,9,1298.3740,-178.6776,-0.1376
2015-07-01,2015,7,Central,Illinois,Consumer,Furniture,Chairs,2,17,1174.1450,-104.1143,-0.0887
2015-07-01,2015,7,Central,Illinois,Consumer,Furniture,Furnishings,1,1,7.7600,-2.1340,-0.2750
2015-07-01,2015,7,Central,Illinois,Consumer,Office Supplies,Art,1,3,6.9120,0.6912,0.1000
2015-07-01,2015,7,Central,Illinois,Consumer,Office Supplies,Binders,2,7,4.8080,-7.4524,-1.5500
2015-07-01,2015,7,Central,Illinois,Consumer,Office Supplies,Paper,1,2,11.1680,3.7692,0.3375
2015-07-01,2015,7,Central,Illinois,Consumer,Office Supplies,Storage,1,8,504.1040,54.9967,0.1091
2015-07-01,2015,7,Central,Illinois,Consumer,Technology,Phones,2,15,1498.7760,133.3346,0.0890
2015-07-01,2015,7,Central,Indiana,Consumer,Office Supplies,Envelopes,1,7,106.7500,49.1050,0.4600
2015-07-01,2015,7,Central,Indiana,Consumer,Office Supplies,Paper,1,7,124.2200,57.8554,0.4657
2015-07-01,2015,7,Central,Indiana,Consumer,Office Supplies,Storage,1,6,176.1600,47.9108,0.2720
2015-07-01,2015,7,Central,Indiana,Consumer,Technology,Accessories,1,5,831.2000,124.6800,0.1500
2015-07-01,2015,7,Central,Michigan,Home Office,Office Supplies,Binders,1,5,19.0000,8.9300,0.4700
2015-07-01,2015,7,Central,Minnesota,Home Office,Furniture,Chairs,1,6,155.8800,38.9700,0.2500
2015-07-01,2015,7,Central,Missouri,Corporate,Office Supplies,Supplies,1,3,52.5900,15.7770,0.3000
2015-07-01,2015,7,Central,Texas,Consumer,Office Supplies,Appliances,1,4,32.7840,-85.2384,-2.6000
2015-07-01,2015,7,Central,Texas,Consumer,Office Supplies,Paper,1,5,21.1200,6.6000,0.3125
2015-07-01,2015,7,Central,Texas,Consumer,Technology,Phones,1,4,307.1680,30.7168,0.1000
2015-07-01,2015,7,Central,Texas,Corporate,Office Supplies,Appliances,1,2,48.6320,-121.5800,-2.5000
2015-07-01,2015,7,Central,Texas,Corporate,Office Supplies,Fasteners,1,4,14.4320,3.4276,0.2375
2015-07-01,2015,7,Central,Texas,Corporate,Office Supplies,Labels,1,3,6.2640,2.0358,0.3250
2015-07-01,2015,7,Central,Texas,Corporate,Office Supplies,Storage,1,4,61.7920,6.1792,0.1000
2015-07-01,2015,7,Central,Texas,Home Office,Office Supplies,Binders,1,6,41.5680,-66.5088,-1.6000
2015-07-01,2015,7,Central,Wisconsin,Consumer,Technology,Phones,1,4,1099.9600,285.9896,0.2600
2015-07-01,2015,7,East,Delaware,Corporate,Furniture,Tables,1,4,199.8360,-37.1124,-0.1857
2015-07-01,2015,7,East,Delaware,Corporate,Office Supplies,Binders,1,7,221.0600,103.8982,0.4700
2015-07-01,2015,7,East,Delaware,Corporate,Technology,Phones,1,2,716.0000,193.3200,0.2700
2015-07-01,2015,7,East,Maryland,Consumer,Furniture,Furnishings,1,2,181.9600,20.0156,0.1100
2015-07-01,2015,7,East,Maryland,Consumer,Office Supplies,Art,1,4,79.3600,32.5376,0.4100
2015-07-01,2015,7,East,Maryland,Consumer,Office Supplies,Binders,1,18,281.1300,133.9938,0.4766
2015-07-01,2015,7,East,Maryland,Consumer,Office Supplies,Fasteners,1,4,15.8000,5.0560,0.3200
2015-07-01,2015,7,East,Maryland,Consumer,Office Supplies,Labels,1,3,12.3900,5.6994,0.4600
2015-07-01,2015,7,East,Maryland,Consumer,Office Supplies,Storage,1,7,98.2100,28.4809,0.2900
2015-07-01,2015,7,East,Maryland,Consumer,Technology,Machines,1,3,464.9700,209.2365,0.4500
2015-07-01,2015,7,East,Maryland,Home Office,Furniture,Chairs,1,1,150.9800,43.7842,0.2900
2015-07-01,2015,7,East,Maryland,Home Office,Office Supplies,Envelopes,1,9,137.2500,63.1350,0.4600
2015-07-01,2015,7,East,Maryland,Home Office,Office Supplies,Fasteners,1,4,11.5200,5.4144,0.4700
2015-07-01,2015,7,East,Massachusetts,Corporate,Office Supplies,Binders,1,3,122.9400,59.0112,0.4800
2015-07-01,2015,7,East,Massachusetts,Corporate,Office Supplies,Paper,1,2,6.5800,3.0268,0.4600
2015-07-01,2015,7,East,Massachusetts,Home Office,Furniture,Bookcases,1,2,301.9600,60.3920,0.2000
2015-07-01,2015,7,East,New Jersey,Corporate,Office Supplies,Art,1,4,11.1200,2.8912,0.2600
2015-07-01,2015,7,East,New York,Consumer,Furniture,Chairs,1,9,1931.0400,321.8400,0.1667
2015-07-01,2015,7,East,New York,Consumer,Furniture,Furnishings,1,1,7.3800,2.1402,0.2900
2015-07-01,2015,7,East,New York,Consumer,Furniture,Tables,1,7,1090.7820,-290.8752,-0.2667
2015-07-01,2015,7,East,New York,Consumer,Office Supplies,Binders,3,7,25.6480,9.1660,0.3574
2015-07-01,2015,7,East,New York,Consumer,Office Supplies,Paper,2,5,29.4000,14.0124,0.4766
2015-07-01,2015,7,East,New York,Consumer,Technology,Accessories,1,7,2309.6500,762.1845,0.3300
2015-07-01,2015,7,East,New York,Consumer,Technology,Phones,1,1,135.9900,36.7173,0.2700
2015-07-01,2015,7,East,New York,Corporate,Furniture,Furnishings,1,5,169.7800,70.5870,0.4158
2015-07-01,2015,7,East,New York,Corporate,Office Supplies,Art,1,2,5.7600,1.6128,0.2800
2015-07-01,2015,7,East,New York,Corporate,Office Supplies,Paper,1,3,80.8800,39.6312,0.4900
2015-07-01,2015,7,East,New York,Corporate,Office Supplies,Storage,1,5,601.6500,156.4290,0.2600
2015-07-01,2015,7,East,New York,Corporate,Technology,Accessories,1,10,599.9000,191.9680,0.3200
2015-07-01,2015,7,East,New York,Corporate,Technology,Phones,1,5,124.9500,2.4990,0.0200
2015-07-01,2015,7,East,New York,Home Office,Furniture,Furnishings,1,3,128.8200,50.2398,0.3900
2015-07-01,2015,7,East,New York,Home Office,Office Supplies,Appliances,1,3,68.9400,20.6820,0.3000
2015-07-01,2015,7,East,New York,Home Office,Office Supplies,Art,1,3,15.4800,4.4892,0.2900
2015-07-01,2015,7,East,New York,Home Office,Office Supplies,Paper,1,3,19.4400,9.3312,0.4800
2015-07-01,2015,7,East,Pennsylvania,Consumer,Furniture,Chairs,1,8,341.4880,-73.1760,-0.2143
2015-07-01,2015,7,East,Pennsylvania,Consumer,Furniture,Furnishings,1,13,315.1440,39.7098,0.1260
2015-07-01,2015,7,East,Pennsylvania,Consumer,Office Supplies,Art,1,5,11.1200,0.8340,0.0750
2015-07-01,2015,7,East,Pennsylvania,Consumer,Office Supplies,Binders,1,7,8.9820,-6.7536,-0.7519
2015-07-01,2015,7,East,Pennsylvania,Consumer,Office Supplies,Paper,1,2,10.3680,3.6288,0.3500
2015-07-01,2015,7,East,Pennsylvania,Consumer,Office Supplies,Storage,1,3,38.9760,-2.4360,-0.0625
2015-07-01,2015,7,East,Pennsylvania,Consumer,Technology,Accessories,1,3,34.8000,2.1750,0.0625
2015-07-01,2015,7,East,Pennsylvania,Consumer,Technology,Phones,1,3,269.9820,40.4973,0.1500
2015-07-01,2015,7,East,Pennsylvania,Corporate,Furniture,Furnishings,1,11,451.3520,27.0964,0.0600
2015-07-01,2015,7,East,Pennsylvania,Corporate,Office Supplies,Paper,1,2,6.7200,2.4360,0.3625
2015-07-01,2015,7,East,Pennsylvania,Home Office,Office Supplies,Binders,1,4,25.1760,-18.4624,-0.7333
2015-07-01,2015,7,South,Alabama,Corporate,Furniture,Tables,1,2,358.5800,39.4438,0.1100
2015-07-01,2015,7,South,Alabama,Corporate,Office Supplies,Envelopes,1,9,98.4600,49.2300,0.5000
2015-07-01,2015,7,South,Florida,Consumer,Office Supplies,Paper,1,6,27.5040,9.6714,0.3516
2015-07-01,2015,7,South,Florida,Corporate,Furniture,Bookcases,1,5,231.9200,5.7980,0.0250
2015-07-01,2015,7,South,Georgia,Corporate,Office Supplies,Paper,1,6,38.8800,18.6624,0.4800
2015-07-01,2015,7,South,Kentucky,Consumer,Furniture,Chairs,1,1,70.9800,4.9686,0.0700
2015-07-01,2015,7,South,Kentucky,Consumer,Office Supplies,Labels,1,3,294.9300,144.5157,0.4900
2015-07-01,2015,7,South,Kentucky,Consumer,Technology,Phones,1,3,29.9700,0.2997,0.0100
2015-07-01,2015,7,South,Kentucky,Home Office,Furniture,Furnishings,1,3,20.9400,6.0726,0.2900
2015-07-01,2015,7,South,Kentucky,Home Office,Office Supplies,Binders,1,15,225.1500,103.5690,0.4600
2015-07-01,2015,7,South,Kentucky,Home Office,Technology,Accessories,1,14,279.8600,64.3678,0.2300
2015-07-01,2015,7,South,Mississippi,Corporate,Technology,Accessories,1,6,239.7000,105.4680,0.4400
2015-07-01,2015,7,South,North Carolina,Corporate,Furniture,Furnishings,3,14,169.6960,47.4324,0.2795
2015-07-01,2015,7,South,North Carolina,Corporate,Office Supplies,Binders,2,7,10.1220,-8.0976,-0.8000
2015-07-01,2015,7,South,North Carolina,Corporate,Office Supplies,Labels,1,3,11.7840,4.2717,0.3625
2015-07-01,2015,7,South,North Carolina,Corporate,Office Supplies,Paper,1,2,9.3920,3.2872,0.3500
2015-07-01,2015,7,South,North Carolina,Corporate,Technology,Phones,1,1,74.2400,8.3520,0.1125
2015-07-01,2015,7,South,Tennessee,Consumer,Office Supplies,Art,1,3,5.1600,0.8385,0.1625
2015-07-01,2015,7,West,Arizona,Consumer,Furniture,Bookcases,1,6,127.7640,-191.6460,-1.5000
2015-07-01,2015,7,West,Arizona,Consumer,Furniture,Chairs,1,2,441.9200,49.7160,0.1125
2015-07-01,2015,7,West,Arizona,Consumer,Furniture,Tables,1,3,393.1650,-204.4458,-0.5200
2015-07-01,2015,7,West,Arizona,Consumer,Office Supplies,Binders,2,4,5.3910,-3.5940,-0.6667
2015-07-01,2015,7,West,Arizona,Consumer,Office Supplies,Paper,1,4,18.4960,6.7048,0.3625
2015-07-01,2015,7,West,Arizona,Consumer,Office Supplies,Storage,1,3,272.7360,-64.7748,-0.2375
2015-07-01,2015,7,West,Arizona,Corporate,Furniture,Chairs,1,3,266.3520,13.3176,0.0500
2015-07-01,2015,7,West,California,Consumer,Furniture,Bookcases,1,2,195.4660,-13.7976,-0.0706
2015-07-01,2015,7,West,California,Consumer,Furniture,Chairs,1,3,170.3520,-17.0352,-0.1000
2015-07-01,2015,7,West,California,Consumer,Furniture,Furnishings,1,3,5.2800,2.3232,0.4400
2015-07-01,2015,7,West,California,Consumer,Office Supplies,Binders,2,5,50.8400,17.0690,0.3357
2015-07-01,2015,7,West,California,Consumer,Office Supplies,Envelopes,1,2,167.8600,78.8942,0.4700
2015-07-01,2015,7,West,California,Consumer,Technology,Accessories,2,11,729.8900,269.1556,0.3688
2015-07-01,2015,7,West,California,Consumer,Technology,Phones,1,5,623.9600,38.9975,0.0625
2015-07-01,2015,7,West,California,Corporate,Furniture,Chairs,1,9,2048.8560,-140.3973,-0.0685
2015-07-01,2015,7,West,California,Corporate,Office Supplies,Art,1,5,99.2000,25.7920,0.2600
2015-07-01,2015,7,West,California,Corporate,Office Supplies,Binders,1,9,32.2800,11.4729,0.3554
2015-07-01,2015,7,West,California,Home Office,Office Supplies,Binders,1,2,22.8480,7.4256,0.3250
2015-07-01,2015,7,West,Washington,Consumer,Furniture,Bookcases,1,5,704.9000,56.3920,0.0800
2015-07-01,2015,7,West,Washington,Consumer,Furniture,Chairs,1,2,561.5680,28.0784,0.0500
2015-07-01,2015,7,West,Washington,Consumer,Office Supplies,Binders,1,3,98.3520,34.4232,0.3500
2015-07-01,2015,7,West,Washington,Consumer,Office Supplies,Fasteners,1,2,9.4200,0.4710,0.0500
2015-07-01,2015,7,West,Washington,Consumer,Office Supplies,Paper,2,5,42.9300,19.7073,0.4591
2015-08-01,2015,8,Central,Illinois,Consumer,Office Supplies,Appliances,1,2,5.7680,-13.5548,-2.3500
2015-08-01,2015,8,Central,Illinois,Consumer,Office Supplies,Fasteners,1,8,12.0320,2.2560,0.1875
2015-08-01,2015,8,Central,Illinois,Consumer,Office Supplies,Paper,1,2,10.3680,3.6288,0.3500
2015-08-01,2015,8,Central,Illinois,Consumer,Office Supplies,Supplies,1,4,31.6800,2.7720,0.0875
2015-08-01,2015,8,Central,Illinois,Corporate,Technology,Copiers,1,5,2799.9600,874.9875,0.3125
2015-08-01,2015,8,Central,Indiana,Consumer,Office Supplies,Binders,1,4,11.3600,5.5664,0.4900
2015-08-01,2015,8,Central,Michigan,Consumer,Office Supplies,Binders,1,5,64.7500,29.1375,0.4500
2015-08-01,2015,8,Central,Michigan,Corporate,Furniture,Tables,1,5,622.4500,136.9390,0.2200
2015-08-01,2015,8,Central,Michigan,Corporate,Office Supplies,Art,1,1,2.2000,0.9680,0.4400
2015-08-01,2015,8,Central,Michigan,Corporate,Office Supplies,Storage,1,1,21.9800,0.2198,0.0100
2015-08-01,2015,8,Central,Michigan,Home Office,Technology,Accessories,1,7,114.5200,11.4520,0.1000
2015-08-01,2015,8,Central,Michigan,Home Office,Technology,Phones,1,2,131.9800,35.6346,0.2700
2015-08-01,2015,8,Central,Minnesota,Home Office,Office Supplies,Art,1,3,29.7900,12.5118,0.4200
2015-08-01,2015,8,Central,Minnesota,Home Office,Office Supplies,Labels,1,5,45.1500,21.6720,0.4800
2015-08-01,2015,8,Central,Missouri,Consumer,Furniture,Furnishings,1,3,212.9400,34.0704,0.1600
2015-08-01,2015,8,Central,Missouri,Consumer,Office Supplies,Binders,1,4,28.4000,13.0640,0.4600
2015-08-01,2015,8,Central,Texas,Consumer,Furniture,Furnishings,1,7,27.9840,-20.5258,-0.7335
2015-08-01,2015,8,Central,Texas,Consumer,Furniture,Tables,1,5,918.7850,-118.1295,-0.1286
2015-08-01,2015,8,Central,Texas,Consumer,Office Supplies,Binders,2,4,6.5220,-10.2990,-1.5791
2015-08-01,2015,8,Central,Texas,Consumer,Office Supplies,Storage,1,21,1723.5120,-10.8360,-0.0063
2015-08-01,2015,8,Central,Texas,Corporate,Furniture,Bookcases,1,3,369.1992,-114.0174,-0.3088
2015-08-01,2015,8,Central,Texas,Corporate,Furniture,Furnishings,1,5,14.7600,-11.4390,-0.7750
2015-08-01,2015,8,Central,Texas,Corporate,Furniture,Tables,1,1,103.4810,-16.2613,-0.1571
2015-08-01,2015,8,Central,Texas,Corporate,Office Supplies,Binders,2,6,7.5920,-11.8357,-1.5590
2015-08-01,2015,8,Central,Texas,Corporate,Office Supplies,Labels,1,3,35.5200,13.3200,0.3750
2015-08-01,2015,8,Central,Texas,Corporate,Office Supplies,Paper,2,5,83.9200,29.0034,0.3456
2015-08-01,2015,8,Central,Texas,Corporate,Office Supplies,Storage,1,7,33.4880,-1.2558,-0.0375
2015-08-01,2015,8,Central,Texas,Corporate,Office Supplies,Supplies,1,3,23.0400,-4.8960,-0.2125
2015-08-01,2015,8,Central,Texas,Corporate,Technology,Phones,1,5,1099.9600,82.4970,0.0750
2015-08-01,2015,8,Central,Texas,Home Office,Office Supplies,Paper,1,4,20.9600,6.8120,0.3250
2015-08-01,2015,8,Central,Wisconsin,Home Office,Furniture,Bookcases,1,5,687.4000,48.1180,0.0700
2015-08-01,2015,8,East,Connecticut,Corporate,Office Supplies,Storage,1,11,470.3600,122.2936,0.2600
2015-08-01,2015,8,East,Maryland,Corporate,Office Supplies,Appliances,1,9,77.5800,20.1708,0.2600
2015-08-01,2015,8,East,Massachusetts,Consumer,Office Supplies,Appliances,1,2,113.9200,33.0368,0.2900
2015-08-01,2015,8,East,Massachusetts,Consumer,Office Supplies,Art,1,2,39.6600,11.8980,0.3000
2015-08-01,2015,8,East,Massachusetts,Consumer,Office Supplies,Binders,1,7,447.8600,210.4942,0.4700
2015-08-01,2015,8,East,Massachusetts,Corporate,Office Supplies,Binders,1,9,52.2000,23.4900,0.4500
2015-08-01,2015,8,East,New York,Consumer,Furniture,Furnishings,2,8,68.1100,25.9245,0.3806
2015-08-01,2015,8,East,New York,Consumer,Furniture,Tables,1,9,382.8060,-153.1224,-0.4000
2015-08-01,2015,8,East,New York,Consumer,Office Supplies,Binders,1,2,1217.5680,456.5880,0.3750
2015-08-01,2015,8,East,New York,Consumer,Office Supplies,Fasteners,1,3,10.6500,5.0055,0.4700
2015-08-01,2015,8,East,New York,Consumer,Office Supplies,Paper,1,3,143.7000,68.9760,0.4800
2015-08-01,2015,8,East,New York,Consumer,Office Supplies,Storage,1,2,41.9600,2.9372,0.0700
2015-08-01,2015,8,East,New York,Consumer,Technology,Accessories,2,5,327.7900,63.4884,0.1937
2015-08-01,2015,8,East,New York,Consumer,Technology,Phones,1,7,1287.9300,363.7002,0.2824
2015-08-01,2015,8,East,New York,Corporate,Furniture,Furnishings,1,3,10.0200,4.4088,0.4400
2015-08-01,2015,8,East,New York,Corporate,Furniture,Tables,1,2,284.3640,-75.8304,-0.2667
2015-08-01,2015,8,East,New York,Corporate,Office Supplies,Binders,1,6,50.1120,16.2864,0.3250
2015-08-01,2015,8,East,New York,Corporate,Office Supplies,Paper,1,3,144.1200,69.1776,0.4800
2015-08-01,2015,8,East,New York,Corporate,Technology,Accessories,1,2,26.0000,11.7000,0.4500
2015-08-01,2015,8,East,New York,Home Office,Office Supplies,Art,2,6,28.4800,10.7088,0.3760
2015-08-01,2015,8,East,New York,Home Office,Technology,Phones,1,2,138.0000,34.5000,0.2500
2015-08-01,2015,8,East,Ohio,Consumer,Office Supplies,Labels,1,3,6.9120,2.5056,0.3625
2015-08-01,2015,8,East,Ohio,Consumer,Office Supplies,Storage,1,3,435.5040,48.9942,0.1125
2015-08-01,2015,8,East,Ohio,Consumer,Technology,Phones,1,3,26.9820,4.0473,0.1500
2015-08-01,2015,8,East,Ohio,Corporate,Furniture,Chairs,1,3,598.4580,-42.7470,-0.0714
2015-08-01,2015,8,East,Ohio,Corporate,Furniture,Furnishings,1,1,25.9840,-3.8976,-0.1500
2015-08-01,2015,8,East,Ohio,Corporate,Office Supplies,Binders,1,2,12.8280,-8.9796,-0.7000
2015-08-01,2015,8,East,Pennsylvania,Consumer,Furniture,Bookcases,1,3,301.4700,-204.9996,-0.6800
2015-08-01,2015,8,East,Pennsylvania,Consumer,Office Supplies,Art,1,10,106.8000,10.6800,0.1000
2015-08-01,2015,8,East,Pennsylvania,Consumer,Office Supplies,Storage,2,10,467.5440,19.2087,0.0411
2015-08-01,2015,8,East,Pennsylvania,Corporate,Furniture,Furnishings,1,3,254.3520,0.0000,0.0000
2015-08-01,2015,8,East,Pennsylvania,Corporate,Office Supplies,Binders,1,5,6.4860,-4.6656,-0.7193
2015-08-01,2015,8,East,Pennsylvania,Corporate,Office Supplies,Paper,1,5,20.6400,6.8388,0.3313
2015-08-01,2015,8,East,Pennsylvania,Corporate,Technology,Accessories,1,3,31.1760,-5.4558,-0.1750
2015-08-01,2015,8,East,Pennsylvania,Corporate,Technology,Phones,1,4,519.7920,-112.6216,-0.2167
2015-08-01,2015,8,East,Pennsylvania,Home Office,Office Supplies,Binders,1,2,99.5880,-82.9900,-0.8333
2015-08-01,2015,8,East,Pennsylvania,Home Office,Office Supplies,Paper,1,2,49.5680,15.4900,0.3125
2015-08-01,2015,8,East,Pennsylvania,Home Office,Office Supplies,Storage,1,6,663.0720,-165.7680,-0.2500
2015-08-01,2015,8,East,Pennsylvania,Home Office,Office Supplies,Supplies,1,2,3.4880,-0.6976,-0.2000
2015-08-01,2015,8,East,Pennsylvania,Home Office,Technology,Accessories,1,4,21.7280,3.8024,0.1750
2015-08-01,2015,8,East,Rhode Island,Home Office,Furniture,Chairs,1,1,110.9800,15.5372,0.1400
2015-08-01,2015,8,East,Rhode Island,Home Office,Office Supplies,Paper,1,2,8.4000,4.1160,0.4900
2015-08-01,2015,8,East,Rhode Island,Home Office,Technology,Accessories,1,2,199.9800,83.9916,0.4200
2015-08-01,2015,8,East,Rhode Island,Home Office,Technology,Phones,1,3,128.8500,3.8655,0.0300
2015-08-01,2015,8,South,Florida,Corporate,Office Supplies,Labels,1,2,4.6080,1.6704,0.3625
2015-08-01,2015,8,South,Georgia,Consumer,Office Supplies,Appliances,1,6,568.8000,158.7468,0.2791
2015-08-01,2015,8,South,Georgia,Consumer,Office Supplies,Binders,1,3,5.6400,2.7072,0.4800
2015-08-01,2015,8,South,Georgia,Consumer,Office Supplies,Labels,1,3,8.6400,4.2336,0.4900
2015-08-01,2015,8,South,Georgia,Consumer,Office Supplies,Paper,1,12,313.0800,153.5320,0.4904
2015-08-01,2015,8,South,Georgia,Consumer,Technology,Accessories,1,9,251.9100,47.8629,0.1900
2015-08-01,2015,8,South,Kentucky,Consumer,Technology,Accessories,1,4,79.9600,18.3908,0.2300
2015-08-01,2015,8,South,Kentucky,Consumer,Technology,Machines,1,7,3080.0000,1416.8000,0.4600
2015-08-01,2015,8,South,Kentucky,Consumer,Technology,Phones,1,3,587.9700,170.5113,0.2900
2015-08-01,2015,8,South,Kentucky,Corporate,Office Supplies,Art,1,15,53.2800,18.2472,0.3425
2015-08-01,2015,8,South,North Carolina,Consumer,Furniture,Furnishings,1,3,46.1520,12.1149,0.2625
2015-08-01,2015,8,South,North Carolina,Corporate,Office Supplies,Art,1,7,64.6800,8.0850,0.1250
2015-08-01,2015,8,South,Virginia,Corporate,Office Supplies,Labels,1,2,25.0600,11.7782,0.4700
2015-08-01,2015,8,South,Virginia,Corporate,Technology,Phones,1,3,494.9700,148.4910,0.3000
2015-08-01,2015,8,West,Arizona,Consumer,Office Supplies,Art,2,4,12.5760,1.4148,0.1125
2015-08-01,2015,8,West,Arizona,Consumer,Office Supplies,Labels,1,2,5.0400,1.7640,0.3500
2015-08-01,2015,8,West,Arizona,Consumer,Office Supplies,Paper,2,15,349.3120,118.3464,0.3388
2015-08-01,2015,8,West,Arizona,Consumer,Technology,Accessories,1,6,282.8800,-36.8640,-0.1303
2015-08-01,2015,8,West,Arizona,Consumer,Technology,Phones,1,5,1879.9600,211.4955,0.1125
2015-08-01,2015,8,West,California,Consumer,Furniture,Bookcases,1,2,307.6660,28.9568,0.0941
2015-08-01,2015,8,West,California,Consumer,Furniture,Chairs,1,1,144.7840,10.8588,0.0750
2015-08-01,2015,8,West,California,Consumer,Furniture,Furnishings,3,12,139.9500,40.3041,0.2880
2015-08-01,2015,8,West,California,Consumer,Office Supplies,Binders,2,9,55.2480,18.9192,0.3424
2015-08-01,2015,8,West,California,Consumer,Office Supplies,Labels,1,1,3.0800,1.4784,0.4800
2015-08-01,2015,8,West,California,Consumer,Office Supplies,Paper,2,14,172.5200,80.5256,0.4668
2015-08-01,2015,8,West,California,Consumer,Office Supplies,Storage,3,20,2176.0800,407.9115,0.1875
2015-08-01,2015,8,West,California,Consumer,Office Supplies,Supplies,1,3,32.9400,9.2232,0.2800
2015-08-01,2015,8,West,California,Consumer,Technology,Phones,1,3,43.1760,15.1116,0.3500
2015-08-01,2015,8,West,California,Corporate,Furniture,Bookcases,2,13,2139.2290,235.4486,0.1101
2015-08-01,2015,8,West,California,Corporate,Office Supplies,Art,1,5,50.8000,13.2080,0.2600
2015-08-01,2015,8,West,California,Corporate,Office Supplies,Binders,1,5,137.2400,46.3185,0.3375
2015-08-01,2015,8,West,California,Corporate,Office Supplies,Storage,2,3,404.0800,64.6282,0.1599
2015-08-01,2015,8,West,California,Corporate,Technology,Accessories,1,1,36.5100,15.6993,0.4300
2015-08-01,2015,8,West,California,Corporate,Technology,Machines,1,3,239.9760,80.9919,0.3375
2015-08-01,2015,8,West,California,Home Office,Furniture,Chairs,2,4,584.7920,45.3888,0.0776
2015-08-01,2015,8,West,California,Home Office,Furniture,Tables,1,6,1004.9760,-175.8708,-0.1750
2015-08-01,2015,8,West,California,Home Office,Office Supplies,Appliances,1,4,105.9600,29.6688,0.2800
2015-08-01,2015,8,West,California,Home Office,Office Supplies,Art,1,4,6.7200,3.3600,0.5000
2015-08-01,2015,8,West,California,Home Office,Office Supplies,Binders,2,4,24.2560,8.1226,0.3349
2015-08-01,2015,8,West,California,Home Office,Office Supplies,Paper,1,8,88.1400,41.8186,0.4745
2015-08-01,2015,8,West,California,Home Office,Technology,Phones,1,5,555.9600,41.6970,0.0750
2015-08-01,2015,8,West,Idaho,Corporate,Office Supplies,Binders,1,1,3.3040,1.1151,0.3375
2015-08-01,2015,8,West,Oregon,Consumer,Furniture,Tables,1,4,277.5000,-188.7000,-0.6800
2015-08-01,2015,8,West,Oregon,Consumer,Office Supplies,Appliances,1,4,133.4720,15.0156,0.1125
2015-08-01,2015,8,West,Oregon,Consumer,Office Supplies,Art,1,3,7.1520,0.7152,0.1000
2015-08-01,2015,8,West,Oregon,Consumer,Technology,Phones,1,11,578.3120,6.8698,0.0119
2015-08-01,2015,8,West,Washington,Consumer,Office Supplies,Binders,1,2,6.3680,2.1492,0.3375
2015-08-01,2015,8,West,Washington,Consumer,Technology,Machines,1,2,558.4000,41.8800,0.0750
2015-09-01,2015,9,Central,Illinois,Consumer,Furniture,Chairs,1,4,170.0720,-12.1480,-0.0714
2015-09-01,2015,9,Central,Illinois,Consumer,Furniture,Furnishings,1,3,24.2880,-12.7512,-0.5250
2015-09-01,2015,9,Central,Illinois,Consumer,Office Supplies,Art,1,7,128.7440,12.8744,0.1000
2015-09-01,2015,9,Central,Illinois,Consumer,Office Supplies,Binders,2,5,17.8880,-27.1128,-1.5157
2015-09-01,2015,9,Central,Illinois,Consumer,Office Supplies,Envelopes,1,1,7.8240,2.9340,0.3750
2015-09-01,2015,9,Central,Indiana,Consumer,Furniture,Chairs,1,7,1516.2000,394.2120,0.2600
2015-09-01,2015,9,Central,Indiana,Consumer,Office Supplies,Art,1,8,24.3200,8.2688,0.3400
2015-09-01,2015,9,Central,Indiana,Consumer,Office Supplies,Storage,1,2,190.8600,11.4516,0.0600
2015-09-01,2015,9,Central,Indiana,Consumer,Technology,Accessories,1,4,199.9600,15.9968,0.0800
2015-09-01,2015,9,Central,Iowa,Home Office,Furniture,Chairs,1,10,1408.1000,394.2680,0.2800
2015-09-01,2015,9,Central,Iowa,Home Office,Office Supplies,Binders,2,9,41.1400,19.5490,0.4752
2015-09-01,2015,9,Central,Michigan,Consumer,Office Supplies,Labels,1,2,7.5000,3.6000,0.4800
2015-09-01,2015,9,Central,Michigan,Corporate,Furniture,Bookcases,1,4,194.3200,31.0912,0.1600
2015-09-01,2015,9,Central,Michigan,Corporate,Office Supplies,Art,2,6,42.3900,12.2931,0.2900
2015-09-01,2015,9,Central,Michigan,Corporate,Office Supplies,Paper,1,4,25.9200,12.4416,0.4800
2015-09-01,2015,9,Central,Minnesota,Corporate,Furniture,Furnishings,1,2,6.1600,2.9568,0.4800
2015-09-01,2015,9,Central,Minnesota,Corporate,Office Supplies,Paper,1,3,36.8400,17.3148,0.4700
2015-09-01,2015,9,Central,Oklahoma,Consumer,Office Supplies,Paper,1,3,14.9400,7.0218,0.4700
2015-09-01,2015,9,Central,Oklahoma,Home Office,Technology,Phones,1,6,821.9400,213.7044,0.2600
2015-09-01,2015,9,Central,Texas,Consumer,Furniture,Chairs,1,2,47.5160,-2.0364,-0.0429
2015-09-01,2015,9,Central,Texas,Consumer,Office Supplies,Binders,1,5,2.0800,-3.4320,-1.6500
2015-09-01,2015,9,Central,Texas,Consumer,Technology,Phones,1,7,1114.4000,376.1100,0.3375
2015-09-01,2015,9,Central,Texas,Corporate,Furniture,Chairs,1,1,179.8860,-2.5698,-0.0143
2015-09-01,2015,9,Central,Texas,Corporate,Furniture,Furnishings,2,6,26.8640,-11.8980,-0.4429
2015-09-01,2015,9,Central,Texas,Corporate,Office Supplies,Binders,1,3,6.5880,-10.2114,-1.5500
2015-09-01,2015,9,Central,Texas,Corporate,Technology,Accessories,2,6,285.5760,38.8488,0.1360
2015-09-01,2015,9,Central,Texas,Corporate,Technology,Phones,1,7,946.3440,118.2930,0.1250
2015-09-01,2015,9,Central,Texas,Home Office,Office Supplies,Binders,1,8,20.7400,-33.0410,-1.5931
2015-09-01,2015,9,Central,Texas,Home Office,Office Supplies,Supplies,1,9,69.1200,-14.6880,-0.2125
2015-09-01,2015,9,East,Connecticut,Consumer,Office Supplies,Art,1,1,6.7000,2.2110,0.3300
2015-09-01,2015,9,East,Connecticut,Consumer,Office Supplies,Binders,1,2,10.7600,5.1648,0.4800
2015-09-01,2015,9,East,Connecticut,Consumer,Office Supplies,Paper,1,2,45.6800,21.0128,0.4600
2015-09-01,2015,9,East,Connecticut,Corporate,Office Supplies,Appliances,1,2,137.6200,60.5528,0.4400
2015-09-01,2015,9,East,Connecticut,Corporate,Technology,Phones,1,1,100.4900,25.1225,0.2500
2015-09-01,2015,9,East,Maryland,Corporate,Office Supplies,Binders,1,4,65.0800,31.8892,0.4900
2015-09-01,2015,9,East,Maryland,Corporate,Office Supplies,Storage,1,9,678.8200,7.9724,0.0117
2015-09-01,2015,9,East,Maryland,Corporate,Technology,Phones,1,8,1759.9200,457.5792,0.2600
2015-09-01,2015,9,East,Massachusetts,Consumer,Office Supplies,Binders,1,6,37.6800,16.9560,0.4500
2015-09-01,2015,9,East,Massachusetts,Corporate,Furniture,Bookcases,1,2,361.9600,83.2508,0.2300
2015-09-01,2015,9,East,Massachusetts,Corporate,Office Supplies,Appliances,1,2,61.9600,16.1096,0.2600
2015-09-01,2015,9,East,Massachusetts,Corporate,Office Supplies,Paper,1,9,278.8200,125.4690,0.4500
2015-09-01,2015,9,East,Massachusetts,Home Office,Furniture,Chairs,2,4,603.6800,156.3494,0.2590
2015-09-01,2015,9,East,Massachusetts,Home Office,Furniture,Furnishings,2,4,209.6600,41.8602,0.1997
2015-09-01,2015,9,East,Massachusetts,Home Office,Office Supplies,Binders,1,5,114.6000,51.5700,0.4500
2015-09-01,2015,9,East,Massachusetts,Home Office,Office Supplies,Storage,1,6,1088.7600,315.7404,0.2900
2015-09-01,2015,9,East,Massachusetts,Home Office,Technology,Phones,1,2,589.9000,147.4750,0.2500
2015-09-01,2015,9,East,New Hampshire,Consumer,Office Supplies,Binders,1,2,68.6200,32.2514,0.4700
2015-09-01,2015,9,East,New Jersey,Home Office,Furniture,Furnishings,1,4,8.9200,3.9248,0.4400
2015-09-01,2015,9,East,New Jersey,Home Office,Office Supplies,Appliances,1,4,111.0400,29.9808,0.2700
2015-09-01,2015,9,East,New Jersey,Home Office,Office Supplies,Binders,2,7,224.0600,103.5014,0.4619
2015-09-01,2015,9,East,New Jersey,Home Office,Office Supplies,Labels,1,3,31.0500,14.9040,0.4800
2015-09-01,2015,9,East,New Jersey,Home Office,Office Supplies,Paper,1,6,38.8800,18.6624,0.4800
2015-09-01,2015,9,East,New Jersey,Home Office,Technology,Accessories,1,4,63.9600,19.8276,0.3100
2015-09-01,2015,9,East,New Jersey,Home Office,Technology,Phones,1,2,104.9800,52.4900,0.5000
2015-09-01,2015,9,East,New York,Consumer,Furniture,Bookcases,1,11,6232.6240,133.5274,0.0214
2015-09-01,2015,9,East,New York,Consumer,Furniture,Chairs,2,3,302.3460,15.7172,0.0520
2015-09-01,2015,9,East,New York,Consumer,Furniture,Tables,1,3,27.4140,-14.1639,-0.5167
2015-09-01,2015,9,East,New York,Consumer,Office Supplies,Appliances,1,6,293.5200,76.3152,0.2600
2015-09-01,2015,9,East,New York,Consumer,Office Supplies,Art,2,4,15.3400,5.1230,0.3340
2015-09-01,2015,9,East,New York,Consumer,Office Supplies,Binders,2,18,92.0160,33.1938,0.3607
2015-09-01,2015,9,East,New York,Consumer,Office Supplies,Envelopes,2,2,67.1600,30.7656,0.4581
2015-09-01,2015,9,East,New York,Consumer,Office Supplies,Fasteners,2,4,35.6800,16.7696,0.4700
2015-09-01,2015,9,East,New York,Consumer,Office Supplies,Labels,3,13,121.0100,57.2077,0.4728
2015-09-01,2015,9,East,New York,Consumer,Office Supplies,Paper,3,10,159.9000,77.0410,0.4818
2015-09-01,2015,9,East,New York,Consumer,Office Supplies,Storage,4,19,1220.6400,290.7074,0.2382
2015-09-01,2015,9,East,New York,Consumer,Technology,Accessories,2,4,709.9000,229.7670,0.3237
2015-09-01,2015,9,East,New York,Consumer,Technology,Copiers,2,4,1359.9680,389.9920,0.2868
2015-09-01,2015,9,East,New York,Consumer,Technology,Machines,1,7,629.9300,296.0671,0.4700
2015-09-01,2015,9,East,New York,Consumer,Technology,Phones,3,23,865.6100,283.7946,0.3279
2015-09-01,2015,9,East,New York,Corporate,Furniture,Bookcases,1,1,46.3840,1.1596,0.0250
2015-09-01,2015,9,East,New York,Corporate,Furniture,Furnishings,1,2,210.6800,50.5632,0.2400
2015-09-01,2015,9,East,New York,Corporate,Furniture,Tables,1,2,481.1760,-120.2940,-0.2500
2015-09-01,2015,9,East,New York,Corporate,Office Supplies,Appliances,1,1,8.3900,2.0975,0.2500
2015-09-01,2015,9,East,New York,Corporate,Office Supplies,Binders,3,7,110.4160,40.8718,0.3702
2015-09-01,2015,9,East,New York,Corporate,Office Supplies,Fasteners,1,4,7.2400,2.3892,0.3300
2015-09-01,2015,9,East,New York,Corporate,Office Supplies,Paper,2,7,74.3600,35.0788,0.4717
2015-09-01,2015,9,East,New York,Corporate,Office Supplies,Storage,3,9,1042.0700,160.0072,0.1535
2015-09-01,2015,9,East,New York,Corporate,Technology,Accessories,3,15,1009.9000,418.9570,0.4148
2015-09-01,2015,9,East,New York,Corporate,Technology,Phones,1,2,337.9800,101.3940,0.3000
2015-09-01,2015,9,East,New York,Home Office,Furniture,Chairs,1,2,271.7640,60.3920,0.2222
2015-09-01,2015,9,East,New York,Home Office,Furniture,Tables,1,2,344.2200,-103.2660,-0.3000
2015-09-01,2015,9,East,New York,Home Office,Technology,Accessories,1,7,559.9300,167.9790,0.3000
2015-09-01,2015,9,East,Ohio,Consumer,Office Supplies,Art,1,5,17.1200,1.9260,0.1125
2015-09-01,2015,9,East,Ohio,Consumer,Office Supplies,Binders,1,6,6.7320,-4.4880,-0.6667
2015-09-01,2015,9,East,Ohio,Consumer,Office Supplies,Envelopes,1,2,15.8400,5.5440,0.3500
2015-09-01,2015,9,East,Ohio,Consumer,Office Supplies,Labels,1,1,24.4240,7.9378,0.3250
2015-09-01,2015,9,East,Ohio,Consumer,Office Supplies,Storage,1,2,33.5680,1.6784,0.0500
2015-09-01,2015,9,East,Pennsylvania,Consumer,Furniture,Bookcases,1,7,3083.4300,-1665.0522,-0.5400
2015-09-01,2015,9,East,Pennsylvania,Consumer,Furniture,Furnishings,1,3,124.2000,15.5250,0.1250
2015-09-01,2015,9,East,Pennsylvania,Consumer,Office Supplies,Art,1,8,102.0640,13.2552,0.1299
2015-09-01,2015,9,East,Pennsylvania,Consumer,Office Supplies,Binders,4,17,142.9380,-117.7604,-0.8239
2015-09-01,2015,9,East,Pennsylvania,Consumer,Office Supplies,Envelopes,2,8,55.7760,20.7936,0.3728
2015-09-01,2015,9,East,Pennsylvania,Consumer,Office Supplies,Storage,1,3,36.3360,-7.2672,-0.2000
2015-09-01,2015,9,East,Pennsylvania,Consumer,Office Supplies,Supplies,2,6,721.8480,-143.6508,-0.1990
2015-09-01,2015,9,East,Pennsylvania,Consumer,Technology,Accessories,1,3,617.9760,-7.7247,-0.0125
2015-09-01,2015,9,East,Pennsylvania,Consumer,Technology,Phones,1,1,45.8940,-9.1788,-0.2000
2015-09-01,2015,9,East,Pennsylvania,Corporate,Office Supplies,Art,1,2,6.8480,0.5992,0.0875
2015-09-01,2015,9,East,Pennsylvania,Corporate,Office Supplies,Binders,3,12,25.6770,-19.9068,-0.7753
2015-09-01,2015,9,East,Pennsylvania,Corporate,Office Supplies,Storage,1,2,147.1840,-29.4368,-0.2000
2015-09-01,2015,9,East,Pennsylvania,Corporate,Technology,Phones,1,6,791.9640,-131.9940,-0.1667
2015-09-01,2015,9,South,Alabama,Consumer,Furniture,Chairs,1,7,1056.8600,306.4894,0.2900
2015-09-01,2015,9,South,Alabama,Consumer,Furniture,Tables,1,2,801.9600,200.4900,0.2500
2015-09-01,2015,9,South,Alabama,Consumer,Technology,Phones,1,3,59.9700,0.0000,0.0000
2015-09-01,2015,9,South,Alabama,Corporate,Furniture,Furnishings,1,8,21.3600,8.1168,0.3800
2015-09-01,2015,9,South,Florida,Consumer,Technology,Accessories,1,3,87.1680,10.8960,0.1250
2015-09-01,2015,9,South,Florida,Corporate,Furniture,Furnishings,1,5,71.6800,0.4544,0.0063
2015-09-01,2015,9,South,Florida,Corporate,Office Supplies,Paper,1,3,15.5520,5.4432,0.3500
2015-09-01,2015,9,South,Florida,Corporate,Office Supplies,Storage,1,2,24.6720,2.1588,0.0875
2015-09-01,2015,9,South,Florida,Corporate,Technology,Accessories,1,9,717.1200,152.3880,0.2125
2015-09-01,2015,9,South,Florida,Home Office,Office Supplies,Binders,1,1,3.4440,-2.5256,-0.7333
2015-09-01,2015,9,South,Georgia,Consumer,Furniture,Furnishings,1,3,129.9300,12.9930,0.1000
2015-09-01,2015,9,South,Georgia,Consumer,Office Supplies,Envelopes,1,2,15.2800,7.4872,0.4900
2015-09-01,2015,9,South,Georgia,Consumer,Office Supplies,Paper,2,14,354.1900,170.6687,0.4819
2015-09-01,2015,9,South,Georgia,Consumer,Technology,Accessories,1,5,619.9500,111.5910,0.1800
2015-09-01,2015,9,South,Georgia,Corporate,Technology,Accessories,1,4,66.3600,23.2260,0.3500
2015-09-01,2015,9,South,Louisiana,Consumer,Furniture,Chairs,1,6,517.5000,155.2500,0.3000
2015-09-01,2015,9,South,Louisiana,Consumer,Furniture,Tables,1,1,85.9800,22.3548,0.2600
2015-09-01,2015,9,South,North Carolina,Consumer,Office Supplies,Binders,1,4,13.0920,-10.0372,-0.7667
2015-09-01,2015,9,South,North Carolina,Corporate,Office Supplies,Art,1,4,140.7360,12.3144,0.0875
2015-09-01,2015,9,South,North Carolina,Corporate,Office Supplies,Envelopes,1,7,200.9840,62.8075,0.3125
2015-09-01,2015,9,South,South Carolina,Consumer,Furniture,Chairs,1,4,1690.0400,422.5100,0.2500
2015-09-01,2015,9,South,South Carolina,Consumer,Office Supplies,Binders,1,2,14.6000,6.8620,0.4700
2015-09-01,2015,9,South,South Carolina,Consumer,Office Supplies,Envelopes,1,2,121.9600,57.3212,0.4700
2015-09-01,2015,9,South,South Carolina,Consumer,Office Supplies,Paper,1,4,23.9200,11.7208,0.4900
2015-09-01,2015,9,South,South Carolina,Consumer,Office Supplies,Storage,2,20,1307.2500,53.6114,0.0410
2015-09-01,2015,9,South,South Carolina,Consumer,Technology,Phones,1,8,743.6800,209.3677,0.2815
2015-09-01,2015,9,South,Tennessee,Consumer,Office Supplies,Binders,1,6,1369.7640,-913.1760,-0.6667
2015-09-01,2015,9,South,Tennessee,Consumer,Office Supplies,Storage,1,4,294.3680,-58.8736,-0.2000
2015-09-01,2015,9,South,Tennessee,Corporate,Office Supplies,Binders,1,7,12.0690,-8.7418,-0.7243
2015-09-01,2015,9,South,Tennessee,Corporate,Office Supplies,Fasteners,1,5,7.2400,1.1765,0.1625
2015-09-01,2015,9,South,Tennessee,Corporate,Office Supplies,Paper,1,1,10.4800,3.7990,0.3625
2015-09-01,2015,9,South,Tennessee,Home Office,Office Supplies,Art,1,2,2.8160,0.3168,0.1125
2015-09-01,2015,9,South,Tennessee,Home Office,Office Supplies,Binders,1,2,3.2040,-2.5632,-0.8000
2015-09-01,2015,9,South,Tennessee,Home Office,Office Supplies,Labels,1,4,12.0000,4.2000,0.3500
2015-09-01,2015,9,South,Tennessee,Home Office,Office Supplies,Storage,1,5,745.4880,-67.7726,-0.0909
2015-09-01,2015,9,South,Virginia,Consumer,Office Supplies,Envelopes,1,4,31.1200,14.6264,0.4700
2015-09-01,2015,9,South,Virginia,Consumer,Office Supplies,Paper,1,5,154.9000,69.7050,0.4500
2015-09-01,2015,9,South,Virginia,Consumer,Technology,Phones,1,12,1871.8800,561.5640,0.3000
2015-09-01,2015,9,South,Virginia,Corporate,Office Supplies,Binders,1,9,46.6200,21.4452,0.4600
2015-09-01,2015,9,South,Virginia,Home Office,Furniture,Bookcases,1,2,61.9600,4.3372,0.0700
2015-09-01,2015,9,South,Virginia,Home Office,Furniture,Furnishings,2,6,115.9400,23.2682,0.2007
2015-09-01,2015,9,South,Virginia,Home Office,Office Supplies,Paper,1,5,32.4000,15.5520,0.4800
2015-09-01,2015,9,West,Arizona,Consumer,Office Supplies,Art,1,9,31.0400,4.2208,0.1360
2015-09-01,2015,9,West,Arizona,Consumer,Technology,Accessories,1,2,23.2000,1.4500,0.0625
2015-09-01,2015,9,West,Arizona,Consumer,Technology,Phones,1,2,35.1200,13.1700,0.3750
2015-09-01,2015,9,West,Arizona,Corporate,Furniture,Furnishings,1,3,238.1520,89.3070,0.3750
2015-09-01,2015,9,West,Arizona,Corporate,Office Supplies,Appliances,1,2,60.6720,14.4096,0.2375
2015-09-01,2015,9,West,Arizona,Corporate,Office Supplies,Binders,1,11,149.6190,-107.4491,-0.7182
2015-09-01,2015,9,West,Arizona,Corporate,Office Supplies,Paper,1,4,86.2720,31.2736,0.3625
2015-09-01,2015,9,West,Arizona,Corporate,Office Supplies,Storage,1,10,483.5520,-87.8652,-0.1817
2015-09-01,2015,9,West,Arizona,Corporate,Technology,Phones,1,5,263.9600,23.0965,0.0875
2015-09-01,2015,9,West,California,Consumer,Furniture,Bookcases,1,7,704.5310,-25.5356,-0.0362
2015-09-01,2015,9,West,California,Consumer,Furniture,Furnishings,1,2,204.6000,53.1960,0.2600
2015-09-01,2015,9,West,California,Consumer,Office Supplies,Art,1,9,181.3500,48.9645,0.2700
2015-09-01,2015,9,West,California,Consumer,Office Supplies,Binders,2,11,47.8720,15.7976,0.3300
2015-09-01,2015,9,West,California,Consumer,Office Supplies,Envelopes,1,2,17.4800,8.2156,0.4700
2015-09-01,2015,9,West,California,Consumer,Office Supplies,Labels,1,3,8.6400,4.2336,0.4900
2015-09-01,2015,9,West,California,Consumer,Office Supplies,Paper,2,23,207.0400,100.3936,0.4849
2015-09-01,2015,9,West,California,Consumer,Office Supplies,Storage,3,17,1157.7300,29.8739,0.0258
2015-09-01,2015,9,West,California,Consumer,Office Supplies,Supplies,2,6,58.8200,3.7356,0.0635
2015-09-01,2015,9,West,California,Consumer,Technology,Copiers,1,2,959.9840,335.9944,0.3500
2015-09-01,2015,9,West,California,Corporate,Furniture,Chairs,1,3,717.7200,71.7720,0.1000
2015-09-01,2015,9,West,California,Corporate,Furniture,Furnishings,4,26,529.8900,140.2734,0.2647
2015-09-01,2015,9,West,California,Corporate,Furniture,Tables,1,3,170.1360,-8.5068,-0.0500
2015-09-01,2015,9,West,California,Corporate,Office Supplies,Appliances,4,15,1492.5300,437.8104,0.2933
2015-09-01,2015,9,West,California,Corporate,Office Supplies,Art,2,9,277.5400,85.2476,0.3072
2015-09-01,2015,9,West,California,Corporate,Office Supplies,Binders,2,9,106.8240,34.4049,0.3221
2015-09-01,2015,9,West,California,Corporate,Office Supplies,Paper,2,4,232.6600,111.9064,0.4810
2015-09-01,2015,9,West,California,Corporate,Office Supplies,Storage,1,3,31.4400,8.4888,0.2700
2015-09-01,2015,9,West,California,Corporate,Office Supplies,Supplies,2,5,64.0900,18.7551,0.2926
2015-09-01,2015,9,West,California,Corporate,Technology,Accessories,2,11,193.6700,68.0678,0.3515
2015-09-01,2015,9,West,California,Corporate,Technology,Phones,1,2,36.7840,-8.2764,-0.2250
2015-09-01,2015,9,West,California,Home Office,Furniture,Chairs,2,6,731.1040,-12.9568,-0.0177
2015-09-01,2015,9,West,California,Home Office,Furniture,Furnishings,1,3,60.8400,19.4688,0.3200
2015-09-01,2015,9,West,California,Home Office,Office Supplies,Binders,1,2,6.3680,2.1492,0.3375
2015-09-01,2015,9,West,California,Home Office,Office Supplies,Envelopes,1,2,124.4600,58.4962,0.4700
2015-09-01,2015,9,West,California,Home Office,Office Supplies,Fasteners,1,2,7.9000,2.5280,0.3200
2015-09-01,2015,9,West,California,Home Office,Office Supplies,Paper,2,10,192.1800,95.1828,0.4953
2015-09-01,2015,9,West,California,Home Office,Office Supplies,Storage,2,4,79.6800,22.9521,0.2881
2015-09-01,2015,9,West,Colorado,Consumer,Office Supplies,Binders,1,2,1.0800,-0.7920,-0.7333
2015-09-01,2015,9,West,Colorado,Consumer,Office Supplies,Envelopes,1,1,12.5360,4.2309,0.3375
2015-09-01,2015,9,West,Colorado,Consumer,Office Supplies,Fasteners,1,3,4.5120,0.8460,0.1875
2015-09-01,2015,9,West,Colorado,Corporate,Furniture,Furnishings,1,4,24.6400,4.0040,0.1625
2015-09-01,2015,9,West,Nevada,Consumer,Office Supplies,Binders,1,11,45.5840,16.5242,0.3625
2015-09-01,2015,9,West,New Mexico,Home Office,Office Supplies,Art,1,5,8.4000,2.1840,0.2600
2015-09-01,2015,9,West,Oregon,Consumer,Office Supplies,Paper,1,11,172.8640,58.7304,0.3397
2015-09-01,2015,9,West,Oregon,Consumer,Technology,Accessories,1,5,239.8000,47.9600,0.2000
2015-09-01,2015,9,West,Oregon,Corporate,Office Supplies,Binders,1,2,9.7620,-6.8334,-0.7000
2015-09-01,2015,9,West,Utah,Consumer,Furniture,Tables,2,8,1957.3800,358.9224,0.1834
2015-09-01,2015,9,West,Washington,Consumer,Office Supplies,Art,1,2,35.9600,10.4284,0.2900
2015-09-01,2015,9,West,Washington,Consumer,Office Supplies,Binders,1,3,14.9520,5.4201,0.3625
2015-09-01,2015,9,West,Washington,Consumer,Office Supplies,Storage,2,12,553.6200,65.6316,0.1185
2015-09-01,2015,9,West,Washington,Consumer,Technology,Accessories,1,2,21.9800,8.5722,0.3900
2015-09-01,2015,9,West,Washington,Corporate,Furniture,Chairs,1,4,307.1360,-11.5176,-0.0375
2015-09-01,2015,9,West,Washington,Corporate,Office Supplies,Art,1,5,99.2000,25.7920,0.2600
2015-09-01,2015,9,West,Washington,Corporate,Office Supplies,Binders,1,3,25.0320,7.8225,0.3125
2015-09-01,2015,9,West,Washington,Corporate,Office Supplies,Labels,1,2,12.6000,5.7960,0.4600
2015-09-01,2015,9,West,Washington,Corporate,Technology,Accessories,1,2,159.9800,57.5928,0.3600
2015-09-01,2015,9,West,Washington,Home Office,Furniture,Furnishings,1,3,191.8200,74.8098,0.3900
2015-09-01,2015,9,West,Washington,Home Office,Office Supplies,Binders,1,2,6.0960,2.1336,0.3500
2015-09-01,2015,9,West,Washington,Home Office,Office Supplies,Paper,1,2,18.5400,8.7138,0.4700
2015-10-01,2015,10,Central,Illinois,Consumer,Office Supplies,Art,1,3,8.0160,1.0020,0.1250
2015-10-01,2015,10,Central,Illinois,Consumer,Office Supplies,Binders,2,8,8.1680,-12.2520,-1.5000
2015-10-01,2015,10,Central,Illinois,Consumer,Technology,Accessories,1,4,108.7680,2.7192,0.0250
2015-10-01,2015,10,Central,Illinois,Home Office,Technology,Accessories,1,5,339.9600,67.9920,0.2000
2015-10-01,2015,10,Central,Indiana,Consumer,Office Supplies,Binders,1,2,12.5600,5.6520,0.4500
2015-10-01,2015,10,Central,Indiana,Consumer,Technology,Phones,1,7,399.6800,106.5564,0.2666
2015-10-01,2015,10,Central,Michigan,Consumer,Furniture,Chairs,1,3,389.9700,35.0973,0.0900
2015-10-01,2015,10,Central,Michigan,Consumer,Furniture,Furnishings,1,2,17.1400,6.1704,0.3600
2015-10-01,2015,10,Central,Michigan,Consumer,Office Supplies,Appliances,1,5,269.9100,53.9820,0.2000
2015-10-01,2015,10,Central,Michigan,Corporate,Office Supplies,Appliances,1,3,29.4030,5.2272,0.1778
2015-10-01,2015,10,Central,Michigan,Corporate,Office Supplies,Binders,1,6,38.2800,17.6088,0.4600
2015-10-01,2015,10,Central,Michigan,Corporate,Office Supplies,Envelopes,1,7,57.9600,27.2412,0.4700
2015-10-01,2015,10,Central,Michigan,Corporate,Technology,Accessories,1,5,619.9500,111.5910,0.1800
2015-10-01,2015,10,Central,Michigan,Corporate,Technology,Phones,2,8,179.1100,53.4414,0.2984
2015-10-01,2015,10,Central,Michigan,Home Office,Office Supplies,Supplies,1,4,70.1200,21.0360,0.3000
2015-10-01,2015,10,Central,Michigan,Home Office,Technology,Phones,1,2,299.9000,74.9750,0.2500
2015-10-01,2015,10,Central,Texas,Consumer,Furniture,Chairs,1,5,2453.4300,-350.4900,-0.1429
2015-10-01,2015,10,Central,Texas,Consumer,Furniture,Furnishings,1,6,131.3760,-95.2476,-0.7250
2015-10-01,2015,10,Central,Texas,Consumer,Office Supplies,Art,1,2,3.4400,0.5590,0.1625
2015-10-01,2015,10,Central,Texas,Consumer,Office Supplies,Binders,2,2,7.8000,-13.1740,-1.6890
2015-10-01,2015,10,Central,Texas,Consumer,Office Supplies,Paper,3,16,102.3680,35.0696,0.3426
2015-10-01,2015,10,Central,Texas,Consumer,Technology,Accessories,1,3,263.8800,42.8805,0.1625
2015-10-01,2015,10,Central,Texas,Consumer,Technology,Copiers,1,3,479.9760,161.9919,0.3375
2015-10-01,2015,10,Central,Texas,Consumer,Technology,Phones,1,2,150.3840,15.0384,0.1000
2015-10-01,2015,10,Central,Texas,Corporate,Furniture,Furnishings,1,3,72.7800,-70.9605,-0.9750
2015-10-01,2015,10,Central,Texas,Corporate,Furniture,Tables,1,7,347.3610,-69.4722,-0.2000
2015-10-01,2015,10,Central,Texas,Corporate,Office Supplies,Paper,1,5,25.9200,9.0720,0.3500
2015-10-01,2015,10,Central,Texas,Home Office,Office Supplies,Appliances,1,6,73.1640,-186.5682,-2.5500
2015-10-01,2015,10,Central,Texas,Home Office,Office Supplies,Binders,2,14,7.5520,-13.2160,-1.7500
2015-10-01,2015,10,Central,Texas,Home Office,Office Supplies,Envelopes,1,1,4.4640,1.6740,0.3750
2015-10-01,2015,10,Central,Texas,Home Office,Technology,Accessories,1,3,27.6960,3.4620,0.1250
2015-10-01,2015,10,East,Connecticut,Corporate,Office Supplies,Binders,1,5,26.9000,13.1810,0.4900
2015-10-01,2015,10,East,Delaware,Corporate,Furniture,Chairs,1,5,291.1000,75.6860,0.2600
2015-10-01,2015,10,East,Delaware,Corporate,Office Supplies,Storage,1,5,77.5500,21.7140,0.2800
2015-10-01,2015,10,East,Delaware,Corporate,Technology,Phones,1,1,158.9900,41.3374,0.2600
2015-10-01,2015,10,East,Maryland,Consumer,Office Supplies,Binders,1,1,7.3800,3.6162,0.4900
2015-10-01,2015,10,East,Maryland,Consumer,Office Supplies,Paper,1,3,19.4400,9.3312,0.4800
2015-10-01,2015,10,East,Massachusetts,Home Office,Office Supplies,Binders,1,5,22.4500,10.3270,0.4600
2015-10-01,2015,10,East,Massachusetts,Home Office,Technology,Phones,1,2,311.9800,93.5940,0.3000
2015-10-01,2015,10,East,New Hampshire,Consumer,Office Supplies,Paper,1,3,34.4400,17.2200,0.5000
2015-10-01,2015,10,East,New Jersey,Corporate,Office Supplies,Envelopes,1,4,51.1200,23.0040,0.4500
2015-10-01,2015,10,East,New Jersey,Corporate,Office Supplies,Paper,1,5,94.8500,45.5280,0.4800
2015-10-01,2015,10,East,New Jersey,Corporate,Technology,Accessories,1,1,90.0000,32.4000,0.3600
2015-10-01,2015,10,East,New York,Consumer,Furniture,Tables,1,1,209.6700,-13.9780,-0.0667
2015-10-01,2015,10,East,New York,Consumer,Office Supplies,Art,1,2,2.7800,0.7228,0.2600
2015-10-01,2015,10,East,New York,Consumer,Office Supplies,Envelopes,1,2,79.9600,35.9820,0.4500
2015-10-01,2015,10,East,New York,Consumer,Office Supplies,Paper,2,6,48.4800,22.3072,0.4601
2015-10-01,2015,10,East,New York,Consumer,Technology,Accessories,1,1,31.9500,2.2365,0.0700
2015-10-01,2015,10,East,New York,Consumer,Technology,Phones,1,4,631.9600,303.3408,0.4800
2015-10-01,2015,10,East,New York,Corporate,Technology,Machines,1,4,1035.8000,269.3080,0.2600
2015-10-01,2015,10,East,New York,Corporate,Technology,Phones,1,3,824.9700,214.4922,0.2600
2015-10-01,2015,10,East,New York,Home Office,Furniture,Bookcases,1,7,1525.4880,159.3684,0.1045
2015-10-01,2015,10,East,New York,Home Office,Office Supplies,Art,1,5,19.9000,6.5670,0.3300
2015-10-01,2015,10,East,New York,Home Office,Office Supplies,Paper,1,8,51.8400,24.8832,0.4800
2015-10-01,2015,10,East,New York,Home Office,Technology,Phones,1,6,71.7600,20.0928,0.2800
2015-10-01,2015,10,East,Ohio,Consumer,Furniture,Bookcases,1,1,35.4900,-15.6156,-0.4400
2015-10-01,2015,10,East,Ohio,Consumer,Office Supplies,Binders,1,5,32.0700,-22.4490,-0.7000
2015-10-01,2015,10,East,Ohio,Consumer,Technology,Accessories,3,11,413.0240,50.8588,0.1231
2015-10-01,2015,10,East,Pennsylvania,Corporate,Office Supplies,Storage,1,2,15.0080,1.5008,0.1000
2015-10-01,2015,10,East,Pennsylvania,Home Office,Furniture,Furnishings,1,3,64.9440,6.4944,0.1000
2015-10-01,2015,10,East,Pennsylvania,Home Office,Office Supplies,Paper,1,4,20.7360,7.2576,0.3500
2015-10-01,2015,10,South,Florida,Consumer,Furniture,Tables,1,5,957.5775,-383.0310,-0.4000
2015-10-01,2015,10,South,Florida,Consumer,Office Supplies,Art,2,10,48.0640,9.7464,0.2028
2015-10-01,2015,10,South,Florida,Consumer,Office Supplies,Binders,1,4,13.0860,-9.9078,-0.7571
2015-10-01,2015,10,South,Florida,Consumer,Office Supplies,Storage,3,9,1833.9520,-334.2944,-0.1823
2015-10-01,2015,10,South,Florida,Consumer,Technology,Phones,1,9,67.7680,-12.2521,-0.1808
2015-10-01,2015,10,South,Georgia,Corporate,Furniture,Chairs,1,3,392.9400,43.2234,0.1100
2015-10-01,2015,10,South,Kentucky,Consumer,Furniture,Chairs,1,3,287.9400,77.7438,0.2700
2015-10-01,2015,10,South,Kentucky,Consumer,Furniture,Furnishings,1,12,57.2100,22.0709,0.3858
2015-10-01,2015,10,South,Kentucky,Consumer,Office Supplies,Envelopes,1,1,10.6700,4.9082,0.4600
2015-10-01,2015,10,South,Kentucky,Consumer,Office Supplies,Storage,1,3,36.6300,9.8901,0.2700
2015-10-01,2015,10,South,Kentucky,Consumer,Technology,Phones,1,7,83.7200,23.4416,0.2800
2015-10-01,2015,10,South,North Carolina,Home Office,Office Supplies,Binders,1,5,7.3800,-5.4120,-0.7333
2015-10-01,2015,10,South,Virginia,Consumer,Office Supplies,Appliances,1,3,182.9100,53.0439,0.2900
2015-10-01,2015,10,South,Virginia,Consumer,Office Supplies,Storage,1,2,30.8400,8.3268,0.2700
2015-10-01,2015,10,South,Virginia,Home Office,Office Supplies,Appliances,1,2,28.8400,9.5172,0.3300
2015-10-01,2015,10,South,Virginia,Home Office,Office Supplies,Art,1,4,46.2000,12.9360,0.2800
2015-10-01,2015,10,West,Arizona,Corporate,Technology,Phones,1,4,174.3040,-5.3644,-0.0308
2015-10-01,2015,10,West,California,Consumer,Furniture,Bookcases,2,3,546.4990,38.4940,0.0704
2015-10-01,2015,10,West,California,Consumer,Furniture,Chairs,2,15,1598.2400,106.1990,0.0664
2015-10-01,2015,10,West,California,Consumer,Furniture,Furnishings,2,12,220.6600,86.6602,0.3927
2015-10-01,2015,10,West,California,Consumer,Furniture,Tables,2,6,617.9520,-4.2888,-0.0069
2015-10-01,2015,10,West,California,Consumer,Office Supplies,Art,2,6,65.4900,17.5815,0.2685
2015-10-01,2015,10,West,California,Consumer,Office Supplies,Binders,2,10,463.7280,148.0362,0.3192
2015-10-01,2015,10,West,California,Consumer,Office Supplies,Envelopes,1,4,11.8000,5.6640,0.4800
2015-10-01,2015,10,West,California,Consumer,Office Supplies,Fasteners,1,5,17.4500,8.0270,0.4600
2015-10-01,2015,10,West,California,Consumer,Office Supplies,Paper,2,3,31.5400,15.0550,0.4773
2015-10-01,2015,10,West,California,Consumer,Office Supplies,Storage,3,6,151.6800,23.5504,0.1553
2015-10-01,2015,10,West,California,Consumer,Office Supplies,Supplies,1,3,29.7000,8.0190,0.2700
2015-10-01,2015,10,West,California,Consumer,Technology,Accessories,1,9,148.3200,63.7776,0.4300
2015-10-01,2015,10,West,California,Consumer,Technology,Phones,2,9,1799.8000,196.1780,0.1090
2015-10-01,2015,10,West,California,Corporate,Furniture,Chairs,1,3,362.1360,-54.3204,-0.1500
2015-10-01,2015,10,West,California,Corporate,Furniture,Furnishings,1,6,16.0200,6.0876,0.3800
2015-10-01,2015,10,West,California,Corporate,Office Supplies,Binders,2,13,97.0320,32.7221,0.3372
2015-10-01,2015,10,West,California,Corporate,Office Supplies,Envelopes,3,16,239.8700,117.1032,0.4882
2015-10-01,2015,10,West,California,Corporate,Office Supplies,Labels,3,19,464.2300,214.1668,0.4613
2015-10-01,2015,10,West,California,Corporate,Office Supplies,Paper,2,12,78.7600,37.8048,0.4800
2015-10-01,2015,10,West,California,Corporate,Technology,Accessories,1,3,239.9700,86.3892,0.3600
2015-10-01,2015,10,West,California,Home Office,Furniture,Chairs,1,8,454.2720,-73.8192,-0.1625
2015-10-01,2015,10,West,California,Home Office,Office Supplies,Appliances,1,5,1640.7000,459.3960,0.2800
2015-10-01,2015,10,West,California,Home Office,Office Supplies,Storage,1,14,270.3400,75.6952,0.2800
2015-10-01,2015,10,West,California,Home Office,Technology,Accessories,1,3,270.0000,97.2000,0.3600
2015-10-01,2015,10,West,Colorado,Consumer,Office Supplies,Supplies,1,2,10.9440,0.9576,0.0875
2015-10-01,2015,10,West,Colorado,Corporate,Furniture,Chairs,1,8,582.3360,-29.1168,-0.0500
2015-10-01,2015,10,West,Colorado,Corporate,Furniture,Furnishings,1,4,15.4880,3.6784,0.2375
2015-10-01,2015,10,West,Colorado,Corporate,Office Supplies,Storage,1,4,139.4240,17.4280,0.1250
2015-10-01,2015,10,West,Colorado,Corporate,Technology,Copiers,1,1,439.9920,164.9970,0.3750
2015-10-01,2015,10,West,Colorado,Corporate,Technology,Machines,1,2,59.9940,-45.9954,-0.7667
2015-10-01,2015,10,West,Colorado,Corporate,Technology,Phones,1,5,87.9600,30.7860,0.3500
2015-10-01,2015,10,West,Nevada,Consumer,Office Supplies,Art,1,4,79.3600,23.8080,0.3000
2015-10-01,2015,10,West,Oregon,Consumer,Furniture,Bookcases,1,1,66.2940,-103.8606,-1.5667
2015-10-01,2015,10,West,Oregon,Consumer,Furniture,Chairs,1,4,291.1680,-14.5584,-0.0500
2015-10-01,2015,10,West,Oregon,Consumer,Furniture,Furnishings,1,1,11.0320,3.0338,0.2750
2015-10-01,2015,10,West,Oregon,Consumer,Technology,Accessories,1,3,53.0400,-4.6410,-0.0875
2015-10-01,2015,10,West,Oregon,Consumer,Technology,Phones,1,2,572.8000,50.1200,0.0875
2015-10-01,2015,10,West,Oregon,Corporate,Office Supplies,Appliances,1,5,203.8800,20.3880,0.1000
2015-10-01,2015,10,West,Oregon,Corporate,Office Supplies,Binders,1,7,14.3010,-10.4874,-0.7333
2015-10-01,2015,10,West,Oregon,Corporate,Office Supplies,Labels,1,6,146.5440,47.6268,0.3250
2015-10-01,2015,10,West,Oregon,Corporate,Office Supplies,Paper,1,3,131.9040,47.8152,0.3625
2015-10-01,2015,10,West,Oregon,Corporate,Office Supplies,Storage,1,10,718.6400,-161.6940,-0.2250
2015-10-01,2015,10,West,Washington,Consumer,Furniture,Furnishings,1,3,10.1100,3.2352,0.3200
2015-10-01,2015,10,West,Washington,Consumer,Office Supplies,Paper,1,3,17.9400,8.7906,0.4900
2015-10-01,2015,10,West,Washington,Consumer,Office Supplies,Storage,1,2,81.9600,0.0000,0.0000
2015-10-01,2015,10,West,Washington,Consumer,Technology,Accessories,1,2,17.9000,3.4010,0.1900
2015-10-01,2015,10,West,Washington,Consumer,Technology,Phones,1,2,249.5840,15.5990,0.0625
2015-10-01,2015,10,West,Washington,Corporate,Office Supplies,Binders,1,1,3.5920,1.1225,0.3125
2015-11-01,2015,11,Central,Illinois,Consumer,Furniture,Furnishings,2,14,169.4560,-189.7878,-1.1200
2015-11-01,2015,11,Central,Illinois,Consumer,Office Supplies,Labels,1,6,19.8240,6.4428,0.3250
2015-11-01,2015,11,Central,Illinois,Consumer,Office Supplies,Supplies,1,5,40.9200,3.0690,0.0750
2015-11-01,2015,11,Central,Illinois,Corporate,Furniture,Furnishings,2,11,46.6360,-24.0192,-0.5150
2015-11-01,2015,11,Central,Illinois,Corporate,Office Supplies,Binders,1,3,11.3640,-17.0460,-1.5000
2015-11-01,2015,11,Central,Illinois,Corporate,Office Supplies,Storage,3,18,408.0480,1.7352,0.0043
2015-11-01,2015,11,Central,Illinois,Corporate,Office Supplies,Supplies,1,5,8.7200,-1.7440,-0.2000
2015-11-01,2015,11,Central,Illinois,Corporate,Technology,Phones,2,9,887.8800,83.6889,0.0943
2015-11-01,2015,11,Central,Indiana,Consumer,Office Supplies,Appliances,1,5,19.7500,5.1350,0.2600
2015-11-01,2015,11,Central,Indiana,Consumer,Office Supplies,Art,1,6,10.9200,4.9140,0.4500
2015-11-01,2015,11,Central,Indiana,Consumer,Office Supplies,Paper,1,9,159.8500,74.8149,0.4680
2015-11-01,2015,11,Central,Indiana,Consumer,Technology,Accessories,1,3,393.5400,165.2868,0.4200
2015-11-01,2015,11,Central,Indiana,Consumer,Technology,Machines,1,2,83.9000,22.6530,0.2700
2015-11-01,2015,11,Central,Indiana,Consumer,Technology,Phones,1,3,50.9700,13.2522,0.2600
2015-11-01,2015,11,Central,Indiana,Corporate,Office Supplies,Storage,1,5,714.3000,207.1470,0.2900
2015-11-01,2015,11,Central,Indiana,Home Office,Office Supplies,Binders,1,3,10.7400,5.1552,0.4800
2015-11-01,2015,11,Central,Iowa,Consumer,Technology,Phones,1,4,263.9600,76.5484,0.2900
2015-11-01,2015,11,Central,Michigan,Corporate,Furniture,Chairs,2,11,1408.8700,209.3285,0.1486
2015-11-01,2015,11,Central,Michigan,Corporate,Office Supplies,Appliances,2,7,679.0680,225.6918,0.3324
2015-11-01,2015,11,Central,Michigan,Corporate,Office Supplies,Art,1,9,161.8200,46.9278,0.2900
2015-11-01,2015,11,Central,Michigan,Corporate,Office Supplies,Paper,1,4,19.9200,9.3624,0.4700
2015-11-01,2015,11,Central,Michigan,Corporate,Office Supplies,Storage,2,11,941.8000,247.9996,0.2633
2015-11-01,2015,11,Central,Minnesota,Home Office,Furniture,Furnishings,1,3,29.2200,12.8568,0.4400
2015-11-01,2015,11,Central,Minnesota,Home Office,Office Supplies,Appliances,1,2,715.6400,178.9100,0.2500
2015-11-01,2015,11,Central,Minnesota,Home Office,Office Supplies,Binders,1,3,74.7600,34.3896,0.4600
2015-11-01,2015,11,Central,Minnesota,Home Office,Office Supplies,Storage,1,3,795.5100,143.1918,0.1800
2015-11-01,2015,11,Central,Minnesota,Home Office,Technology,Copiers,1,1,549.9900,274.9950,0.5000
2015-11-01,2015,11,Central,Missouri,Consumer,Furniture,Tables,1,7,1024.3800,215.1198,0.2100
2015-11-01,2015,11,Central,Missouri,Consumer,Office Supplies,Binders,1,3,17.2200,7.9212,0.4600
2015-11-01,2015,11,Central,Missouri,Consumer,Office Supplies,Envelopes,1,3,26.2200,12.3234,0.4700
2015-11-01,2015,11,Central,Missouri,Consumer,Office Supplies,Paper,1,3,17.3400,8.4966,0.4900
2015-11-01,2015,11,Central,Missouri,Corporate,Technology,Copiers,1,1,599.9900,233.9961,0.3900
2015-11-01,2015,11,Central,Oklahoma,Consumer,Furniture,Chairs,1,5,1323.9000,383.9310,0.2900
2015-11-01,2015,11,Central,Oklahoma,Consumer,Office Supplies,Paper,1,3,106.3200,49.9704,0.4700
2015-11-01,2015,11,Central,Oklahoma,Consumer,Office Supplies,Storage,1,4,541.2400,5.4124,0.0100
2015-11-01,2015,11,Central,Texas,Consumer,Furniture,Bookcases,1,3,613.9992,-18.0588,-0.0294
2015-11-01,2015,11,Central,Texas,Consumer,Furniture,Furnishings,1,5,64.9600,-84.4480,-1.3000
2015-11-01,2015,11,Central,Texas,Consumer,Office Supplies,Art,1,3,23.6400,5.3190,0.2250
2015-11-01,2015,11,Central,Texas,Consumer,Office Supplies,Binders,3,20,51.3200,-82.1966,-1.6016
2015-11-01,2015,11,Central,Texas,Consumer,Office Supplies,Paper,2,6,412.1600,144.2560,0.3500
2015-11-01,2015,11,Central,Texas,Consumer,Office Supplies,Storage,1,4,262.4320,-45.8246,-0.1746
2015-11-01,2015,11,Central,Texas,Consumer,Technology,Accessories,1,3,21.4800,-0.2685,-0.0125
2015-11-01,2015,11,Central,Texas,Consumer,Technology,Machines,1,3,287.9100,33.5895,0.1167
2015-11-01,2015,11,Central,Texas,Corporate,Furniture,Bookcases,1,2,246.1328,-76.0116,-0.3088
2015-11-01,2015,11,Central,Texas,Corporate,Office Supplies,Appliances,1,3,24.5880,-67.6170,-2.7500
2015-11-01,2015,11,Central,Texas,Corporate,Office Supplies,Art,1,2,5.3440,0.7348,0.1375
2015-11-01,2015,11,Central,Texas,Corporate,Office Supplies,Binders,3,16,62.9600,-103.3566,-1.6416
2015-11-01,2015,11,Central,Texas,Corporate,Office Supplies,Envelopes,2,9,230.4960,72.1126,0.3129
2015-11-01,2015,11,Central,Texas,Corporate,Office Supplies,Labels,1,2,11.6960,3.9474,0.3375
2015-11-01,2015,11,Central,Texas,Corporate,Office Supplies,Paper,2,7,351.0720,123.0696,0.3506
2015-11-01,2015,11,Central,Texas,Corporate,Office Supplies,Storage,2,3,91.8400,-12.2090,-0.1329
2015-11-01,2015,11,Central,Texas,Corporate,Technology,Copiers,1,1,439.9920,164.9970,0.3750
2015-11-01,2015,11,Central,Texas,Corporate,Technology,Machines,1,2,479.9880,55.9986,0.1167
2015-11-01,2015,11,Central,Texas,Corporate,Technology,Phones,1,2,344.7040,38.7792,0.1125
2015-11-01,2015,11,Central,Texas,Home Office,Furniture,Tables,1,2,206.9620,-32.5226,-0.1571
2015-11-01,2015,11,Central,Texas,Home Office,Office Supplies,Appliances,1,5,68.8100,-123.8580,-1.8000
2015-11-01,2015,11,Central,Texas,Home Office,Office Supplies,Binders,2,6,6.4260,-9.6390,-1.5000
2015-11-01,2015,11,Central,Texas,Home Office,Technology,Accessories,1,4,27.1680,-1.3584,-0.0500
2015-11-01,2015,11,Central,Wisconsin,Home Office,Furniture,Furnishings,1,6,185.5800,76.0878,0.4100
2015-11-01,2015,11,Central,Wisconsin,Home Office,Furniture,Tables,1,6,867.6600,147.5022,0.1700
2015-11-01,2015,11,Central,Wisconsin,Home Office,Office Supplies,Paper,1,9,179.8200,84.5154,0.4700
2015-11-01,2015,11,Central,Wisconsin,Home Office,Technology,Accessories,1,4,999.9600,229.9908,0.2300
2015-11-01,2015,11,East,Delaware,Consumer,Furniture,Bookcases,1,3,299.9700,56.9943,0.1900
2015-11-01,2015,11,East,Delaware,Consumer,Furniture,Furnishings,1,3,76.1400,26.6490,0.3500
2015-11-01,2015,11,East,Delaware,Consumer,Office Supplies,Art,1,4,13.1200,5.6416,0.4300
2015-11-01,2015,11,East,Delaware,Consumer,Office Supplies,Binders,1,2,19.9600,9.3812,0.4700
2015-11-01,2015,11,East,Delaware,Consumer,Office Supplies,Envelopes,1,2,16.5600,7.7832,0.4700
2015-11-01,2015,11,East,Delaware,Consumer,Office Supplies,Paper,2,19,125.2600,59.2610,0.4731
2015-11-01,2015,11,East,Delaware,Consumer,Technology,Phones,2,7,775.9300,226.9971,0.2925
2015-11-01,2015,11,East,Delaware,Corporate,Office Supplies,Fasteners,1,7,26.1800,0.5236,0.0200
2015-11-01,2015,11,East,Delaware,Corporate,Office Supplies,Paper,1,2,7.3000,3.4310,0.4700
2015-11-01,2015,11,East,Delaware,Corporate,Technology,Accessories,1,3,104.9700,7.3479,0.0700
2015-11-01,2015,11,East,Delaware,Corporate,Technology,Phones,1,3,83.9700,23.5116,0.2800
2015-11-01,2015,11,East,Massachusetts,Consumer,Office Supplies,Art,1,5,11.6500,3.3785,0.2900
2015-11-01,2015,11,East,Massachusetts,Consumer,Office Supplies,Paper,1,3,14.9400,7.0218,0.4700
2015-11-01,2015,11,East,Massachusetts,Corporate,Office Supplies,Binders,1,7,75.7700,37.4431,0.4942
2015-11-01,2015,11,East,Massachusetts,Corporate,Office Supplies,Paper,1,3,10.9500,5.1465,0.4700
2015-11-01,2015,11,East,Massachusetts,Corporate,Office Supplies,Storage,1,5,104.9000,25.1760,0.2400
2015-11-01,2015,11,East,Massachusetts,Home Office,Furniture,Bookcases,1,1,170.9800,32.4862,0.1900
2015-11-01,2015,11,East,Massachusetts,Home Office,Furniture,Furnishings,1,3,38.9700,4.6764,0.1200
2015-11-01,2015,11,East,Massachusetts,Home Office,Furniture,Tables,1,4,446.0680,0.0000,0.0000
2015-11-01,2015,11,East,Massachusetts,Home Office,Office Supplies,Art,1,4,17.1200,4.9648,0.2900
2015-11-01,2015,11,East,Massachusetts,Home Office,Office Supplies,Paper,2,17,314.8600,145.2870,0.4614
2015-11-01,2015,11,East,Massachusetts,Home Office,Technology,Accessories,1,2,259.9800,88.3932,0.3400
2015-11-01,2015,11,East,New Jersey,Consumer,Office Supplies,Appliances,1,8,2625.1200,735.0336,0.2800
2015-11-01,2015,11,East,New Jersey,Consumer,Office Supplies,Art,1,3,17.9400,4.4850,0.2500
2015-11-01,2015,11,East,New York,Consumer,Furniture,Bookcases,1,12,681.4080,42.5880,0.0625
2015-11-01,2015,11,East,New York,Consumer,Furniture,Chairs,3,8,642.4920,44.0524,0.0686
2015-11-01,2015,11,East,New York,Consumer,Furniture,Furnishings,2,8,582.2900,170.9950,0.2937
2015-11-01,2015,11,East,New York,Consumer,Office Supplies,Art,1,3,29.7900,12.5118,0.4200
2015-11-01,2015,11,East,New York,Consumer,Office Supplies,Binders,2,13,58.2560,19.8858,0.3414
2015-11-01,2015,11,East,New York,Consumer,Office Supplies,Envelopes,2,8,27.8000,13.0660,0.4700
2015-11-01,2015,11,East,New York,Consumer,Office Supplies,Paper,4,17,74.7700,34.2148,0.4576
2015-11-01,2015,11,East,New York,Consumer,Office Supplies,Storage,1,5,244.5500,4.8910,0.0200
2015-11-01,2015,11,East,New York,Consumer,Technology,Accessories,2,14,2313.8600,661.9783,0.2861
2015-11-01,2015,11,East,New York,Consumer,Technology,Phones,2,9,1408.6700,377.1889,0.2678
2015-11-01,2015,11,East,New York,Corporate,Furniture,Bookcases,1,4,186.0480,9.3024,0.0500
2015-11-01,2015,11,East,New York,Corporate,Furniture,Chairs,2,12,2026.5840,324.8268,0.1603
2015-11-01,2015,11,East,New York,Corporate,Furniture,Furnishings,2,6,79.9800,32.6736,0.4085
2015-11-01,2015,11,East,New York,Corporate,Office Supplies,Art,2,13,191.0100,55.3743,0.2899
2015-11-01,2015,11,East,New York,Corporate,Office Supplies,Binders,2,12,60.2880,20.6640,0.3428
2015-11-01,2015,11,East,New York,Corporate,Office Supplies,Envelopes,1,8,62.2400,29.2528,0.4700
2015-11-01,2015,11,East,New York,Corporate,Office Supplies,Paper,1,5,37.0000,16.6500,0.4500
2015-11-01,2015,11,East,New York,Corporate,Office Supplies,Storage,2,8,138.1000,37.3630,0.2706
2015-11-01,2015,11,East,New York,Corporate,Technology,Accessories,1,4,97.5000,26.2160,0.2689
2015-11-01,2015,11,East,New York,Corporate,Technology,Machines,1,4,4643.8000,2229.0240,0.4800
2015-11-01,2015,11,East,New York,Corporate,Technology,Phones,2,3,554.9300,144.3313,0.2601
2015-11-01,2015,11,East,New York,Home Office,Furniture,Chairs,1,11,2621.3220,553.3902,0.2111
2015-11-01,2015,11,East,New York,Home Office,Office Supplies,Appliances,1,5,523.2500,141.2775,0.2700
2015-11-01,2015,11,East,New York,Home Office,Office Supplies,Storage,1,3,17.9400,3.0498,0.1700
2015-11-01,2015,11,East,New York,Home Office,Technology,Machines,1,2,2321.9000,1114.5120,0.4800
2015-11-01,2015,11,East,Ohio,Consumer,Furniture,Chairs,1,7,396.8020,-11.3372,-0.0286
2015-11-01,2015,11,East,Ohio,Consumer,Furniture,Furnishings,2,7,134.9440,19.3526,0.1434
2015-11-01,2015,11,East,Ohio,Consumer,Office Supplies,Binders,1,3,7.2180,-5.5338,-0.7667
2015-11-01,2015,11,East,Ohio,Consumer,Office Supplies,Fasteners,1,2,3.0080,0.5640,0.1875
2015-11-01,2015,11,East,Ohio,Consumer,Office Supplies,Storage,1,3,141.5520,-26.5410,-0.1875
2015-11-01,2015,11,East,Ohio,Consumer,Office Supplies,Supplies,2,9,43.0800,-1.7315,-0.0402
2015-11-01,2015,11,East,Ohio,Corporate,Office Supplies,Binders,1,13,166.9200,-116.8440,-0.7000
2015-11-01,2015,11,East,Pennsylvania,Consumer,Furniture,Tables,1,8,1252.7040,-480.2032,-0.3833
2015-11-01,2015,11,East,Pennsylvania,Consumer,Office Supplies,Binders,2,5,164.6010,-131.6808,-0.8000
2015-11-01,2015,11,East,Pennsylvania,Consumer,Office Supplies,Fasteners,1,7,10.5840,-2.3814,-0.2250
2015-11-01,2015,11,East,Pennsylvania,Consumer,Office Supplies,Paper,1,3,11.3520,4.1151,0.3625
2015-11-01,2015,11,East,Pennsylvania,Consumer,Office Supplies,Storage,1,6,577.5840,43.3188,0.0750
2015-11-01,2015,11,East,Pennsylvania,Consumer,Technology,Phones,2,9,205.8900,-8.2235,-0.0399
2015-11-01,2015,11,East,Pennsylvania,Corporate,Office Supplies,Envelopes,1,2,24.4000,7.9300,0.3250
2015-11-01,2015,11,East,Pennsylvania,Home Office,Furniture,Chairs,1,4,344.3720,-93.4724,-0.2714
2015-11-01,2015,11,East,Pennsylvania,Home Office,Office Supplies,Fasteners,1,2,3.1680,-0.7128,-0.2250
2015-11-01,2015,11,East,Pennsylvania,Home Office,Technology,Accessories,2,4,83.3440,-4.2936,-0.0515
2015-11-01,2015,11,East,Pennsylvania,Home Office,Technology,Phones,1,8,748.7520,-162.2296,-0.2167
2015-11-01,2015,11,East,Vermont,Consumer,Furniture,Chairs,1,3,715.2000,178.8000,0.2500
2015-11-01,2015,11,East,Vermont,Corporate,Furniture,Bookcases,1,5,4404.9000,1013.1270,0.2300
2015-11-01,2015,11,South,Arkansas,Consumer,Furniture,Tables,1,2,301.9600,45.2940,0.1500
2015-11-01,2015,11,South,Arkansas,Home Office,Office Supplies,Binders,1,2,6.2400,3.0576,0.4900
2015-11-01,2015,11,South,Florida,Consumer,Furniture,Bookcases,1,3,290.3520,-36.2940,-0.1250
2015-11-01,2015,11,South,Florida,Consumer,Furniture,Tables,1,3,375.4575,-157.0095,-0.4182
2015-11-01,2015,11,South,Florida,Consumer,Office Supplies,Appliances,1,4,387.1360,24.1960,0.0625
2015-11-01,2015,11,South,Florida,Consumer,Office Supplies,Binders,2,15,191.2140,-157.0080,-0.8211
2015-11-01,2015,11,South,Florida,Consumer,Office Supplies,Storage,1,2,17.4400,1.3080,0.0750
2015-11-01,2015,11,South,Florida,Consumer,Technology,Accessories,2,8,195.9360,-2.4492,-0.0125
2015-11-01,2015,11,South,Florida,Consumer,Technology,Machines,1,3,32.9850,-1.9791,-0.0600
2015-11-01,2015,11,South,Florida,Corporate,Furniture,Chairs,1,8,670.0560,-55.5987,-0.0830
2015-11-01,2015,11,South,Florida,Corporate,Office Supplies,Art,1,5,11.7600,1.3230,0.1125
2015-11-01,2015,11,South,Florida,Corporate,Office Supplies,Binders,2,19,1371.5310,-1052.2007,-0.7672
2015-11-01,2015,11,South,Florida,Corporate,Technology,Phones,1,1,100.7920,10.0792,0.1000
2015-11-01,2015,11,South,Kentucky,Home Office,Office Supplies,Envelopes,1,4,89.3600,40.5616,0.4539
2015-11-01,2015,11,South,North Carolina,Consumer,Furniture,Furnishings,2,3,353.9200,29.9520,0.0846
2015-11-01,2015,11,South,North Carolina,Consumer,Office Supplies,Appliances,1,3,98.3520,9.8352,0.1000
2015-11-01,2015,11,South,North Carolina,Consumer,Office Supplies,Art,1,5,13.1200,1.4760,0.1125
2015-11-01,2015,11,South,North Carolina,Consumer,Office Supplies,Binders,1,7,6.0480,-4.2336,-0.7000
2015-11-01,2015,11,South,North Carolina,Consumer,Office Supplies,Paper,1,3,115.2960,40.3536,0.3500
2015-11-01,2015,11,South,North Carolina,Consumer,Technology,Phones,1,3,177.4800,19.9665,0.1125
2015-11-01,2015,11,South,North Carolina,Corporate,Furniture,Chairs,1,3,207.0000,25.8750,0.1250
2015-11-01,2015,11,South,North Carolina,Corporate,Furniture,Furnishings,2,3,21.8000,2.4816,0.1138
2015-11-01,2015,11,South,North Carolina,Corporate,Office Supplies,Binders,1,7,39.8790,-29.2446,-0.7333
2015-11-01,2015,11,South,North Carolina,Corporate,Office Supplies,Fasteners,1,11,31.5040,11.8140,0.3750
2015-11-01,2015,11,South,North Carolina,Corporate,Office Supplies,Labels,1,1,5.0400,1.6380,0.3250
2015-11-01,2015,11,South,Tennessee,Consumer,Office Supplies,Binders,1,2,2.9460,-2.0622,-0.7000
2015-11-01,2015,11,South,Tennessee,Consumer,Office Supplies,Fasteners,1,6,55.1040,18.5976,0.3375
2015-11-01,2015,11,South,Tennessee,Consumer,Office Supplies,Storage,1,6,84.9600,6.3720,0.0750
2015-11-01,2015,11,South,Tennessee,Corporate,Furniture,Furnishings,1,11,692.4720,190.4298,0.2750
2015-11-01,2015,11,South,Virginia,Consumer,Furniture,Furnishings,1,3,186.5400,41.0388,0.2200
2015-11-01,2015,11,South,Virginia,Consumer,Office Supplies,Appliances,2,7,242.1500,74.0222,0.3057
2015-11-01,2015,11,South,Virginia,Consumer,Office Supplies,Art,1,12,293.7600,86.7330,0.2953
2015-11-01,2015,11,South,Virginia,Consumer,Technology,Phones,1,5,226.2000,58.8120,0.2600
2015-11-01,2015,11,South,Virginia,Corporate,Office Supplies,Appliances,1,3,826.1100,322.1829,0.3900
2015-11-01,2015,11,South,Virginia,Corporate,Office Supplies,Envelopes,1,2,33.9600,16.9800,0.5000
2015-11-01,2015,11,South,Virginia,Home Office,Furniture,Furnishings,1,2,39.9600,14.3856,0.3600
2015-11-01,2015,11,West,Arizona,Consumer,Office Supplies,Binders,1,3,4.4010,-3.5208,-0.8000
2015-11-01,2015,11,West,Arizona,Consumer,Office Supplies,Envelopes,1,3,7.0800,2.4780,0.3500
2015-11-01,2015,11,West,Arizona,Corporate,Office Supplies,Appliances,1,6,325.6320,28.4928,0.0875
2015-11-01,2015,11,West,Arizona,Corporate,Office Supplies,Labels,1,5,16.5200,5.3690,0.3250
2015-11-01,2015,11,West,Arizona,Corporate,Technology,Accessories,1,2,23.3440,-1.4590,-0.0625
2015-11-01,2015,11,West,California,Consumer,Furniture,Bookcases,2,7,1195.8310,-70.3430,-0.0588
2015-11-01,2015,11,West,California,Consumer,Furniture,Chairs,3,10,1081.6480,56.3246,0.0521
2015-11-01,2015,11,West,California,Consumer,Furniture,Furnishings,4,20,326.3200,108.7964,0.3334
2015-11-01,2015,11,West,California,Consumer,Furniture,Tables,1,5,1038.8400,51.9420,0.0500
2015-11-01,2015,11,West,California,Consumer,Office Supplies,Appliances,1,4,45.2800,15.3952,0.3400
2015-11-01,2015,11,West,California,Consumer,Office Supplies,Art,1,5,14.7000,6.6150,0.4500
2015-11-01,2015,11,West,California,Consumer,Office Supplies,Binders,4,28,259.6960,88.8128,0.3420
2015-11-01,2015,11,West,California,Consumer,Office Supplies,Paper,6,39,678.1800,325.5654,0.4801
2015-11-01,2015,11,West,California,Consumer,Office Supplies,Storage,4,26,1633.4000,140.8749,0.0862
2015-11-01,2015,11,West,California,Consumer,Technology,Accessories,3,6,213.7800,84.4712,0.3951
2015-11-01,2015,11,West,California,Consumer,Technology,Phones,2,11,488.7120,36.5379,0.0748
2015-11-01,2015,11,West,California,Corporate,Furniture,Chairs,1,1,190.7200,11.9200,0.0625
2015-11-01,2015,11,West,California,Corporate,Office Supplies,Binders,1,4,89.6960,33.6360,0.3750
2015-11-01,2015,11,West,California,Corporate,Office Supplies,Labels,2,7,69.0200,32.2504,0.4673
2015-11-01,2015,11,West,California,Corporate,Office Supplies,Paper,1,5,15.7000,7.0650,0.4500
2015-11-01,2015,11,West,California,Home Office,Furniture,Furnishings,1,3,42.6000,16.6140,0.3900
2015-11-01,2015,11,West,California,Home Office,Office Supplies,Art,2,9,75.7600,20.8236,0.2749
2015-11-01,2015,11,West,California,Home Office,Office Supplies,Binders,2,10,28.4960,9.1202,0.3201
2015-11-01,2015,11,West,California,Home Office,Office Supplies,Fasteners,2,3,7.4800,3.5656,0.4767
2015-11-01,2015,11,West,California,Home Office,Office Supplies,Paper,1,3,113.8200,53.4954,0.4700
2015-11-01,2015,11,West,California,Home Office,Technology,Accessories,3,9,569.9100,127.4157,0.2236
2015-11-01,2015,11,West,California,Home Office,Technology,Phones,1,7,1212.8480,106.1242,0.0875
2015-11-01,2015,11,West,Colorado,Consumer,Furniture,Bookcases,1,6,145.7640,-247.7988,-1.7000
2015-11-01,2015,11,West,Colorado,Consumer,Furniture,Furnishings,1,3,102.3600,-3.8385,-0.0375
2015-11-01,2015,11,West,Colorado,Consumer,Office Supplies,Binders,2,12,51.3900,-36.6138,-0.7125
2015-11-01,2015,11,West,Colorado,Consumer,Technology,Accessories,1,6,238.8960,-26.8758,-0.1125
2015-11-01,2015,11,West,Idaho,Corporate,Furniture,Tables,1,2,696.4200,160.1766,0.2300
2015-11-01,2015,11,West,Idaho,Corporate,Technology,Phones,1,3,304.7760,22.8582,0.0750
2015-11-01,2015,11,West,Montana,Home Office,Furniture,Furnishings,1,7,63.9800,21.7532,0.3400
2015-11-01,2015,11,West,Montana,Home Office,Technology,Phones,1,5,339.9600,42.4950,0.1250
2015-11-01,2015,11,West,Nevada,Consumer,Furniture,Bookcases,1,2,141.9600,41.1684,0.2900
2015-11-01,2015,11,West,Nevada,Consumer,Furniture,Furnishings,1,4,80.9600,29.1456,0.3600
2015-11-01,2015,11,West,Nevada,Consumer,Office Supplies,Binders,1,4,66.0480,23.1168,0.3500
2015-11-01,2015,11,West,Nevada,Consumer,Office Supplies,Paper,1,4,25.9200,12.4416,0.4800
2015-11-01,2015,11,West,Nevada,Corporate,Office Supplies,Appliances,1,4,31.0800,8.3916,0.2700
2015-11-01,2015,11,West,New Mexico,Consumer,Furniture,Chairs,1,7,1114.1920,119.5878,0.1073
2015-11-01,2015,11,West,New Mexico,Home Office,Office Supplies,Art,1,2,8.2800,3.4776,0.4200
2015-11-01,2015,11,West,Oregon,Consumer,Office Supplies,Art,1,1,7.8800,1.7730,0.2250
2015-11-01,2015,11,West,Oregon,Corporate,Office Supplies,Fasteners,1,5,8.7200,2.2890,0.2625
2015-11-01,2015,11,West,Oregon,Corporate,Technology,Accessories,1,7,251.1440,34.5528,0.1376
2015-11-01,2015,11,West,Utah,Consumer,Furniture,Furnishings,1,3,66.6900,22.0077,0.3300
2015-11-01,2015,11,West,Utah,Consumer,Office Supplies,Binders,1,5,91.6800,28.6500,0.3125
2015-11-01,2015,11,West,Utah,Consumer,Office Supplies,Fasteners,1,3,5.0400,0.2016,0.0400
2015-11-01,2015,11,West,Utah,Consumer,Office Supplies,Paper,1,3,92.9400,41.8230,0.4500
2015-11-01,2015,11,West,Washington,Consumer,Office Supplies,Binders,1,3,98.3520,35.6526,0.3625
2015-11-01,2015,11,West,Washington,Consumer,Technology,Accessories,1,9,447.9300,49.2723,0.1100
2015-11-01,2015,11,West,Washington,Home Office,Furniture,Furnishings,2,5,164.1000,29.1342,0.1775
2015-11-01,2015,11,West,Washington,Home Office,Office Supplies,Art,1,6,119.0400,30.9504,0.2600
2015-11-01,2015,11,West,Washington,Home Office,Technology,Accessories,1,2,13.9800,6.0114,0.4300
2015-12-01,2015,12,Central,Illinois,Consumer,Furniture,Bookcases,1,3,359.0580,-71.8116,-0.2000
2015-12-01,2015,12,Central,Illinois,Consumer,Furniture,Furnishings,1,2,41.5520,-19.7372,-0.4750
2015-12-01,2015,12,Central,Illinois,Consumer,Office Supplies,Appliances,1,7,53.0880,-108.8304,-2.0500
2015-12-01,2015,12,Central,Illinois,Consumer,Office Supplies,Art,1,5,13.1200,1.4760,0.1125
2015-12-01,2015,12,Central,Illinois,Consumer,Office Supplies,Envelopes,1,2,12.2240,4.4312,0.3625
2015-12-01,2015,12,Central,Illinois,Consumer,Office Supplies,Storage,2,3,204.8320,-14.2004,-0.0693
2015-12-01,2015,12,Central,Illinois,Consumer,Technology,Accessories,1,4,255.9680,51.1936,0.2000
2015-12-01,2015,12,Central,Illinois,Consumer,Technology,Phones,2,5,318.3600,25.8567,0.0812
2015-12-01,2015,12,Central,Illinois,Home Office,Furniture,Furnishings,1,3,51.7560,-33.6414,-0.6500
2015-12-01,2015,12,Central,Illinois,Home Office,Office Supplies,Art,1,2,59.9040,14.2272,0.2375
2015-12-01,2015,12,Central,Illinois,Home Office,Office Supplies,Storage,1,3,12.6720,-3.1680,-0.2500
2015-12-01,2015,12,Central,Illinois,Home Office,Technology,Accessories,2,10,662.9280,140.2350,0.2115
2015-12-01,2015,12,Central,Illinois,Home Office,Technology,Machines,1,2,600.5300,137.2640,0.2286
2015-12-01,2015,12,Central,Indiana,Corporate,Office Supplies,Paper,1,3,34.0200,16.6698,0.4900
2015-12-01,2015,12,Central,Indiana,Home Office,Technology,Copiers,1,2,999.9800,449.9910,0.4500
2015-12-01,2015,12,Central,Michigan,Consumer,Furniture,Chairs,1,14,991.9600,223.5726,0.2254
2015-12-01,2015,12,Central,Michigan,Consumer,Furniture,Furnishings,1,3,212.1300,14.8491,0.0700
2015-12-01,2015,12,Central,Michigan,Consumer,Office Supplies,Binders,2,6,52.5200,24.8148,0.4725
2015-12-01,2015,12,Central,Michigan,Consumer,Technology,Accessories,1,11,175.2300,61.3305,0.3500
2015-12-01,2015,12,Central,Michigan,Consumer,Technology,Phones,1,1,125.9900,31.4975,0.2500
2015-12-01,2015,12,Central,Michigan,Corporate,Furniture,Bookcases,1,1,160.9800,20.9274,0.1300
2015-12-01,2015,12,Central,Michigan,Corporate,Furniture,Chairs,1,2,191.9600,32.6332,0.1700
2015-12-01,2015,12,Central,Michigan,Corporate,Furniture,Tables,1,2,801.9600,200.4900,0.2500
2015-12-01,2015,12,Central,Michigan,Corporate,Office Supplies,Art,2,3,7.1800,2.4722,0.3443
2015-12-01,2015,12,Central,Michigan,Corporate,Office Supplies,Binders,1,8,116.4000,52.3800,0.4500
2015-12-01,2015,12,Central,Michigan,Corporate,Office Supplies,Labels,1,1,2.6100,1.2006,0.4600
2015-12-01,2015,12,Central,Michigan,Corporate,Office Supplies,Paper,1,3,17.3400,8.4966,0.4900
2015-12-01,2015,12,Central,Michigan,Corporate,Technology,Phones,1,2,73.9800,19.9746,0.2700
2015-12-01,2015,12,Central,Michigan,Home Office,Office Supplies,Art,1,2,3.6400,1.0192,0.2800
2015-12-01,2015,12,Central,Michigan,Home Office,Office Supplies,Binders,1,5,152.8000,76.4000,0.5000
2015-12-01,2015,12,Central,Michigan,Home Office,Office Supplies,Paper,1,5,37.9800,18.0450,0.4751
2015-12-01,2015,12,Central,Missouri,Corporate,Furniture,Furnishings,1,2,9.6800,3.7752,0.3900
2015-12-01,2015,12,Central,Missouri,Corporate,Office Supplies,Paper,1,7,85.9600,40.4012,0.4700
2015-12-01,2015,12,Central,Missouri,Corporate,Technology,Copiers,1,7,4899.9300,2302.9671,0.4700
2015-12-01,2015,12,Central,Nebraska,Corporate,Office Supplies,Binders,1,2,7.0400,3.3088,0.4700
2015-12-01,2015,12,Central,Nebraska,Corporate,Office Supplies,Fasteners,1,4,5.0400,0.2016,0.0400
2015-12-01,2015,12,Central,Nebraska,Corporate,Office Supplies,Paper,1,3,116.2800,56.9772,0.4900
2015-12-01,2015,12,Central,Texas,Consumer,Furniture,Furnishings,2,9,21.4480,-15.4518,-0.7204
2015-12-01,2015,12,Central,Texas,Consumer,Office Supplies,Art,1,2,45.0400,4.5040,0.1000
2015-12-01,2015,12,Central,Texas,Consumer,Office Supplies,Binders,2,11,6.4280,-10.7006,-1.6647
2015-12-01,2015,12,Central,Texas,Consumer,Office Supplies,Fasteners,1,2,3.4880,0.5668,0.1625
2015-12-01,2015,12,Central,Texas,Consumer,Office Supplies,Storage,3,9,287.8320,-24.3060,-0.0844
2015-12-01,2015,12,Central,Texas,Consumer,Office Supplies,Supplies,1,2,5.8880,-1.3248,-0.2250
2015-12-01,2015,12,Central,Texas,Consumer,Technology,Accessories,2,6,182.3520,42.4272,0.2327
2015-12-01,2015,12,Central,Texas,Home Office,Furniture,Bookcases,1,3,532.3992,-46.9764,-0.0882
2015-12-01,2015,12,Central,Texas,Home Office,Furniture,Chairs,2,6,487.1160,-105.5232,-0.2166
2015-12-01,2015,12,Central,Texas,Home Office,Office Supplies,Envelopes,1,9,113.3280,35.4150,0.3125
2015-12-01,2015,12,Central,Texas,Home Office,Office Supplies,Paper,1,11,360.7120,130.7581,0.3625
2015-12-01,2015,12,Central,Texas,Home Office,Technology,Accessories,1,2,100.8000,21.4200,0.2125
2015-12-01,2015,12,Central,Texas,Home Office,Technology,Phones,3,15,2209.5280,204.1124,0.0924
2015-12-01,2015,12,Central,Wisconsin,Consumer,Office Supplies,Paper,1,4,195.6400,91.9508,0.4700
2015-12-01,2015,12,Central,Wisconsin,Consumer,Technology,Phones,1,2,239.9000,71.9700,0.3000
2015-12-01,2015,12,Central,Wisconsin,Home Office,Office Supplies,Art,1,4,17.1200,4.9648,0.2900
2015-12-01,2015,12,East,Maryland,Consumer,Office Supplies,Art,1,3,8.2200,2.2194,0.2700
2015-12-01,2015,12,East,Maryland,Corporate,Furniture,Chairs,1,3,542.9400,141.1644,0.2600
2015-12-01,2015,12,East,Maryland,Corporate,Office Supplies,Art,1,9,27.3600,9.3024,0.3400
2015-12-01,2015,12,East,Maryland,Corporate,Office Supplies,Paper,1,10,71.1500,33.2570,0.4674
2015-12-01,2015,12,East,Maryland,Corporate,Technology,Phones,1,1,134.9900,36.4473,0.2700
2015-12-01,2015,12,East,Maryland,Home Office,Office Supplies,Appliances,1,2,355.9600,103.2284,0.2900
2015-12-01,2015,12,East,Maryland,Home Office,Office Supplies,Paper,1,5,28.9000,14.1610,0.4900
2015-12-01,2015,12,East,Massachusetts,Consumer,Office Supplies,Fasteners,1,5,22.2000,10.4340,0.4700
2015-12-01,2015,12,East,Massachusetts,Home Office,Office Supplies,Binders,1,2,37.8800,18.9400,0.5000
2015-12-01,2015,12,East,Massachusetts,Home Office,Office Supplies,Paper,1,3,19.4400,9.3312,0.4800
2015-12-01,2015,12,East,New Hampshire,Home Office,Furniture,Tables,1,4,1053.1640,-105.3164,-0.1000
2015-12-01,2015,12,East,New Hampshire,Home Office,Office Supplies,Paper,2,12,214.5600,99.5946,0.4642
2015-12-01,2015,12,East,New Hampshire,Home Office,Technology,Accessories,1,9,2249.9100,517.4793,0.2300
2015-12-01,2015,12,East,New York,Consumer,Furniture,Bookcases,1,2,449.5680,56.1960,0.1250
2015-12-01,2015,12,East,New York,Consumer,Furniture,Chairs,3,17,1274.9940,119.1172,0.0934
2015-12-01,2015,12,East,New York,Consumer,Furniture,Furnishings,2,7,142.3600,53.5264,0.3760
2015-12-01,2015,12,East,New York,Consumer,Office Supplies,Binders,2,12,260.4480,87.9848,0.3378
2015-12-01,2015,12,East,New York,Consumer,Office Supplies,Envelopes,1,3,17.9400,8.7906,0.4900
2015-12-01,2015,12,East,New York,Consumer,Office Supplies,Paper,3,16,283.6600,134.6758,0.4748
2015-12-01,2015,12,East,New York,Consumer,Office Supplies,Supplies,1,2,6.3600,0.0636,0.0100
2015-12-01,2015,12,East,New York,Consumer,Technology,Accessories,3,12,2630.0500,493.4466,0.1876
2015-12-01,2015,12,East,New York,Consumer,Technology,Phones,3,15,2613.6500,774.7572,0.2964
2015-12-01,2015,12,East,New York,Corporate,Office Supplies,Binders,1,6,590.3520,206.6232,0.3500
2015-12-01,2015,12,East,New York,Corporate,Office Supplies,Labels,1,7,21.5600,10.3488,0.4800
2015-12-01,2015,12,East,New York,Corporate,Office Supplies,Paper,2,10,201.2300,96.5904,0.4800
2015-12-01,2015,12,East,New York,Home Office,Office Supplies,Appliances,1,2,414.9600,124.4880,0.3000
2015-12-01,2015,12,East,New York,Home Office,Office Supplies,Art,1,1,3.2800,1.4104,0.4300
2015-12-01,2015,12,East,New York,Home Office,Office Supplies,Binders,1,4,10.7520,3.3600,0.3125
2015-12-01,2015,12,East,New York,Home Office,Office Supplies,Labels,1,1,7.3100,3.4357,0.4700
2015-12-01,2015,12,East,New York,Home Office,Office Supplies,Paper,1,13,225.9400,103.9324,0.4600
2015-12-01,2015,12,East,New York,Home Office,Technology,Copiers,1,2,799.9840,249.9950,0.3125
2015-12-01,2015,12,East,Ohio,Consumer,Furniture,Chairs,1,1,70.6860,-24.2352,-0.3429
2015-12-01,2015,12,East,Ohio,Consumer,Furniture,Furnishings,2,11,335.5680,88.0866,0.2625
2015-12-01,2015,12,East,Ohio,Consumer,Furniture,Tables,1,1,51.5880,-15.4764,-0.3000
2015-12-01,2015,12,East,Ohio,Consumer,Office Supplies,Art,2,10,64.5440,7.3888,0.1145
2015-12-01,2015,12,East,Ohio,Consumer,Office Supplies,Binders,2,7,30.1080,-21.4200,-0.7114
2015-12-01,2015,12,East,Ohio,Consumer,Office Supplies,Fasteners,1,2,5.5840,1.8148,0.3250
2015-12-01,2015,12,East,Ohio,Consumer,Office Supplies,Paper,1,6,22.7040,8.2302,0.3625
2015-12-01,2015,12,East,Ohio,Consumer,Office Supplies,Storage,1,9,646.7760,-145.5246,-0.2250
2015-12-01,2015,12,East,Ohio,Consumer,Technology,Accessories,2,8,2050.8480,612.0684,0.2984
2015-12-01,2015,12,East,Ohio,Consumer,Technology,Machines,2,6,2279.9820,-3023.9816,-1.3263
2015-12-01,2015,12,East,Ohio,Consumer,Technology,Phones,2,4,587.9280,-106.0870,-0.1804
2015-12-01,2015,12,East,Ohio,Corporate,Furniture,Tables,1,9,1548.9900,-464.6970,-0.3000
2015-12-01,2015,12,East,Ohio,Corporate,Office Supplies,Art,1,2,3.0080,0.3384,0.1125
2015-12-01,2015,12,East,Ohio,Corporate,Office Supplies,Envelopes,1,3,19.8720,6.7068,0.3375
2015-12-01,2015,12,East,Ohio,Home Office,Office Supplies,Binders,1,3,14.8320,-10.3824,-0.7000
2015-12-01,2015,12,East,Ohio,Home Office,Office Supplies,Paper,1,4,20.7360,7.2576,0.3500
2015-12-01,2015,12,East,Pennsylvania,Consumer,Office Supplies,Appliances,1,9,526.7360,51.6520,0.0981
2015-12-01,2015,12,East,Pennsylvania,Consumer,Office Supplies,Binders,1,6,26.0640,-19.9824,-0.7667
2015-12-01,2015,12,East,Pennsylvania,Consumer,Office Supplies,Labels,1,3,6.9120,2.5056,0.3625
2015-12-01,2015,12,East,Pennsylvania,Consumer,Technology,Accessories,2,4,102.3680,1.9594,0.0191
2015-12-01,2015,12,East,Pennsylvania,Corporate,Furniture,Chairs,1,7,422.6250,0.0000,0.0000
2015-12-01,2015,12,East,Pennsylvania,Corporate,Furniture,Furnishings,2,5,550.0960,-67.6150,-0.1229
2015-12-01,2015,12,East,Pennsylvania,Corporate,Office Supplies,Storage,1,2,33.5680,1.6784,0.0500
2015-12-01,2015,12,East,Pennsylvania,Corporate,Technology,Machines,1,4,482.3400,-337.6380,-0.7000
2015-12-01,2015,12,East,Pennsylvania,Home Office,Office Supplies,Paper,1,2,16.4480,5.5512,0.3375
2015-12-01,2015,12,East,Pennsylvania,Home Office,Technology,Accessories,1,2,36.7840,10.5754,0.2875
2015-12-01,2015,12,South,Arkansas,Consumer,Office Supplies,Envelopes,1,2,105.4200,51.6558,0.4900
2015-12-01,2015,12,South,Florida,Consumer,Office Supplies,Binders,2,5,21.0540,-15.0120,-0.7130
2015-12-01,2015,12,South,Florida,Consumer,Office Supplies,Envelopes,1,2,27.3120,9.2178,0.3375
2015-12-01,2015,12,South,Florida,Consumer,Technology,Accessories,1,6,50.8800,14.6280,0.2875
2015-12-01,2015,12,South,Florida,Home Office,Office Supplies,Labels,1,2,11.6960,3.9474,0.3375
2015-12-01,2015,12,South,Georgia,Consumer,Furniture,Furnishings,1,6,275.8800,46.8996,0.1700
2015-12-01,2015,12,South,Georgia,Consumer,Office Supplies,Art,1,1,1.7800,0.4984,0.2800
2015-12-01,2015,12,South,Georgia,Consumer,Office Supplies,Binders,1,5,157.9000,74.2130,0.4700
2015-12-01,2015,12,South,Georgia,Consumer,Office Supplies,Paper,1,4,25.9200,12.4416,0.4800
2015-12-01,2015,12,South,Georgia,Consumer,Technology,Accessories,1,6,101.9400,21.4074,0.2100
2015-12-01,2015,12,South,Georgia,Corporate,Office Supplies,Binders,1,2,3.7600,1.8048,0.4800
2015-12-01,2015,12,South,Kentucky,Consumer,Furniture,Chairs,1,4,283.9200,70.9800,0.2500
2015-12-01,2015,12,South,Kentucky,Consumer,Office Supplies,Appliances,1,3,152.9400,41.2938,0.2700
2015-12-01,2015,12,South,Kentucky,Corporate,Office Supplies,Binders,1,24,596.4800,278.3802,0.4667
2015-12-01,2015,12,South,Mississippi,Corporate,Furniture,Furnishings,1,2,6.1600,1.9712,0.3200
2015-12-01,2015,12,South,Mississippi,Corporate,Office Supplies,Art,1,2,56.3000,15.7640,0.2800
2015-12-01,2015,12,South,North Carolina,Consumer,Furniture,Furnishings,1,3,77.9520,12.6672,0.1625
2015-12-01,2015,12,South,North Carolina,Consumer,Office Supplies,Art,1,2,9.3440,1.1680,0.1250
2015-12-01,2015,12,South,North Carolina,Consumer,Office Supplies,Binders,1,5,95.9700,-73.5770,-0.7667
2015-12-01,2015,12,South,North Carolina,Consumer,Technology,Phones,2,5,153.5600,14.0362,0.0914
2015-12-01,2015,12,South,North Carolina,Corporate,Technology,Phones,1,3,246.1680,21.5397,0.0875
2015-12-01,2015,12,South,Tennessee,Consumer,Office Supplies,Art,1,4,36.9600,12.0120,0.3250
2015-12-01,2015,12,South,Tennessee,Consumer,Office Supplies,Binders,1,7,1598.0580,-1065.3720,-0.6667
2015-12-01,2015,12,South,Tennessee,Consumer,Office Supplies,Labels,1,4,9.2160,3.3408,0.3625
2015-12-01,2015,12,South,Tennessee,Consumer,Office Supplies,Paper,1,2,10.3680,3.6288,0.3500
2015-12-01,2015,12,South,Tennessee,Corporate,Furniture,Bookcases,1,2,131.1040,8.1940,0.0625
2015-12-01,2015,12,South,Tennessee,Corporate,Furniture,Chairs,1,2,97.4240,10.9602,0.1125
2015-12-01,2015,12,South,Tennessee,Corporate,Furniture,Furnishings,2,8,73.6720,19.5616,0.2655
2015-12-01,2015,12,South,Tennessee,Corporate,Office Supplies,Envelopes,1,8,55.9360,18.8784,0.3375
2015-12-01,2015,12,South,Tennessee,Corporate,Office Supplies,Labels,1,8,18.4320,5.9904,0.3250
2015-12-01,2015,12,South,Tennessee,Corporate,Office Supplies,Storage,1,3,22.5120,2.2512,0.1000
2015-12-01,2015,12,South,Tennessee,Corporate,Technology,Accessories,1,10,77.4720,-12.0210,-0.1552
2015-12-01,2015,12,South,Virginia,Consumer,Office Supplies,Appliances,2,7,230.5900,67.2338,0.2916
2015-12-01,2015,12,South,Virginia,Consumer,Office Supplies,Labels,1,2,196.6200,96.3438,0.4900
2015-12-01,2015,12,South,Virginia,Consumer,Technology,Phones,1,6,173.9400,50.4426,0.2900
2015-12-01,2015,12,South,Virginia,Corporate,Office Supplies,Binders,1,4,63.9600,30.7008,0.4800
2015-12-01,2015,12,South,Virginia,Corporate,Office Supplies,Storage,1,4,61.6800,16.6536,0.2700
2015-12-01,2015,12,West,Arizona,Consumer,Furniture,Furnishings,3,10,228.1920,54.6380,0.2394
2015-12-01,2015,12,West,Arizona,Consumer,Office Supplies,Art,1,6,86.3040,9.7092,0.1125
2015-12-01,2015,12,West,Arizona,Consumer,Office Supplies,Envelopes,1,1,7.9200,2.7720,0.3500
2015-12-01,2015,12,West,Arizona,Consumer,Office Supplies,Paper,2,20,324.4240,105.8642,0.3263
2015-12-01,2015,12,West,Arizona,Consumer,Office Supplies,Storage,1,6,247.1040,-58.6872,-0.2375
2015-12-01,2015,12,West,Arizona,Consumer,Technology,Phones,1,2,111.9840,11.1984,0.1000
2015-12-01,2015,12,West,Arizona,Corporate,Furniture,Chairs,1,4,883.8400,99.4320,0.1125
2015-12-01,2015,12,West,California,Consumer,Furniture,Bookcases,1,3,359.4990,-29.6058,-0.0824
2015-12-01,2015,12,West,California,Consumer,Furniture,Chairs,1,2,348.9280,34.8928,0.1000
2015-12-01,2015,12,West,California,Consumer,Furniture,Furnishings,4,16,300.7200,72.3018,0.2404
2015-12-01,2015,12,West,California,Consumer,Office Supplies,Appliances,2,4,114.7400,33.0412,0.2880
2015-12-01,2015,12,West,California,Consumer,Office Supplies,Art,4,25,360.5100,100.8047,0.2796
2015-12-01,2015,12,West,California,Consumer,Office Supplies,Binders,5,15,174.6400,60.0506,0.3439
2015-12-01,2015,12,West,California,Consumer,Office Supplies,Envelopes,2,7,286.9600,129.5976,0.4516
2015-12-01,2015,12,West,California,Consumer,Office Supplies,Fasteners,2,6,53.7800,25.1980,0.4685
2015-12-01,2015,12,West,California,Consumer,Office Supplies,Labels,3,11,37.2800,17.7528,0.4762
2015-12-01,2015,12,West,California,Consumer,Office Supplies,Paper,4,17,152.6200,69.8682,0.4578
2015-12-01,2015,12,West,California,Consumer,Office Supplies,Storage,2,5,435.3200,107.9374,0.2479
2015-12-01,2015,12,West,California,Consumer,Office Supplies,Supplies,1,7,25.7600,0.5152,0.0200
2015-12-01,2015,12,West,California,Consumer,Technology,Accessories,4,17,1900.8800,739.0425,0.3888
2015-12-01,2015,12,West,California,Consumer,Technology,Copiers,1,5,1199.9600,224.9925,0.1875
2015-12-01,2015,12,West,California,Consumer,Technology,Machines,1,6,2548.5600,286.7130,0.1125
2015-12-01,2015,12,West,California,Consumer,Technology,Phones,5,15,1813.3840,206.0942,0.1137
2015-12-01,2015,12,West,California,Corporate,Furniture,Furnishings,2,7,80.8600,28.5038,0.3525
2015-12-01,2015,12,West,California,Corporate,Furniture,Tables,1,2,273.5680,10.2588,0.0375
2015-12-01,2015,12,West,California,Corporate,Office Supplies,Appliances,1,4,134.4800,34.9648,0.2600
2015-12-01,2015,12,West,California,Corporate,Office Supplies,Binders,1,5,89.5120,32.2827,0.3607
2015-12-01,2015,12,West,California,Corporate,Office Supplies,Envelopes,1,3,271.4400,122.1480,0.4500
2015-12-01,2015,12,West,California,Corporate,Office Supplies,Labels,1,4,12.6000,6.0480,0.4800
2015-12-01,2015,12,West,California,Corporate,Office Supplies,Paper,4,7,41.3600,19.9424,0.4822
2015-12-01,2015,12,West,California,Corporate,Office Supplies,Storage,2,4,545.0600,65.8282,0.1208
2015-12-01,2015,12,West,California,Corporate,Technology,Accessories,3,15,282.9200,61.1548,0.2162
2015-12-01,2015,12,West,California,Corporate,Technology,Phones,2,12,778.5120,83.4444,0.1072
2015-12-01,2015,12,West,California,Home Office,Furniture,Chairs,1,9,2676.6720,267.6672,0.1000
2015-12-01,2015,12,West,California,Home Office,Furniture,Furnishings,1,3,15.2400,5.1816,0.3400
2015-12-01,2015,12,West,California,Home Office,Office Supplies,Art,1,2,56.3000,15.7640,0.2800
2015-12-01,2015,12,West,California,Home Office,Office Supplies,Binders,1,4,110.5280,38.6848,0.3500
2015-12-01,2015,12,West,California,Home Office,Office Supplies,Paper,2,7,42.7100,19.9454,0.4670
2015-12-01,2015,12,West,Colorado,Consumer,Furniture,Bookcases,2,11,659.6340,-930.5344,-1.4107
2015-12-01,2015,12,West,Colorado,Consumer,Furniture,Furnishings,1,14,107.3360,26.0536,0.2427
2015-12-01,2015,12,West,Colorado,Consumer,Furniture,Tables,1,5,364.9500,-248.1660,-0.6800
2015-12-01,2015,12,West,Colorado,Consumer,Office Supplies,Art,2,11,31.3840,3.2027,0.1020
2015-12-01,2015,12,West,Colorado,Consumer,Office Supplies,Paper,1,6,112.7520,38.4000,0.3406
2015-12-01,2015,12,West,Colorado,Consumer,Technology,Accessories,1,4,58.0800,-6.5340,-0.1125
2015-12-01,2015,12,West,Colorado,Corporate,Office Supplies,Appliances,1,7,60.9840,4.5738,0.0750
2015-12-01,2015,12,West,Colorado,Corporate,Office Supplies,Art,1,2,6.8480,0.5992,0.0875
2015-12-01,2015,12,West,Colorado,Corporate,Office Supplies,Paper,1,3,15.6960,5.1012,0.3250
2015-12-01,2015,12,West,Montana,Consumer,Office Supplies,Binders,1,2,487.9840,152.4950,0.3125
2015-12-01,2015,12,West,Nevada,Consumer,Office Supplies,Labels,1,3,14.9400,6.8724,0.4600
2015-12-01,2015,12,West,Nevada,Consumer,Office Supplies,Paper,1,1,6.4800,3.1104,0.4800
2015-12-01,2015,12,West,Nevada,Consumer,Office Supplies,Storage,1,5,1325.8500,238.6530,0.1800
2015-12-01,2015,12,West,Nevada,Corporate,Office Supplies,Paper,1,7,130.2800,64.8160,0.4975
2015-12-01,2015,12,West,Oregon,Consumer,Technology,Phones,1,4,319.9680,35.9964,0.1125
2015-12-01,2015,12,West,Washington,Consumer,Furniture,Tables,1,13,1618.3700,356.0414,0.2200
2015-12-01,2015,12,West,Washington,Consumer,Office Supplies,Appliances,1,4,103.9200,36.3720,0.3500
2015-12-01,2015,12,West,Washington,Consumer,Office Supplies,Binders,2,5,106.7360,37.9990,0.3560
2015-12-01,2015,12,West,Washington,Consumer,Office Supplies,Fasteners,1,2,3.9600,0.0000,0.0000
2015-12-01,2015,12,West,Washington,Consumer,Office Supplies,Labels,1,1,2.6100,1.2006,0.4600
2015-12-01,2015,12,West,Washington,Consumer,Office Supplies,Paper,1,1,4.9800,2.3406,0.4700
2015-12-01,2015,12,West,Washington,Consumer,Technology,Accessories,2,10,999.5100,414.8142,0.4150
2015-12-01,2015,12,West,Washington,Home Office,Furniture,Chairs,1,5,2003.9200,125.2450,0.0625
2015-12-01,2015,12,West,Washington,Home Office,Furniture,Tables,1,9,1913.4000,401.8140,0.2100
2015-12-01,2015,12,West,Washington,Home Office,Office Supplies,Art,1,5,13.9000,5.5600,0.4000
2015-12-01,2015,12,West,Washington,Home Office,Office Supplies,Paper,1,10,146.6000,68.0840,0.4644
2015-12-01,2015,12,West,Washington,Home Office,Office Supplies,Storage,1,3,146.7300,2.9346,0.0200
2016-01-01,2016,1,Central,Illinois,Consumer,Furniture,Tables,1,3,626.1000,-538.4460,-0.8600
2016-01-01,2016,1,Central,Illinois,Consumer,Office Supplies,Binders,1,3,1.7280,-2.6784,-1.5500
2016-01-01,2016,1,Central,Illinois,Consumer,Technology,Phones,1,4,1439.9680,143.9968,0.1000
2016-01-01,2016,1,Central,Illinois,Corporate,Office Supplies,Paper,1,4,156.5120,52.8228,0.3375
2016-01-01,2016,1,Central,Oklahoma,Corporate,Furniture,Tables,1,7,1592.8500,350.4270,0.2200
2016-01-01,2016,1,Central,Oklahoma,Corporate,Office Supplies,Binders,1,2,11.8800,5.3460,0.4500
2016-01-01,2016,1,Central,Texas,Consumer,Furniture,Furnishings,1,3,23.0760,-10.9611,-0.4750
2016-01-01,2016,1,Central,Texas,Consumer,Office Supplies,Paper,2,8,41.4720,14.5152,0.3500
2016-01-01,2016,1,Central,Texas,Corporate,Technology,Accessories,1,5,195.6800,-11.4740,-0.0586
2016-01-01,2016,1,Central,Texas,Corporate,Technology,Phones,1,5,180.9600,13.5720,0.0750
2016-01-01,2016,1,Central,Wisconsin,Corporate,Furniture,Bookcases,1,6,1565.8800,407.1288,0.2600
2016-01-01,2016,1,Central,Wisconsin,Corporate,Office Supplies,Binders,1,7,106.0500,49.8435,0.4700
2016-01-01,2016,1,East,Connecticut,Consumer,Furniture,Tables,1,1,181.7970,-15.5826,-0.0857
2016-01-01,2016,1,East,Maryland,Corporate,Furniture,Bookcases,1,3,173.9400,38.2668,0.2200
2016-01-01,2016,1,East,Maryland,Corporate,Technology,Phones,1,2,231.9800,67.2742,0.2900
2016-01-01,2016,1,East,New Hampshire,Home Office,Furniture,Furnishings,1,3,322.5900,64.5180,0.2000
2016-01-01,2016,1,East,New Hampshire,Home Office,Technology,Accessories,1,4,401.9600,80.1502,0.1994
2016-01-01,2016,1,East,New Jersey,Consumer,Office Supplies,Fasteners,1,6,7.5600,0.3024,0.0400
2016-01-01,2016,1,East,New Jersey,Corporate,Office Supplies,Art,1,3,9.2100,2.3025,0.2500
2016-01-01,2016,1,East,New Jersey,Corporate,Office Supplies,Envelopes,1,2,23.3600,11.6800,0.5000
2016-01-01,2016,1,East,New Jersey,Corporate,Office Supplies,Paper,1,5,18.0000,8.2800,0.4600
2016-01-01,2016,1,East,New Jersey,Home Office,Office Supplies,Art,1,2,4.6600,1.3514,0.2900
2016-01-01,2016,1,East,New Jersey,Home Office,Office Supplies,Envelopes,1,2,52.3400,24.5998,0.4700
2016-01-01,2016,1,East,New Jersey,Home Office,Technology,Accessories,1,3,254.9700,91.7892,0.3600
2016-01-01,2016,1,East,New York,Consumer,Office Supplies,Binders,2,7,75.8720,26.5552,0.3500
2016-01-01,2016,1,East,New York,Consumer,Office Supplies,Envelopes,1,4,16.5200,7.5992,0.4600
2016-01-01,2016,1,East,New York,Consumer,Office Supplies,Paper,1,9,60.1200,28.8576,0.4800
2016-01-01,2016,1,East,New York,Corporate,Furniture,Furnishings,1,1,45.9800,7.8166,0.1700
2016-01-01,2016,1,East,New York,Corporate,Furniture,Tables,1,3,313.7220,-99.3453,-0.3167
2016-01-01,2016,1,East,New York,Corporate,Office Supplies,Binders,1,5,43.1200,15.0920,0.3500
2016-01-01,2016,1,East,New York,Corporate,Office Supplies,Storage,1,7,428.6800,0.0000,0.0000
2016-01-01,2016,1,East,New York,Home Office,Office Supplies,Paper,1,2,81.9800,40.1702,0.4900
2016-01-01,2016,1,East,Ohio,Corporate,Furniture,Furnishings,1,2,15.1680,3.7920,0.2500
2016-01-01,2016,1,East,Ohio,Home Office,Furniture,Furnishings,1,14,54.9920,8.9362,0.1625
2016-01-01,2016,1,East,Ohio,Home Office,Office Supplies,Paper,1,6,78.8640,26.0196,0.3299
2016-01-01,2016,1,East,Ohio,Home Office,Technology,Accessories,1,3,55.1760,15.8631,0.2875
2016-01-01,2016,1,East,Ohio,Home Office,Technology,Phones,2,6,125.9640,-30.1080,-0.2390
2016-01-01,2016,1,East,Pennsylvania,Corporate,Office Supplies,Art,1,1,4.6720,0.5840,0.1250
2016-01-01,2016,1,East,Pennsylvania,Corporate,Office Supplies,Binders,1,6,104.5800,-80.1780,-0.7667
2016-01-01,2016,1,East,Vermont,Corporate,Office Supplies,Art,1,6,8.0400,2.7336,0.3400
2016-01-01,2016,1,East,Vermont,Corporate,Office Supplies,Storage,1,13,1564.2900,406.7154,0.2600
2016-01-01,2016,1,East,Vermont,Corporate,Technology,Accessories,1,2,99.9800,42.9914,0.4300
2016-01-01,2016,1,South,Florida,Corporate,Office Supplies,Art,1,2,5.2480,0.5904,0.1125
2016-01-01,2016,1,South,Florida,Corporate,Technology,Accessories,1,6,191.4720,40.6878,0.2125
2016-01-01,2016,1,South,Florida,Corporate,Technology,Phones,1,2,59.1840,5.1786,0.0875
2016-01-01,2016,1,South,Georgia,Corporate,Technology,Accessories,1,4,316.0000,31.6000,0.1000
2016-01-01,2016,1,South,Georgia,Home Office,Office Supplies,Binders,1,1,1270.9900,635.4950,0.5000
2016-01-01,2016,1,South,Georgia,Home Office,Office Supplies,Envelopes,1,8,125.3600,58.9192,0.4700
2016-01-01,2016,1,South,Mississippi,Corporate,Office Supplies,Binders,1,4,31.3600,15.6800,0.5000
2016-01-01,2016,1,South,North Carolina,Consumer,Furniture,Bookcases,1,4,451.1360,-67.6704,-0.1500
2016-01-01,2016,1,South,North Carolina,Consumer,Furniture,Furnishings,2,16,330.0480,35.8592,0.1086
2016-01-01,2016,1,South,North Carolina,Consumer,Office Supplies,Appliances,1,4,64.8640,6.4864,0.1000
2016-01-01,2016,1,South,North Carolina,Consumer,Office Supplies,Art,1,3,47.6160,5.9520,0.1250
2016-01-01,2016,1,South,North Carolina,Consumer,Office Supplies,Binders,1,7,30.8280,-24.6624,-0.8000
2016-01-01,2016,1,South,North Carolina,Consumer,Office Supplies,Paper,1,2,89.5680,32.4684,0.3625
2016-01-01,2016,1,South,North Carolina,Consumer,Technology,Phones,1,2,108.7840,10.8784,0.1000
2016-01-01,2016,1,South,North Carolina,Corporate,Technology,Copiers,1,4,959.9680,119.9960,0.1250
2016-01-01,2016,1,West,California,Consumer,Furniture,Chairs,1,9,1167.0560,70.2528,0.0602
2016-01-01,2016,1,West,California,Consumer,Furniture,Furnishings,1,7,59.9900,21.5964,0.3600
2016-01-01,2016,1,West,California,Consumer,Office Supplies,Binders,3,6,79.8880,27.8882,0.3491
2016-01-01,2016,1,West,California,Consumer,Office Supplies,Labels,2,17,91.0600,43.9237,0.4824
2016-01-01,2016,1,West,California,Consumer,Office Supplies,Storage,2,11,419.4700,104.8675,0.2500
2016-01-01,2016,1,West,California,Consumer,Technology,Accessories,1,3,90.5700,11.7741,0.1300
2016-01-01,2016,1,West,California,Corporate,Office Supplies,Art,1,2,39.6800,10.3168,0.2600
2016-01-01,2016,1,West,California,Corporate,Technology,Accessories,1,5,349.9500,118.9830,0.3400
2016-01-01,2016,1,West,California,Corporate,Technology,Phones,1,9,377.9280,141.7230,0.3750
2016-01-01,2016,1,West,California,Home Office,Office Supplies,Art,1,1,34.5800,10.0282,0.2900
2016-01-01,2016,1,West,California,Home Office,Office Supplies,Paper,1,5,56.7000,27.7830,0.4900
2016-01-01,2016,1,West,California,Home Office,Technology,Phones,1,1,109.5920,8.2194,0.0750
2016-01-01,2016,1,West,Washington,Consumer,Furniture,Bookcases,1,1,48.5800,7.7728,0.1600
2016-01-01,2016,1,West,Washington,Consumer,Furniture,Chairs,1,4,435.1680,-59.8356,-0.1375
2016-01-01,2016,1,West,Washington,Consumer,Furniture,Furnishings,1,5,24.8500,7.7035,0.3100
2016-01-01,2016,1,West,Washington,Consumer,Office Supplies,Paper,1,2,12.9600,6.2208,0.4800
2016-01-01,2016,1,West,Washington,Corporate,Furniture,Furnishings,2,9,189.8200,71.7316,0.3779
2016-01-01,2016,1,West,Washington,Corporate,Technology,Accessories,1,2,69.9800,13.2962,0.1900
2016-02-01,2016,2,Central,Illinois,Corporate,Furniture,Chairs,1,3,62.9580,-2.6982,-0.0429
2016-02-01,2016,2,Central,Illinois,Corporate,Office Supplies,Appliances,1,6,92.0640,-225.5568,-2.4500
2016-02-01,2016,2,Central,Illinois,Corporate,Office Supplies,Fasteners,1,4,6.9760,1.8312,0.2625
2016-02-01,2016,2,Central,Illinois,Corporate,Office Supplies,Paper,1,1,5.1840,1.8144,0.3500
2016-02-01,2016,2,Central,Oklahoma,Corporate,Technology,Phones,1,7,69.9300,0.6993,0.0100
2016-02-01,2016,2,Central,Texas,Consumer,Furniture,Furnishings,1,2,16.1920,-6.8816,-0.4250
2016-02-01,2016,2,Central,Texas,Corporate,Furniture,Chairs,1,4,241.5000,0.0000,0.0000
2016-02-01,2016,2,Central,Texas,Corporate,Furniture,Furnishings,1,2,73.7840,-77.4732,-1.0500
2016-02-01,2016,2,Central,Wisconsin,Consumer,Office Supplies,Binders,1,3,56.8200,28.4100,0.5000
2016-02-01,2016,2,Central,Wisconsin,Home Office,Office Supplies,Appliances,1,9,490.3200,137.2896,0.2800
2016-02-01,2016,2,East,Maryland,Consumer,Furniture,Furnishings,1,6,10.5600,4.6464,0.4400
2016-02-01,2016,2,East,Maryland,Consumer,Furniture,Tables,1,3,550.4310,-47.1798,-0.0857
2016-02-01,2016,2,East,Maryland,Consumer,Office Supplies,Art,1,3,7.9800,2.0748,0.2600
2016-02-01,2016,2,East,Maryland,Consumer,Office Supplies,Paper,1,1,4.7700,2.1465,0.4500
2016-02-01,2016,2,East,Maryland,Consumer,Technology,Phones,1,2,90.4800,23.5248,0.2600
2016-02-01,2016,2,East,New Jersey,Consumer,Furniture,Chairs,1,2,227.9600,36.4736,0.1600
2016-02-01,2016,2,East,New York,Consumer,Furniture,Chairs,1,3,326.6460,39.9234,0.1222
2016-02-01,2016,2,East,New York,Consumer,Furniture,Furnishings,1,2,44.4600,14.6718,0.3300
2016-02-01,2016,2,East,New York,Consumer,Office Supplies,Appliances,1,3,170.8800,49.5552,0.2900
2016-02-01,2016,2,East,New York,Consumer,Office Supplies,Binders,1,3,398.3520,124.4850,0.3125
2016-02-01,2016,2,East,New York,Consumer,Office Supplies,Fasteners,1,4,8.7200,3.5752,0.4100
2016-02-01,2016,2,East,New York,Consumer,Office Supplies,Storage,2,5,360.9000,15.6156,0.0433
2016-02-01,2016,2,East,New York,Consumer,Technology,Accessories,1,3,89.9700,39.5868,0.4400
2016-02-01,2016,2,East,New York,Corporate,Furniture,Furnishings,2,12,204.7500,95.5010,0.4664
2016-02-01,2016,2,East,New York,Corporate,Office Supplies,Fasteners,1,6,36.4800,18.2400,0.5000
2016-02-01,2016,2,East,New York,Corporate,Office Supplies,Labels,1,3,8.6700,4.0749,0.4700
2016-02-01,2016,2,East,New York,Corporate,Office Supplies,Storage,1,3,296.3700,80.0199,0.2700
2016-02-01,2016,2,East,New York,Corporate,Office Supplies,Supplies,1,3,25.7100,6.6846,0.2600
2016-02-01,2016,2,East,New York,Corporate,Technology,Phones,1,2,39.9800,1.9990,0.0500
2016-02-01,2016,2,East,Ohio,Consumer,Office Supplies,Art,1,7,111.1040,8.3328,0.0750
2016-02-01,2016,2,East,Ohio,Consumer,Office Supplies,Envelopes,1,5,46.7200,17.5200,0.3750
2016-02-01,2016,2,East,Ohio,Consumer,Office Supplies,Paper,1,2,30.3520,10.6232,0.3500
2016-02-01,2016,2,East,Pennsylvania,Corporate,Office Supplies,Envelopes,1,3,57.5760,21.5910,0.3750
2016-02-01,2016,2,South,Florida,Home Office,Office Supplies,Binders,1,5,38.6220,-29.4848,-0.7634
2016-02-01,2016,2,South,Florida,Home Office,Office Supplies,Storage,1,3,432.4560,32.4342,0.0750
2016-02-01,2016,2,South,Georgia,Consumer,Office Supplies,Binders,1,4,15.9200,7.4824,0.4700
2016-02-01,2016,2,South,Georgia,Consumer,Office Supplies,Storage,1,6,1350.1200,175.5156,0.1300
2016-02-01,2016,2,South,Georgia,Home Office,Furniture,Bookcases,1,2,239.9800,52.7956,0.2200
2016-02-01,2016,2,South,Georgia,Home Office,Furniture,Furnishings,1,3,18.8400,7.1592,0.3800
2016-02-01,2016,2,South,Georgia,Home Office,Office Supplies,Envelopes,1,2,167.9600,78.9412,0.4700
2016-02-01,2016,2,South,Georgia,Home Office,Office Supplies,Fasteners,1,5,9.4500,0.1890,0.0200
2016-02-01,2016,2,South,Georgia,Home Office,Office Supplies,Paper,1,19,814.1800,392.1008,0.4816
2016-02-01,2016,2,South,Georgia,Home Office,Office Supplies,Storage,1,4,235.4200,3.1640,0.0134
2016-02-01,2016,2,South,Georgia,Home Office,Technology,Phones,1,6,589.6800,154.3653,0.2618
2016-02-01,2016,2,South,Kentucky,Consumer,Furniture,Chairs,1,4,866.4000,225.2640,0.2600
2016-02-01,2016,2,South,Kentucky,Consumer,Furniture,Furnishings,1,4,318.0800,34.9888,0.1100
2016-02-01,2016,2,South,Kentucky,Consumer,Office Supplies,Binders,1,1,5.8000,2.6100,0.4500
2016-02-01,2016,2,South,Mississippi,Consumer,Office Supplies,Art,1,7,264.1800,68.6868,0.2600
2016-02-01,2016,2,South,North Carolina,Home Office,Technology,Phones,1,3,1127.9760,126.8973,0.1125
2016-02-01,2016,2,South,Tennessee,Consumer,Office Supplies,Paper,1,2,16.4960,5.5674,0.3375
2016-02-01,2016,2,South,Tennessee,Corporate,Furniture,Furnishings,1,4,132.2240,-18.1808,-0.1375
2016-02-01,2016,2,South,Virginia,Consumer,Furniture,Furnishings,1,7,18.6900,7.1022,0.3800
2016-02-01,2016,2,South,Virginia,Consumer,Office Supplies,Binders,1,8,36.4000,18.2000,0.5000
2016-02-01,2016,2,South,Virginia,Consumer,Office Supplies,Labels,1,3,7.8300,3.6018,0.4600
2016-02-01,2016,2,South,Virginia,Consumer,Technology,Accessories,1,4,100.0000,21.0000,0.2100
2016-02-01,2016,2,South,Virginia,Consumer,Technology,Machines,1,5,8749.9500,2799.9840,0.3200
2016-02-01,2016,2,South,Virginia,Corporate,Office Supplies,Storage,1,5,56.4500,14.6770,0.2600
2016-02-01,2016,2,West,Arizona,Consumer,Furniture,Furnishings,1,2,14.3680,3.9512,0.2750
2016-02-01,2016,2,West,California,Consumer,Furniture,Tables,1,4,557.7280,6.9716,0.0125
2016-02-01,2016,2,West,California,Consumer,Office Supplies,Fasteners,1,3,10.6500,5.0055,0.4700
2016-02-01,2016,2,West,California,Consumer,Office Supplies,Labels,1,3,14.7300,7.2177,0.4900
2016-02-01,2016,2,West,California,Consumer,Office Supplies,Paper,1,2,70.8800,33.3136,0.4700
2016-02-01,2016,2,West,California,Consumer,Office Supplies,Storage,1,3,186.5400,50.3658,0.2700
2016-02-01,2016,2,West,California,Consumer,Technology,Accessories,1,1,36.2400,15.2208,0.4200
2016-02-01,2016,2,West,California,Consumer,Technology,Phones,2,9,605.9280,23.7514,0.0392
2016-02-01,2016,2,West,California,Corporate,Office Supplies,Binders,1,11,49.8080,17.4328,0.3500
2016-02-01,2016,2,West,California,Corporate,Office Supplies,Paper,1,4,105.5200,48.5392,0.4600
2016-02-01,2016,2,West,California,Corporate,Office Supplies,Storage,2,7,542.1700,12.7038,0.0234
2016-02-01,2016,2,West,California,Corporate,Technology,Accessories,2,6,134.8200,51.5172,0.3821
2016-02-01,2016,2,West,California,Corporate,Technology,Phones,1,5,623.9600,38.9975,0.0625
2016-02-01,2016,2,West,California,Home Office,Office Supplies,Paper,1,3,146.8200,73.4100,0.5000
2016-03-01,2016,3,Central,Illinois,Consumer,Furniture,Chairs,1,5,528.4300,0.0000,0.0000
2016-03-01,2016,3,Central,Illinois,Consumer,Furniture,Furnishings,1,5,159.0400,-194.8240,-1.2250
2016-03-01,2016,3,Central,Illinois,Consumer,Furniture,Tables,1,2,145.9800,-99.2664,-0.6800
2016-03-01,2016,3,Central,Illinois,Consumer,Office Supplies,Appliances,1,3,2.3340,-6.3018,-2.7000
2016-03-01,2016,3,Central,Illinois,Consumer,Office Supplies,Art,1,3,13.3920,1.5066,0.1125
2016-03-01,2016,3,Central,Illinois,Consumer,Office Supplies,Binders,2,6,4.8960,-7.5168,-1.5353
2016-03-01,2016,3,Central,Illinois,Consumer,Technology,Phones,1,1,11.9920,0.8994,0.0750
2016-03-01,2016,3,Central,Illinois,Home Office,Furniture,Chairs,1,6,844.1160,-36.1764,-0.0429
2016-03-01,2016,3,Central,Illinois,Home Office,Office Supplies,Paper,1,3,45.5280,15.9348,0.3500
2016-03-01,2016,3,Central,Illinois,Home Office,Technology,Phones,1,8,812.7360,60.9552,0.0750
2016-03-01,2016,3,Central,Indiana,Consumer,Office Supplies,Binders,1,3,128.4000,64.2000,0.5000
2016-03-01,2016,3,Central,Indiana,Consumer,Technology,Phones,1,3,134.8500,37.7580,0.2800
2016-03-01,2016,3,Central,Indiana,Corporate,Office Supplies,Paper,1,1,22.4800,10.3408,0.4600
2016-03-01,2016,3,Central,Michigan,Corporate,Office Supplies,Appliances,1,3,207.1440,48.3336,0.2333
2016-03-01,2016,3,Central,Michigan,Corporate,Office Supplies,Art,1,5,13.9000,3.7530,0.2700
2016-03-01,2016,3,Central,Minnesota,Corporate,Office Supplies,Binders,1,2,17.4600,8.2062,0.4700
2016-03-01,2016,3,Central,Minnesota,Corporate,Technology,Accessories,1,2,45.9800,19.7714,0.4300
2016-03-01,2016,3,Central,Missouri,Home Office,Furniture,Tables,1,4,697.1600,146.4036,0.2100
2016-03-01,2016,3,Central,Oklahoma,Consumer,Technology,Accessories,1,5,1287.4500,244.6155,0.1900
2016-03-01,2016,3,Central,Texas,Consumer,Furniture,Bookcases,1,5,241.3320,-14.1960,-0.0588
2016-03-01,2016,3,Central,Texas,Consumer,Furniture,Tables,2,8,1195.4810,-127.5792,-0.1067
2016-03-01,2016,3,Central,Texas,Consumer,Office Supplies,Art,1,7,145.5440,16.3737,0.1125
2016-03-01,2016,3,Central,Texas,Consumer,Office Supplies,Binders,1,2,1.2720,-2.1624,-1.7000
2016-03-01,2016,3,Central,Texas,Consumer,Office Supplies,Envelopes,1,3,36.6000,11.8950,0.3250
2016-03-01,2016,3,Central,Texas,Consumer,Office Supplies,Fasteners,1,1,2.3040,0.7776,0.3375
2016-03-01,2016,3,Central,Texas,Consumer,Office Supplies,Paper,2,6,75.2640,26.4072,0.3509
2016-03-01,2016,3,Central,Texas,Consumer,Office Supplies,Supplies,1,3,3930.0720,-786.0144,-0.2000
2016-03-01,2016,3,Central,Texas,Consumer,Technology,Accessories,1,7,41.7200,5.7365,0.1375
2016-03-01,2016,3,Central,Texas,Consumer,Technology,Machines,1,3,287.9100,33.5895,0.1167
2016-03-01,2016,3,Central,Texas,Consumer,Technology,Phones,1,3,431.9760,32.3982,0.0750
2016-03-01,2016,3,Central,Texas,Corporate,Furniture,Chairs,2,10,1091.8600,-199.7740,-0.1830
2016-03-01,2016,3,Central,Texas,Corporate,Furniture,Tables,1,2,99.3720,-1.4196,-0.0143
2016-03-01,2016,3,Central,Texas,Corporate,Office Supplies,Art,1,1,1.3440,0.5040,0.3750
2016-03-01,2016,3,Central,Texas,Corporate,Office Supplies,Binders,1,7,22.3860,-35.8176,-1.6000
2016-03-01,2016,3,Central,Texas,Corporate,Office Supplies,Envelopes,1,3,149.3520,50.4063,0.3375
2016-03-01,2016,3,Central,Texas,Corporate,Office Supplies,Paper,1,7,42.7840,15.5092,0.3625
2016-03-01,2016,3,Central,Texas,Corporate,Office Supplies,Storage,1,1,12.9920,-0.8120,-0.0625
2016-03-01,2016,3,Central,Texas,Corporate,Technology,Phones,1,3,21.0720,1.5804,0.0750
2016-03-01,2016,3,Central,Texas,Home Office,Office Supplies,Binders,1,9,8.8560,-14.1696,-1.6000
2016-03-01,2016,3,Central,Texas,Home Office,Office Supplies,Envelopes,1,3,146.3520,49.3938,0.3375
2016-03-01,2016,3,Central,Texas,Home Office,Technology,Accessories,1,5,27.9600,8.3880,0.3000
2016-03-01,2016,3,Central,Wisconsin,Corporate,Furniture,Furnishings,1,2,16.7400,4.3524,0.2600
2016-03-01,2016,3,East,Connecticut,Corporate,Office Supplies,Paper,1,1,11.3400,5.5566,0.4900
2016-03-01,2016,3,East,Connecticut,Home Office,Technology,Accessories,1,5,199.7500,87.8900,0.4400
2016-03-01,2016,3,East,Delaware,Consumer,Office Supplies,Binders,2,9,480.4000,235.3960,0.4900
2016-03-01,2016,3,East,Delaware,Consumer,Office Supplies,Paper,1,3,166.4400,79.8912,0.4800
2016-03-01,2016,3,East,Delaware,Consumer,Technology,Phones,2,7,609.9300,191.9769,0.3148
2016-03-01,2016,3,East,Maryland,Consumer,Furniture,Furnishings,1,5,971.5000,252.5900,0.2600
2016-03-01,2016,3,East,Maryland,Consumer,Office Supplies,Appliances,1,3,901.9500,297.6435,0.3300
2016-03-01,2016,3,East,Maryland,Consumer,Office Supplies,Envelopes,1,5,199.9000,89.9550,0.4500
2016-03-01,2016,3,East,Massachusetts,Consumer,Furniture,Chairs,1,5,354.9000,88.7250,0.2500
2016-03-01,2016,3,East,Massachusetts,Consumer,Office Supplies,Art,1,2,39.6800,10.3168,0.2600
2016-03-01,2016,3,East,Massachusetts,Consumer,Office Supplies,Binders,1,4,51.8000,23.3100,0.4500
2016-03-01,2016,3,East,Massachusetts,Consumer,Office Supplies,Paper,1,3,17.9400,8.7906,0.4900
2016-03-01,2016,3,East,Massachusetts,Consumer,Office Supplies,Storage,1,1,11.2100,3.3630,0.3000
2016-03-01,2016,3,East,New Hampshire,Corporate,Technology,Accessories,1,2,159.9800,57.5928,0.3600
2016-03-01,2016,3,East,New Jersey,Consumer,Furniture,Tables,1,2,244.0060,-31.3722,-0.1286
2016-03-01,2016,3,East,New York,Consumer,Furniture,Bookcases,1,1,176.7840,-22.0980,-0.1250
2016-03-01,2016,3,East,New York,Consumer,Furniture,Chairs,1,6,327.9960,54.6660,0.1667
2016-03-01,2016,3,East,New York,Consumer,Furniture,Furnishings,3,21,562.9000,182.3036,0.3239
2016-03-01,2016,3,East,New York,Consumer,Furniture,Tables,1,8,836.5920,-264.9208,-0.3167
2016-03-01,2016,3,East,New York,Consumer,Office Supplies,Binders,2,14,140.5840,46.8671,0.3334
2016-03-01,2016,3,East,New York,Consumer,Office Supplies,Envelopes,1,3,29.3400,13.4964,0.4600
2016-03-01,2016,3,East,New York,Consumer,Office Supplies,Paper,3,5,52.8200,25.2252,0.4776
2016-03-01,2016,3,East,New York,Consumer,Office Supplies,Storage,1,2,362.9200,105.2468,0.2900
2016-03-01,2016,3,East,New York,Consumer,Technology,Machines,1,7,4899.9300,2400.9657,0.4900
2016-03-01,2016,3,East,New York,Corporate,Office Supplies,Art,1,3,59.5200,17.8560,0.3000
2016-03-01,2016,3,East,New York,Corporate,Office Supplies,Storage,1,5,459.9500,18.3980,0.0400
2016-03-01,2016,3,East,Ohio,Consumer,Furniture,Bookcases,2,8,601.4450,-409.1620,-0.6803
2016-03-01,2016,3,East,Ohio,Consumer,Furniture,Furnishings,1,5,21.8800,6.2905,0.2875
2016-03-01,2016,3,East,Ohio,Consumer,Office Supplies,Art,1,2,18.6560,1.6324,0.0875
2016-03-01,2016,3,East,Ohio,Consumer,Technology,Phones,1,4,158.3760,-36.9544,-0.2333
2016-03-01,2016,3,East,Pennsylvania,Consumer,Office Supplies,Fasteners,1,2,5.9840,-1.3464,-0.2250
2016-03-01,2016,3,East,Pennsylvania,Consumer,Technology,Accessories,2,3,71.9760,8.6979,0.1208
2016-03-01,2016,3,East,Pennsylvania,Consumer,Technology,Phones,2,7,389.3580,-86.1705,-0.2213
2016-03-01,2016,3,East,Pennsylvania,Corporate,Furniture,Chairs,1,2,386.6800,-5.5240,-0.0143
2016-03-01,2016,3,East,Pennsylvania,Corporate,Office Supplies,Binders,1,6,75.0570,-56.9576,-0.7589
2016-03-01,2016,3,East,Pennsylvania,Corporate,Office Supplies,Paper,1,5,41.2400,13.9185,0.3375
2016-03-01,2016,3,East,Pennsylvania,Corporate,Office Supplies,Storage,1,7,678.6400,-166.5080,-0.2454
2016-03-01,2016,3,East,Pennsylvania,Corporate,Technology,Accessories,1,5,379.9600,47.4950,0.1250
2016-03-01,2016,3,East,Pennsylvania,Corporate,Technology,Machines,1,3,449.1000,-643.7100,-1.4333
2016-03-01,2016,3,East,Pennsylvania,Corporate,Technology,Phones,1,3,539.9100,-116.9805,-0.2167
2016-03-01,2016,3,East,Pennsylvania,Home Office,Furniture,Furnishings,1,4,30.3360,9.4800,0.3125
2016-03-01,2016,3,East,Pennsylvania,Home Office,Office Supplies,Binders,1,1,2.0430,-1.4982,-0.7333
2016-03-01,2016,3,East,Pennsylvania,Home Office,Technology,Accessories,1,3,83.9760,-13.6461,-0.1625
2016-03-01,2016,3,East,Pennsylvania,Home Office,Technology,Phones,1,5,500.1780,-84.5003,-0.1689
2016-03-01,2016,3,South,Florida,Consumer,Furniture,Furnishings,1,3,102.3600,-3.8385,-0.0375
2016-03-01,2016,3,South,Florida,Consumer,Technology,Phones,1,5,1363.9600,85.2475,0.0625
2016-03-01,2016,3,South,Florida,Corporate,Office Supplies,Labels,1,4,10.0800,3.5280,0.3500
2016-03-01,2016,3,South,Georgia,Corporate,Furniture,Furnishings,1,5,60.1600,19.8808,0.3305
2016-03-01,2016,3,South,Georgia,Corporate,Office Supplies,Binders,1,2,32.5400,15.9446,0.4900
2016-03-01,2016,3,South,Georgia,Home Office,Furniture,Furnishings,1,4,76.9200,31.5372,0.4100
2016-03-01,2016,3,South,Georgia,Home Office,Office Supplies,Storage,1,4,481.3200,125.1432,0.2600
2016-03-01,2016,3,South,Louisiana,Corporate,Office Supplies,Paper,1,2,12.9600,6.2208,0.4800
2016-03-01,2016,3,South,Mississippi,Corporate,Furniture,Furnishings,1,7,86.4500,38.0380,0.4400
2016-03-01,2016,3,South,Mississippi,Home Office,Office Supplies,Paper,1,16,365.4400,168.1024,0.4600
2016-03-01,2016,3,South,North Carolina,Consumer,Office Supplies,Storage,1,5,67.6400,5.9185,0.0875
2016-03-01,2016,3,South,North Carolina,Consumer,Technology,Accessories,1,3,119.9760,-17.9964,-0.1500
2016-03-01,2016,3,South,Tennessee,Consumer,Furniture,Tables,1,3,189.8820,-94.9410,-0.5000
2016-03-01,2016,3,South,Tennessee,Consumer,Office Supplies,Appliances,1,3,871.8000,87.1800,0.1000
2016-03-01,2016,3,South,Tennessee,Corporate,Office Supplies,Binders,1,3,31.0860,-20.7240,-0.6667
2016-03-01,2016,3,South,Virginia,Corporate,Office Supplies,Storage,1,2,31.4000,7.8500,0.2500
2016-03-01,2016,3,South,Virginia,Home Office,Furniture,Furnishings,1,2,127.8800,40.9216,0.3200
2016-03-01,2016,3,South,Virginia,Home Office,Office Supplies,Appliances,1,2,160.3200,44.8896,0.2800
2016-03-01,2016,3,South,Virginia,Home Office,Office Supplies,Binders,1,4,46.0000,20.7000,0.4500
2016-03-01,2016,3,West,Arizona,Consumer,Office Supplies,Binders,1,3,9.7020,-7.1148,-0.7333
2016-03-01,2016,3,West,Arizona,Corporate,Office Supplies,Storage,1,1,104.6960,6.5435,0.0625
2016-03-01,2016,3,West,Arizona,Home Office,Office Supplies,Appliances,1,5,157.9200,17.7660,0.1125
2016-03-01,2016,3,West,Arizona,Home Office,Technology,Phones,1,2,203.1840,15.2388,0.0750
2016-03-01,2016,3,West,California,Consumer,Office Supplies,Paper,2,3,25.9600,11.9212,0.4592
2016-03-01,2016,3,West,California,Consumer,Office Supplies,Storage,1,4,87.9200,0.8792,0.0100
2016-03-01,2016,3,West,California,Consumer,Technology,Phones,1,2,84.7840,-20.1362,-0.2375
2016-03-01,2016,3,West,California,Corporate,Furniture,Chairs,2,7,2122.3840,161.5372,0.0761
2016-03-01,2016,3,West,California,Corporate,Furniture,Furnishings,2,5,63.5600,19.3480,0.3044
2016-03-01,2016,3,West,California,Corporate,Office Supplies,Appliances,1,5,154.9000,40.2740,0.2600
2016-03-01,2016,3,West,California,Corporate,Office Supplies,Binders,2,8,46.4480,15.7898,0.3399
2016-03-01,2016,3,West,California,Corporate,Office Supplies,Envelopes,1,4,30.5600,14.9744,0.4900
2016-03-01,2016,3,West,California,Corporate,Office Supplies,Storage,1,5,676.5500,6.7655,0.0100
2016-03-01,2016,3,West,California,Corporate,Office Supplies,Supplies,2,6,4937.9400,204.1086,0.0413
2016-03-01,2016,3,West,California,Home Office,Office Supplies,Art,1,1,16.9900,4.9271,0.2900
2016-03-01,2016,3,West,California,Home Office,Office Supplies,Binders,1,7,51.1840,19.1940,0.3750
2016-03-01,2016,3,West,California,Home Office,Office Supplies,Paper,1,5,14.9000,7.1520,0.4800
2016-03-01,2016,3,West,California,Home Office,Technology,Accessories,1,3,26.8500,5.1015,0.1900
2016-03-01,2016,3,West,California,Home Office,Technology,Machines,1,3,3357.6000,377.7300,0.1125
2016-03-01,2016,3,West,California,Home Office,Technology,Phones,1,8,4158.9120,363.9048,0.0875
2016-03-01,2016,3,West,Colorado,Consumer,Furniture,Bookcases,1,1,72.2940,-98.8018,-1.3667
2016-03-01,2016,3,West,Colorado,Corporate,Technology,Phones,1,2,159.9840,13.9986,0.0875
2016-03-01,2016,3,West,Idaho,Consumer,Office Supplies,Binders,1,3,17.0400,5.5380,0.3250
2016-03-01,2016,3,West,Idaho,Consumer,Office Supplies,Paper,1,3,17.6400,8.6436,0.4900
2016-03-01,2016,3,West,Nevada,Corporate,Technology,Accessories,1,2,58.5800,19.3314,0.3300
2016-03-01,2016,3,West,Oregon,Consumer,Office Supplies,Binders,1,3,16.8210,-12.8961,-0.7667
2016-03-01,2016,3,West,Oregon,Consumer,Office Supplies,Paper,1,6,31.1040,10.8864,0.3500
2016-03-01,2016,3,West,Oregon,Consumer,Technology,Phones,1,2,84.7840,-20.1362,-0.2375
2016-03-01,2016,3,West,Oregon,Corporate,Technology,Phones,1,4,403.1680,25.1980,0.0625
2016-03-01,2016,3,West,Washington,Consumer,Furniture,Chairs,1,7,167.8880,14.6902,0.0875
2016-03-01,2016,3,West,Washington,Corporate,Furniture,Chairs,1,2,196.7840,-22.1382,-0.1125
2016-04-01,2016,4,Central,Illinois,Consumer,Furniture,Furnishings,1,2,30.3440,-31.8612,-1.0500
2016-04-01,2016,4,Central,Illinois,Corporate,Office Supplies,Appliances,1,3,48.7920,-126.8592,-2.6000
2016-04-01,2016,4,Central,Illinois,Corporate,Office Supplies,Art,1,4,13.5680,3.2224,0.2375
2016-04-01,2016,4,Central,Illinois,Corporate,Office Supplies,Binders,1,8,44.8480,-67.2720,-1.5000
2016-04-01,2016,4,Central,Illinois,Corporate,Office Supplies,Storage,1,4,102.3360,-12.7920,-0.1250
2016-04-01,2016,4,Central,Illinois,Home Office,Office Supplies,Paper,1,2,9.6640,3.2616,0.3375
2016-04-01,2016,4,Central,Illinois,Home Office,Office Supplies,Storage,2,5,254.3280,-46.5597,-0.1831
2016-04-01,2016,4,Central,Indiana,Consumer,Furniture,Furnishings,1,4,71.1200,22.0472,0.3100
2016-04-01,2016,4,Central,Indiana,Consumer,Technology,Phones,1,4,259.9600,124.7808,0.4800
2016-04-01,2016,4,Central,Michigan,Home Office,Office Supplies,Binders,1,2,5.2800,2.4288,0.4600
2016-04-01,2016,4,Central,Michigan,Home Office,Technology,Phones,1,2,517.9000,134.6540,0.2600
2016-04-01,2016,4,Central,Missouri,Home Office,Furniture,Furnishings,1,2,86.6200,8.6620,0.1000
2016-04-01,2016,4,Central,Nebraska,Home Office,Office Supplies,Fasteners,1,5,29.0500,9.0055,0.3100
2016-04-01,2016,4,Central,Texas,Consumer,Furniture,Chairs,1,4,95.9840,-4.1136,-0.0429
2016-04-01,2016,4,Central,Texas,Consumer,Office Supplies,Binders,1,4,1088.7920,-1850.9464,-1.7000
2016-04-01,2016,4,Central,Texas,Consumer,Technology,Accessories,1,9,431.9280,64.7892,0.1500
2016-04-01,2016,4,Central,Texas,Corporate,Furniture,Chairs,1,4,344.3720,-93.4724,-0.2714
2016-04-01,2016,4,Central,Texas,Corporate,Furniture,Furnishings,1,5,127.8800,-67.1370,-0.5250
2016-04-01,2016,4,Central,Texas,Corporate,Office Supplies,Art,1,7,33.4880,5.8604,0.1750
2016-04-01,2016,4,Central,Texas,Corporate,Office Supplies,Fasteners,1,5,8.0400,2.9145,0.3625
2016-04-01,2016,4,Central,Texas,Corporate,Office Supplies,Labels,1,4,15.7120,5.6956,0.3625
2016-04-01,2016,4,Central,Texas,Corporate,Office Supplies,Storage,1,3,1554.9360,77.7468,0.0500
2016-04-01,2016,4,Central,Texas,Corporate,Technology,Phones,1,3,369.5760,41.5773,0.1125
2016-04-01,2016,4,Central,Texas,Home Office,Furniture,Furnishings,1,3,22.6080,-10.1736,-0.4500
2016-04-01,2016,4,Central,Texas,Home Office,Office Supplies,Paper,1,3,10.2720,3.2100,0.3125
2016-04-01,2016,4,Central,Texas,Home Office,Office Supplies,Storage,1,7,158.3680,13.8572,0.0875
2016-04-01,2016,4,Central,Texas,Home Office,Technology,Accessories,1,3,258.6960,64.6740,0.2500
2016-04-01,2016,4,Central,Wisconsin,Corporate,Furniture,Chairs,1,5,1454.9000,378.2740,0.2600
2016-04-01,2016,4,Central,Wisconsin,Corporate,Technology,Phones,1,1,12.9900,0.2598,0.0200
2016-04-01,2016,4,East,Connecticut,Consumer,Office Supplies,Art,1,3,15.4800,4.4892,0.2900
2016-04-01,2016,4,East,Connecticut,Consumer,Office Supplies,Paper,1,8,51.8400,24.8832,0.4800
2016-04-01,2016,4,East,Maryland,Consumer,Office Supplies,Binders,1,2,25.0600,11.7782,0.4700
2016-04-01,2016,4,East,New Jersey,Corporate,Furniture,Furnishings,1,2,9.9600,3.2868,0.3300
2016-04-01,2016,4,East,New Jersey,Corporate,Office Supplies,Binders,1,5,25.3000,11.8910,0.4700
2016-04-01,2016,4,East,New Jersey,Corporate,Office Supplies,Paper,1,2,37.9400,18.2112,0.4800
2016-04-01,2016,4,East,New Jersey,Corporate,Technology,Machines,1,7,9099.9300,2365.9818,0.2600
2016-04-01,2016,4,East,New York,Consumer,Furniture,Bookcases,1,6,388.7040,-4.8588,-0.0125
2016-04-01,2016,4,East,New York,Consumer,Furniture,Chairs,1,6,1317.4920,292.7760,0.2222
2016-04-01,2016,4,East,New York,Consumer,Office Supplies,Art,6,39,582.6900,156.9870,0.2694
2016-04-01,2016,4,East,New York,Consumer,Office Supplies,Binders,4,7,609.3680,191.1611,0.3137
2016-04-01,2016,4,East,New York,Consumer,Office Supplies,Envelopes,1,2,8.2600,3.7996,0.4600
2016-04-01,2016,4,East,New York,Consumer,Office Supplies,Paper,1,5,34.4000,15.8240,0.4600
2016-04-01,2016,4,East,New York,Consumer,Office Supplies,Storage,2,7,621.8200,23.5128,0.0378
2016-04-01,2016,4,East,New York,Consumer,Office Supplies,Supplies,2,15,126.5000,36.1360,0.2857
2016-04-01,2016,4,East,New York,Consumer,Technology,Phones,2,6,61.1000,9.9106,0.1622
2016-04-01,2016,4,East,New York,Corporate,Furniture,Chairs,1,3,658.7460,146.3880,0.2222
2016-04-01,2016,4,East,New York,Corporate,Office Supplies,Art,1,3,6.9900,2.0271,0.2900
2016-04-01,2016,4,East,New York,Corporate,Office Supplies,Binders,1,3,14.3520,4.6644,0.3250
2016-04-01,2016,4,East,New York,Corporate,Office Supplies,Labels,1,2,20.7000,9.9360,0.4800
2016-04-01,2016,4,East,New York,Corporate,Office Supplies,Supplies,2,4,17.7900,5.1318,0.2885
2016-04-01,2016,4,East,New York,Home Office,Furniture,Chairs,1,3,434.6460,62.7822,0.1444
2016-04-01,2016,4,East,New York,Home Office,Furniture,Furnishings,1,2,82.6400,7.4376,0.0900
2016-04-01,2016,4,East,New York,Home Office,Office Supplies,Storage,1,2,31.0200,8.0652,0.2600
2016-04-01,2016,4,East,New York,Home Office,Technology,Accessories,1,3,89.9700,37.7874,0.4200
2016-04-01,2016,4,East,Ohio,Consumer,Office Supplies,Paper,1,8,186.6400,67.2816,0.3605
2016-04-01,2016,4,East,Ohio,Consumer,Office Supplies,Storage,1,5,55.9200,6.2910,0.1125
2016-04-01,2016,4,East,Ohio,Corporate,Office Supplies,Binders,1,2,8.9040,-6.5296,-0.7333
2016-04-01,2016,4,East,Ohio,Home Office,Furniture,Tables,1,2,205.1760,-58.1332,-0.2833
2016-04-01,2016,4,East,Ohio,Home Office,Office Supplies,Binders,1,6,121.1040,-100.9200,-0.8333
2016-04-01,2016,4,East,Ohio,Home Office,Office Supplies,Envelopes,1,1,8.8720,3.2161,0.3625
2016-04-01,2016,4,East,Ohio,Home Office,Office Supplies,Paper,1,5,419.4000,146.7900,0.3500
2016-04-01,2016,4,East,Pennsylvania,Consumer,Office Supplies,Appliances,1,3,33.5280,2.5146,0.0750
2016-04-01,2016,4,East,Pennsylvania,Consumer,Office Supplies,Binders,2,14,125.4660,-100.4482,-0.8006
2016-04-01,2016,4,East,Pennsylvania,Consumer,Office Supplies,Storage,1,3,36.7440,3.6744,0.1000
2016-04-01,2016,4,East,Pennsylvania,Consumer,Office Supplies,Supplies,1,4,769.1840,-163.4516,-0.2125
2016-04-01,2016,4,East,Pennsylvania,Consumer,Technology,Phones,2,5,201.5820,-48.4158,-0.2402
2016-04-01,2016,4,East,Vermont,Home Office,Technology,Phones,1,5,1294.7500,336.6350,0.2600
2016-04-01,2016,4,South,Arkansas,Home Office,Furniture,Furnishings,1,4,159.9200,31.9840,0.2000
2016-04-01,2016,4,South,Arkansas,Home Office,Office Supplies,Fasteners,1,6,30.0000,14.4000,0.4800
2016-04-01,2016,4,South,Arkansas,Home Office,Office Supplies,Paper,1,4,25.9200,12.7008,0.4900
2016-04-01,2016,4,South,Georgia,Consumer,Furniture,Bookcases,1,5,354.9000,88.7250,0.2500
2016-04-01,2016,4,South,Georgia,Consumer,Office Supplies,Art,1,3,12.8400,3.7236,0.2900
2016-04-01,2016,4,South,Georgia,Consumer,Office Supplies,Envelopes,1,4,17.9200,8.6016,0.4800
2016-04-01,2016,4,South,Georgia,Home Office,Furniture,Furnishings,1,4,7.0400,3.0976,0.4400
2016-04-01,2016,4,South,North Carolina,Corporate,Office Supplies,Paper,2,8,46.5120,14.7918,0.3180
2016-04-01,2016,4,South,North Carolina,Corporate,Office Supplies,Storage,1,4,181.5360,-27.8700,-0.1535
2016-04-01,2016,4,South,North Carolina,Home Office,Furniture,Furnishings,1,8,18.6240,6.2856,0.3375
2016-04-01,2016,4,South,North Carolina,Home Office,Office Supplies,Binders,1,2,189.5880,-145.3508,-0.7667
2016-04-01,2016,4,South,North Carolina,Home Office,Office Supplies,Storage,1,2,4.7680,-0.7748,-0.1625
2016-04-01,2016,4,South,North Carolina,Home Office,Technology,Accessories,1,12,700.7040,131.3820,0.1875
2016-04-01,2016,4,South,North Carolina,Home Office,Technology,Phones,1,1,36.7920,4.1391,0.1125
2016-04-01,2016,4,South,Tennessee,Consumer,Office Supplies,Paper,1,7,123.0880,40.0036,0.3250
2016-04-01,2016,4,South,Tennessee,Consumer,Technology,Accessories,1,4,35.1680,8.3524,0.2375
2016-04-01,2016,4,South,Tennessee,Corporate,Furniture,Furnishings,1,5,79.1200,13.8460,0.1750
2016-04-01,2016,4,South,Virginia,Consumer,Furniture,Tables,1,4,343.9200,75.6624,0.2200
2016-04-01,2016,4,South,Virginia,Consumer,Office Supplies,Appliances,1,4,203.9200,55.0584,0.2700
2016-04-01,2016,4,South,Virginia,Consumer,Office Supplies,Envelopes,1,5,63.9000,28.7550,0.4500
2016-04-01,2016,4,South,Virginia,Consumer,Office Supplies,Paper,1,1,40.9900,20.0851,0.4900
2016-04-01,2016,4,South,Virginia,Consumer,Office Supplies,Storage,1,5,81.2000,12.1800,0.1500
2016-04-01,2016,4,South,Virginia,Consumer,Technology,Phones,1,4,29.5600,7.9812,0.2700
2016-04-01,2016,4,South,Virginia,Home Office,Office Supplies,Paper,1,3,27.8100,13.0707,0.4700
2016-04-01,2016,4,South,Virginia,Home Office,Technology,Phones,1,3,149.9700,5.9988,0.0400
2016-04-01,2016,4,West,Arizona,Consumer,Furniture,Chairs,1,4,933.5360,105.0228,0.1125
2016-04-01,2016,4,West,Arizona,Consumer,Office Supplies,Storage,1,4,42.9760,4.2976,0.1000
2016-04-01,2016,4,West,Arizona,Corporate,Furniture,Furnishings,1,7,111.8880,22.3776,0.2000
2016-04-01,2016,4,West,Arizona,Corporate,Office Supplies,Appliances,1,2,30.1440,3.0144,0.1000
2016-04-01,2016,4,West,Arizona,Corporate,Office Supplies,Fasteners,1,5,31.5600,9.8625,0.3125
2016-04-01,2016,4,West,Arizona,Home Office,Furniture,Furnishings,1,5,23.5600,7.0680,0.3000
2016-04-01,2016,4,West,Arizona,Home Office,Furniture,Tables,1,6,1272.6300,-814.4832,-0.6400
2016-04-01,2016,4,West,Arizona,Home Office,Office Supplies,Appliances,1,2,78.2720,5.8704,0.0750
2016-04-01,2016,4,West,Arizona,Home Office,Office Supplies,Binders,1,5,28.4850,-20.8890,-0.7333
2016-04-01,2016,4,West,Arizona,Home Office,Office Supplies,Supplies,1,2,185.3760,-34.7580,-0.1875
2016-04-01,2016,4,West,California,Consumer,Furniture,Bookcases,2,8,814.1640,30.7842,0.0378
2016-04-01,2016,4,West,California,Consumer,Furniture,Chairs,4,17,2338.0080,-29.9754,-0.0128
2016-04-01,2016,4,West,California,Consumer,Furniture,Furnishings,2,8,56.2600,20.7888,0.3695
2016-04-01,2016,4,West,California,Consumer,Office Supplies,Appliances,1,3,113.7600,44.3664,0.3900
2016-04-01,2016,4,West,California,Consumer,Office Supplies,Art,1,8,78.6600,22.7568,0.2893
2016-04-01,2016,4,West,California,Consumer,Office Supplies,Binders,6,20,135.1120,47.1571,0.3490
2016-04-01,2016,4,West,California,Consumer,Office Supplies,Envelopes,2,6,78.0900,38.8614,0.4976
2016-04-01,2016,4,West,California,Consumer,Office Supplies,Paper,3,12,75.1600,35.3952,0.4709
2016-04-01,2016,4,West,California,Consumer,Office Supplies,Storage,2,14,795.1300,89.7562,0.1129
2016-04-01,2016,4,West,California,Consumer,Technology,Phones,1,5,39.9600,12.9870,0.3250
2016-04-01,2016,4,West,California,Corporate,Furniture,Chairs,1,2,41.5680,2.5980,0.0625
2016-04-01,2016,4,West,California,Corporate,Office Supplies,Binders,2,11,274.7200,89.8640,0.3271
2016-04-01,2016,4,West,California,Corporate,Office Supplies,Paper,1,2,12.9600,6.2208,0.4800
2016-04-01,2016,4,West,California,Corporate,Technology,Accessories,1,1,99.9900,34.9965,0.3500
2016-04-01,2016,4,West,California,Corporate,Technology,Copiers,1,3,1199.9760,374.9925,0.3125
2016-04-01,2016,4,West,California,Home Office,Office Supplies,Paper,1,3,143.7000,68.9760,0.4800
2016-04-01,2016,4,West,Colorado,Home Office,Furniture,Chairs,1,6,1325.7600,149.1480,0.1125
2016-04-01,2016,4,West,Colorado,Home Office,Office Supplies,Binders,1,2,3.1080,-2.1756,-0.7000
2016-04-01,2016,4,West,Colorado,Home Office,Office Supplies,Paper,2,6,45.0240,15.3900,0.3418
2016-04-01,2016,4,West,Washington,Consumer,Office Supplies,Binders,1,5,8.3200,2.8080,0.3375
2016-04-01,2016,4,West,Washington,Consumer,Office Supplies,Supplies,1,3,28.8000,0.8640,0.0300
2016-04-01,2016,4,West,Washington,Corporate,Office Supplies,Binders,1,9,35.3520,12.8151,0.3625
2016-05-01,2016,5,Central,Illinois,Consumer,Furniture,Chairs,1,3,191.0790,-38.2158,-0.2000
2016-05-01,2016,5,Central,Illinois,Consumer,Furniture,Furnishings,3,11,85.4320,-58.0326,-0.6793
2016-05-01,2016,5,Central,Illinois,Consumer,Office Supplies,Appliances,1,3,26.4060,-71.2962,-2.7000
2016-05-01,2016,5,Central,Illinois,Consumer,Office Supplies,Art,1,7,27.3840,2.7384,0.1000
2016-05-01,2016,5,Central,Illinois,Consumer,Office Supplies,Binders,3,4,8.2800,-13.6620,-1.6500
2016-05-01,2016,5,Central,Illinois,Consumer,Office Supplies,Envelopes,1,2,7.0720,2.3868,0.3375
2016-05-01,2016,5,Central,Illinois,Consumer,Office Supplies,Fasteners,1,3,7.8960,2.4675,0.3125
2016-05-01,2016,5,Central,Illinois,Consumer,Office Supplies,Paper,2,14,59.3920,19.8736,0.3346
2016-05-01,2016,5,Central,Illinois,Consumer,Office Supplies,Storage,1,9,1297.3680,97.3026,0.0750
2016-05-01,2016,5,Central,Illinois,Consumer,Technology,Accessories,1,2,26.1760,-3.2720,-0.1250
2016-05-01,2016,5,Central,Illinois,Consumer,Technology,Phones,1,9,1979.9280,148.4946,0.0750
2016-05-01,2016,5,Central,Illinois,Corporate,Office Supplies,Binders,1,3,3.7980,-5.8869,-1.5500
2016-05-01,2016,5,Central,Illinois,Home Office,Technology,Phones,1,1,286.4000,25.0600,0.0875
2016-05-01,2016,5,Central,Indiana,Corporate,Office Supplies,Art,1,5,21.4000,6.2060,0.2900
2016-05-01,2016,5,Central,Michigan,Corporate,Furniture,Chairs,1,5,3504.9000,700.9800,0.2000
2016-05-01,2016,5,Central,Michigan,Corporate,Office Supplies,Paper,1,6,458.6700,220.1616,0.4800
2016-05-01,2016,5,Central,Missouri,Home Office,Office Supplies,Appliances,1,1,54.4800,15.2544,0.2800
2016-05-01,2016,5,Central,Texas,Consumer,Furniture,Chairs,2,9,755.1740,-198.8072,-0.2633
2016-05-01,2016,5,Central,Texas,Consumer,Office Supplies,Art,1,3,86.3520,5.3970,0.0625
2016-05-01,2016,5,Central,Texas,Consumer,Office Supplies,Labels,1,2,5.0400,1.7640,0.3500
2016-05-01,2016,5,Central,Texas,Consumer,Office Supplies,Paper,1,5,24.7200,8.8314,0.3573
2016-05-01,2016,5,Central,Texas,Consumer,Office Supplies,Storage,1,6,31.6080,-6.9552,-0.2200
2016-05-01,2016,5,Central,Texas,Consumer,Technology,Accessories,2,6,287.9520,3.9989,0.0139
2016-05-01,2016,5,Central,Texas,Consumer,Technology,Phones,2,7,99.0960,9.9096,0.1000
2016-05-01,2016,5,Central,Texas,Corporate,Office Supplies,Appliances,1,4,48.7840,-131.7168,-2.7000
2016-05-01,2016,5,Central,Texas,Corporate,Office Supplies,Binders,2,12,33.6760,-51.4678,-1.5283
2016-05-01,2016,5,Central,Texas,Corporate,Office Supplies,Paper,2,11,159.2960,57.8200,0.3630
2016-05-01,2016,5,Central,Texas,Corporate,Office Supplies,Storage,1,6,856.6560,107.0820,0.1250
2016-05-01,2016,5,Central,Wisconsin,Consumer,Furniture,Furnishings,1,3,26.9400,11.3148,0.4200
2016-05-01,2016,5,Central,Wisconsin,Home Office,Furniture,Furnishings,1,5,47.4000,21.3300,0.4500
2016-05-01,2016,5,Central,Wisconsin,Home Office,Office Supplies,Appliances,1,3,364.7400,109.4220,0.3000
2016-05-01,2016,5,Central,Wisconsin,Home Office,Office Supplies,Art,1,7,20.2600,5.4146,0.2673
2016-05-01,2016,5,Central,Wisconsin,Home Office,Office Supplies,Paper,1,13,674.4600,323.7408,0.4800
2016-05-01,2016,5,Central,Wisconsin,Home Office,Office Supplies,Storage,1,4,49.7600,13.9328,0.2800
2016-05-01,2016,5,Central,Wisconsin,Home Office,Technology,Phones,1,1,125.9900,35.2772,0.2800
2016-05-01,2016,5,East,Connecticut,Consumer,Furniture,Furnishings,1,4,173.2400,17.3240,0.1000
2016-05-01,2016,5,East,Connecticut,Consumer,Office Supplies,Labels,1,2,14.6200,6.8714,0.4700
2016-05-01,2016,5,East,Connecticut,Consumer,Office Supplies,Storage,1,4,552.5600,0.0000,0.0000
2016-05-01,2016,5,East,Connecticut,Consumer,Office Supplies,Supplies,1,7,65.1700,18.8993,0.2900
2016-05-01,2016,5,East,Delaware,Corporate,Furniture,Furnishings,1,2,211.9600,42.3920,0.2000
2016-05-01,2016,5,East,District of Columbia,Consumer,Furniture,Furnishings,1,3,41.3700,17.3754,0.4200
2016-05-01,2016,5,East,District of Columbia,Consumer,Office Supplies,Binders,1,2,9.6400,4.4344,0.4600
2016-05-01,2016,5,East,District of Columbia,Consumer,Office Supplies,Paper,1,5,32.1400,15.1732,0.4721
2016-05-01,2016,5,East,New Jersey,Consumer,Furniture,Tables,1,2,174.2860,-19.9184,-0.1143
2016-05-01,2016,5,East,New Jersey,Consumer,Office Supplies,Appliances,1,4,662.8400,172.3384,0.2600
2016-05-01,2016,5,East,New Jersey,Consumer,Office Supplies,Envelopes,1,6,26.8800,12.9024,0.4800
2016-05-01,2016,5,East,New Jersey,Consumer,Technology,Accessories,1,5,95.1000,30.4320,0.3200
2016-05-01,2016,5,East,New Jersey,Consumer,Technology,Phones,1,7,602.9800,161.0642,0.2671
2016-05-01,2016,5,East,New York,Consumer,Furniture,Chairs,1,4,442.7640,59.0352,0.1333
2016-05-01,2016,5,East,New York,Consumer,Furniture,Furnishings,2,20,139.3600,55.4312,0.3978
2016-05-01,2016,5,East,New York,Consumer,Office Supplies,Appliances,1,5,242.9000,70.4410,0.2900
2016-05-01,2016,5,East,New York,Consumer,Office Supplies,Binders,5,20,199.4800,68.5698,0.3437
2016-05-01,2016,5,East,New York,Consumer,Office Supplies,Labels,1,3,44.4000,22.2000,0.5000
2016-05-01,2016,5,East,New York,Consumer,Office Supplies,Storage,2,8,499.8400,12.5832,0.0252
2016-05-01,2016,5,East,New York,Consumer,Technology,Accessories,1,5,199.9500,21.9945,0.1100
2016-05-01,2016,5,East,New York,Consumer,Technology,Machines,1,5,3999.9500,1159.9855,0.2900
2016-05-01,2016,5,East,New York,Consumer,Technology,Phones,1,6,179.7000,88.0530,0.4900
2016-05-01,2016,5,East,New York,Corporate,Furniture,Furnishings,2,10,237.2800,92.1610,0.3884
2016-05-01,2016,5,East,New York,Corporate,Office Supplies,Binders,1,3,90.4800,33.9300,0.3750
2016-05-01,2016,5,East,New York,Corporate,Office Supplies,Paper,1,2,13.0800,6.0168,0.4600
2016-05-01,2016,5,East,New York,Corporate,Office Supplies,Supplies,1,5,54.9000,15.3720,0.2800
2016-05-01,2016,5,East,New York,Corporate,Technology,Phones,1,4,631.9600,303.3408,0.4800
2016-05-01,2016,5,East,New York,Home Office,Office Supplies,Art,1,5,8.0000,3.4400,0.4300
2016-05-01,2016,5,East,Ohio,Consumer,Furniture,Furnishings,2,3,131.3520,40.1626,0.3058
2016-05-01,2016,5,East,Ohio,Consumer,Office Supplies,Appliances,1,5,123.9200,9.2940,0.0750
2016-05-01,2016,5,East,Ohio,Consumer,Office Supplies,Labels,1,2,6.0000,2.1000,0.3500
2016-05-01,2016,5,East,Ohio,Consumer,Office Supplies,Paper,2,8,36.2880,12.8912,0.3552
2016-05-01,2016,5,East,Ohio,Consumer,Office Supplies,Storage,2,10,1226.8160,45.5809,0.0372
2016-05-01,2016,5,East,Ohio,Consumer,Technology,Accessories,2,10,622.6080,-33.5453,-0.0539
2016-05-01,2016,5,East,Ohio,Consumer,Technology,Machines,1,3,224.9370,-164.9538,-0.7333
2016-05-01,2016,5,East,Ohio,Corporate,Technology,Copiers,1,2,839.9880,69.9990,0.0833
2016-05-01,2016,5,East,Ohio,Home Office,Furniture,Furnishings,1,7,54.7120,11.6263,0.2125
2016-05-01,2016,5,East,Ohio,Home Office,Office Supplies,Fasteners,1,2,7.2160,1.7138,0.2375
2016-05-01,2016,5,East,Ohio,Home Office,Office Supplies,Paper,1,2,49.5680,15.4900,0.3125
2016-05-01,2016,5,East,Pennsylvania,Consumer,Office Supplies,Art,1,5,79.3600,9.9200,0.1250
2016-05-01,2016,5,East,Pennsylvania,Consumer,Office Supplies,Binders,1,1,6.2940,-4.1960,-0.6667
2016-05-01,2016,5,East,Pennsylvania,Consumer,Office Supplies,Envelopes,1,1,9.3440,3.5040,0.3750
2016-05-01,2016,5,East,Pennsylvania,Consumer,Office Supplies,Paper,1,2,10.3680,3.6288,0.3500
2016-05-01,2016,5,East,Pennsylvania,Consumer,Technology,Copiers,1,4,8399.9760,1119.9968,0.1333
2016-05-01,2016,5,East,Pennsylvania,Consumer,Technology,Phones,1,3,122.3820,-24.4764,-0.2000
2016-05-01,2016,5,East,Pennsylvania,Corporate,Office Supplies,Appliances,1,2,34.8480,6.5340,0.1875
2016-05-01,2016,5,East,Pennsylvania,Corporate,Office Supplies,Art,1,1,1.5040,0.1692,0.1125
2016-05-01,2016,5,East,Pennsylvania,Corporate,Office Supplies,Storage,1,2,82.3680,-19.5624,-0.2375
2016-05-01,2016,5,East,Pennsylvania,Home Office,Office Supplies,Art,1,3,16.6560,3.3312,0.2000
2016-05-01,2016,5,East,Pennsylvania,Home Office,Technology,Phones,1,2,743.9880,-123.9980,-0.1667
2016-05-01,2016,5,East,Rhode Island,Corporate,Office Supplies,Paper,1,2,111.9600,54.8604,0.4900
2016-05-01,2016,5,South,Alabama,Consumer,Office Supplies,Binders,1,5,22.7500,11.3750,0.5000
2016-05-01,2016,5,South,Alabama,Consumer,Technology,Phones,1,5,979.9500,274.3860,0.2800
2016-05-01,2016,5,South,Alabama,Home Office,Office Supplies,Paper,1,1,4.9800,2.4402,0.4900
2016-05-01,2016,5,South,Arkansas,Consumer,Office Supplies,Art,1,2,11.1600,4.3524,0.3900
2016-05-01,2016,5,South,Arkansas,Consumer,Office Supplies,Paper,1,5,129.3600,63.1920,0.4885
2016-05-01,2016,5,South,Florida,Consumer,Office Supplies,Binders,2,6,10.4580,-7.4210,-0.7096
2016-05-01,2016,5,South,Florida,Corporate,Furniture,Chairs,1,8,390.2720,-24.3920,-0.0625
2016-05-01,2016,5,South,Florida,Corporate,Furniture,Furnishings,1,3,30.1920,8.3028,0.2750
2016-05-01,2016,5,South,Florida,Corporate,Office Supplies,Art,1,2,4.7680,0.4172,0.0875
2016-05-01,2016,5,South,Florida,Corporate,Office Supplies,Binders,2,21,111.3240,-85.3582,-0.7668
2016-05-01,2016,5,South,Florida,Corporate,Office Supplies,Paper,2,19,93.2960,30.3214,0.3250
2016-05-01,2016,5,South,Florida,Corporate,Office Supplies,Storage,1,6,184.7040,13.8528,0.0750
2016-05-01,2016,5,South,Florida,Corporate,Technology,Accessories,1,2,47.9200,11.9800,0.2500
2016-05-01,2016,5,South,Florida,Corporate,Technology,Phones,1,5,43.6000,4.3600,0.1000
2016-05-01,2016,5,South,Florida,Home Office,Office Supplies,Paper,1,4,93.2480,31.4712,0.3375
2016-05-01,2016,5,South,Florida,Home Office,Technology,Phones,1,3,177.4800,19.9665,0.1125
2016-05-01,2016,5,South,Georgia,Consumer,Office Supplies,Labels,1,3,14.7300,7.2177,0.4900
2016-05-01,2016,5,South,Georgia,Home Office,Furniture,Furnishings,1,4,24.9600,6.2400,0.2500
2016-05-01,2016,5,South,Georgia,Home Office,Office Supplies,Paper,1,2,19.3600,9.2928,0.4800
2016-05-01,2016,5,South,Georgia,Home Office,Office Supplies,Storage,1,9,1267.6500,152.1180,0.1200
2016-05-01,2016,5,South,Kentucky,Consumer,Office Supplies,Paper,1,3,79.1400,36.4044,0.4600
2016-05-01,2016,5,South,Mississippi,Consumer,Office Supplies,Art,1,6,185.8800,50.1876,0.2700
2016-05-01,2016,5,South,Mississippi,Home Office,Office Supplies,Art,1,7,100.3000,27.9172,0.2783
2016-05-01,2016,5,South,Mississippi,Home Office,Office Supplies,Binders,1,8,511.8400,240.5648,0.4700
2016-05-01,2016,5,South,North Carolina,Consumer,Furniture,Chairs,1,9,187.0560,11.6910,0.0625
2016-05-01,2016,5,South,North Carolina,Consumer,Office Supplies,Binders,1,2,3.2820,-2.6256,-0.8000
2016-05-01,2016,5,South,North Carolina,Consumer,Technology,Phones,1,5,1363.9600,85.2475,0.0625
2016-05-01,2016,5,South,Tennessee,Consumer,Furniture,Furnishings,2,8,61.4800,17.8910,0.2910
2016-05-01,2016,5,South,Tennessee,Consumer,Furniture,Tables,1,3,370.6200,-142.0710,-0.3833
2016-05-01,2016,5,South,Tennessee,Consumer,Office Supplies,Art,1,2,4.4480,0.3336,0.0750
2016-05-01,2016,5,South,Tennessee,Consumer,Office Supplies,Binders,2,5,14.0190,-10.6565,-0.7601
2016-05-01,2016,5,South,Tennessee,Consumer,Office Supplies,Labels,1,1,3.9840,1.2948,0.3250
2016-05-01,2016,5,South,Tennessee,Corporate,Office Supplies,Paper,1,3,14.3520,5.2026,0.3625
2016-05-01,2016,5,South,Virginia,Consumer,Furniture,Chairs,1,2,641.9600,179.7488,0.2800
2016-05-01,2016,5,South,Virginia,Consumer,Office Supplies,Art,1,7,27.8600,9.1938,0.3300
2016-05-01,2016,5,South,Virginia,Corporate,Furniture,Tables,1,10,2275.5000,386.8350,0.1700
2016-05-01,2016,5,South,Virginia,Corporate,Office Supplies,Art,1,4,10.9600,2.9592,0.2700
2016-05-01,2016,5,South,Virginia,Corporate,Office Supplies,Envelopes,1,9,26.5500,12.7440,0.4800
2016-05-01,2016,5,South,Virginia,Corporate,Office Supplies,Labels,1,6,62.1000,29.8080,0.4800
2016-05-01,2016,5,South,Virginia,Corporate,Technology,Accessories,2,8,2091.6800,680.1762,0.3252
2016-05-01,2016,5,South,Virginia,Home Office,Office Supplies,Paper,1,4,191.6000,91.9680,0.4800
2016-05-01,2016,5,South,Virginia,Home Office,Office Supplies,Supplies,1,5,69.5000,20.1550,0.2900
2016-05-01,2016,5,West,Arizona,Corporate,Technology,Accessories,1,7,185.5280,48.7011,0.2625
2016-05-01,2016,5,West,California,Consumer,Furniture,Chairs,1,6,484.7040,-84.8232,-0.1750
2016-05-01,2016,5,West,California,Consumer,Furniture,Furnishings,3,11,361.4900,50.2448,0.1390
2016-05-01,2016,5,West,California,Consumer,Furniture,Tables,2,5,369.8640,5.6922,0.0154
2016-05-01,2016,5,West,California,Consumer,Office Supplies,Appliances,2,3,270.9100,81.0129,0.2990
2016-05-01,2016,5,West,California,Consumer,Office Supplies,Binders,2,9,29.4400,9.7360,0.3307
2016-05-01,2016,5,West,California,Consumer,Office Supplies,Fasteners,1,3,5.9400,0.0000,0.0000
2016-05-01,2016,5,West,California,Consumer,Office Supplies,Labels,1,9,27.7200,13.3056,0.4800
2016-05-01,2016,5,West,California,Consumer,Office Supplies,Paper,7,27,300.6600,140.0300,0.4657
2016-05-01,2016,5,West,California,Consumer,Office Supplies,Storage,1,3,104.2800,26.0700,0.2500
2016-05-01,2016,5,West,California,Consumer,Technology,Accessories,3,15,317.8600,81.8626,0.2575
2016-05-01,2016,5,West,California,Consumer,Technology,Machines,2,5,930.3760,158.1225,0.1700
2016-05-01,2016,5,West,California,Consumer,Technology,Phones,2,7,266.3440,11.3418,0.0426
2016-05-01,2016,5,West,California,Corporate,Furniture,Furnishings,1,8,167.8400,11.7488,0.0700
2016-05-01,2016,5,West,California,Corporate,Office Supplies,Appliances,1,8,87.8400,23.7168,0.2700
2016-05-01,2016,5,West,California,Corporate,Office Supplies,Binders,1,1,9.5840,3.3544,0.3500
2016-05-01,2016,5,West,California,Corporate,Office Supplies,Paper,1,4,32.0400,14.4180,0.4500
2016-05-01,2016,5,West,California,Corporate,Technology,Phones,1,2,222.3840,22.2384,0.1000
2016-05-01,2016,5,West,California,Home Office,Furniture,Furnishings,1,5,1049.2000,272.7920,0.2600
2016-05-01,2016,5,West,California,Home Office,Office Supplies,Binders,1,4,15.4240,5.0128,0.3250
2016-05-01,2016,5,West,California,Home Office,Office Supplies,Paper,1,6,38.8800,18.6624,0.4800
2016-05-01,2016,5,West,California,Home Office,Office Supplies,Storage,1,1,5.9800,1.0166,0.1700
2016-05-01,2016,5,West,California,Home Office,Technology,Phones,1,3,246.1680,21.5397,0.0875
2016-05-01,2016,5,West,Colorado,Corporate,Furniture,Chairs,1,2,801.5680,50.0980,0.0625
2016-05-01,2016,5,West,Colorado,Corporate,Office Supplies,Binders,1,7,39.9480,-28.9424,-0.7245
2016-05-01,2016,5,West,Colorado,Corporate,Office Supplies,Paper,1,1,32.7920,11.8871,0.3625
2016-05-01,2016,5,West,Colorado,Home Office,Office Supplies,Binders,1,7,40.6350,-32.5080,-0.8000
2016-05-01,2016,5,West,Nevada,Corporate,Furniture,Tables,1,6,1685.8800,320.3172,0.1900
2016-05-01,2016,5,West,Nevada,Corporate,Office Supplies,Binders,1,2,5.7280,2.0048,0.3500
2016-05-01,2016,5,West,Nevada,Corporate,Technology,Machines,1,10,2396.4000,179.7300,0.0750
2016-05-01,2016,5,West,Washington,Consumer,Office Supplies,Envelopes,1,5,54.9000,26.9010,0.4900
2016-05-01,2016,5,West,Washington,Consumer,Office Supplies,Paper,1,2,11.9600,5.8604,0.4900
2016-05-01,2016,5,West,Washington,Consumer,Technology,Accessories,1,2,93.9800,13.1572,0.1400
2016-06-01,2016,6,Central,Illinois,Consumer,Furniture,Furnishings,1,11,435.4120,-364.2340,-0.8365
2016-06-01,2016,6,Central,Illinois,Consumer,Furniture,Tables,1,5,177.2250,-120.5130,-0.6800
2016-06-01,2016,6,Central,Illinois,Consumer,Office Supplies,Art,1,2,7.4080,1.2038,0.1625
2016-06-01,2016,6,Central,Illinois,Consumer,Office Supplies,Paper,3,12,125.9040,44.6794,0.3549
2016-06-01,2016,6,Central,Illinois,Consumer,Technology,Phones,3,9,720.1840,75.9116,0.1054
2016-06-01,2016,6,Central,Illinois,Corporate,Furniture,Chairs,1,3,539.6580,-7.7094,-0.0143
2016-06-01,2016,6,Central,Illinois,Corporate,Office Supplies,Art,1,3,5.3040,0.4641,0.0875
2016-06-01,2016,6,Central,Illinois,Corporate,Office Supplies,Binders,1,1,0.8360,-1.3376,-1.6000
2016-06-01,2016,6,Central,Illinois,Corporate,Office Supplies,Paper,1,7,37.4640,12.1758,0.3250
2016-06-01,2016,6,Central,Illinois,Home Office,Office Supplies,Paper,1,7,313.4880,113.6394,0.3625
2016-06-01,2016,6,Central,Illinois,Home Office,Technology,Accessories,1,7,50.1200,-0.6265,-0.0125
2016-06-01,2016,6,Central,Illinois,Home Office,Technology,Machines,1,3,1007.9790,43.1991,0.0429
2016-06-01,2016,6,Central,Indiana,Consumer,Technology,Phones,1,9,440.9100,123.4548,0.2800
2016-06-01,2016,6,Central,Kansas,Consumer,Office Supplies,Labels,1,3,18.9000,8.6940,0.4600
2016-06-01,2016,6,Central,Michigan,Home Office,Office Supplies,Binders,1,1,8.0200,3.7694,0.4700
2016-06-01,2016,6,Central,Michigan,Home Office,Office Supplies,Paper,1,9,368.9100,180.7659,0.4900
2016-06-01,2016,6,Central,Michigan,Home Office,Office Supplies,Storage,1,4,171.0400,44.4704,0.2600
2016-06-01,2016,6,Central,Michigan,Home Office,Technology,Phones,1,3,377.9700,94.4925,0.2500
2016-06-01,2016,6,Central,Minnesota,Home Office,Furniture,Tables,1,3,692.9400,173.2350,0.2500
2016-06-01,2016,6,Central,Oklahoma,Corporate,Furniture,Furnishings,1,3,57.6900,23.6529,0.4100
2016-06-01,2016,6,Central,Oklahoma,Corporate,Technology,Accessories,1,1,6.9000,0.5520,0.0800
2016-06-01,2016,6,Central,Texas,Consumer,Furniture,Chairs,1,2,85.2460,-6.0890,-0.0714
2016-06-01,2016,6,Central,Texas,Consumer,Furniture,Furnishings,1,2,32.7120,-26.1696,-0.8000
2016-06-01,2016,6,Central,Texas,Consumer,Office Supplies,Paper,1,7,173.4880,54.2150,0.3125
2016-06-01,2016,6,Central,Texas,Corporate,Furniture,Furnishings,1,7,12.5440,-9.0944,-0.7250
2016-06-01,2016,6,Central,Texas,Corporate,Office Supplies,Appliances,1,2,8.7120,-19.6020,-2.2500
2016-06-01,2016,6,Central,Texas,Corporate,Office Supplies,Binders,1,8,9.6160,-15.7992,-1.6430
2016-06-01,2016,6,Central,Texas,Corporate,Office Supplies,Paper,1,2,10.3680,3.6288,0.3500
2016-06-01,2016,6,Central,Texas,Corporate,Technology,Accessories,1,4,95.9680,26.3912,0.2750
2016-06-01,2016,6,Central,Texas,Home Office,Furniture,Chairs,1,2,379.3720,-119.2312,-0.3143
2016-06-01,2016,6,Central,Texas,Home Office,Furniture,Furnishings,1,2,6.9840,-4.5396,-0.6500
2016-06-01,2016,6,Central,Texas,Home Office,Office Supplies,Appliances,1,4,64.3840,-160.9600,-2.5000
2016-06-01,2016,6,Central,Texas,Home Office,Office Supplies,Art,1,8,11.2640,3.9424,0.3500
2016-06-01,2016,6,Central,Texas,Home Office,Office Supplies,Binders,1,2,1.5240,-2.6670,-1.7500
2016-06-01,2016,6,Central,Texas,Home Office,Office Supplies,Paper,1,3,15.5520,5.6376,0.3625
2016-06-01,2016,6,Central,Texas,Home Office,Office Supplies,Storage,1,9,67.5360,6.7536,0.1000
2016-06-01,2016,6,Central,Texas,Home Office,Technology,Accessories,1,2,13.6160,3.5742,0.2625
2016-06-01,2016,6,East,Connecticut,Corporate,Office Supplies,Art,1,3,9.8400,2.8536,0.2900
2016-06-01,2016,6,East,Connecticut,Corporate,Office Supplies,Binders,1,2,7.9600,3.7412,0.4700
2016-06-01,2016,6,East,Connecticut,Corporate,Technology,Phones,1,3,566.9700,153.0819,0.2700
2016-06-01,2016,6,East,Delaware,Consumer,Furniture,Furnishings,1,3,47.0400,18.3456,0.3900
2016-06-01,2016,6,East,Delaware,Consumer,Office Supplies,Art,1,2,11.1600,2.7900,0.2500
2016-06-01,2016,6,East,Delaware,Consumer,Office Supplies,Binders,1,4,30.8400,13.8780,0.4500
2016-06-01,2016,6,East,Delaware,Consumer,Office Supplies,Envelopes,1,9,115.0200,51.7590,0.4500
2016-06-01,2016,6,East,Delaware,Consumer,Office Supplies,Labels,2,6,24.3900,11.4084,0.4677
2016-06-01,2016,6,East,Delaware,Consumer,Office Supplies,Storage,2,8,586.9400,157.1356,0.2677
2016-06-01,2016,6,East,Delaware,Consumer,Technology,Accessories,1,3,45.0000,4.9500,0.1100
2016-06-01,2016,6,East,Delaware,Consumer,Technology,Phones,2,9,89.8400,25.8356,0.2876
2016-06-01,2016,6,East,Massachusetts,Consumer,Office Supplies,Storage,1,5,714.3000,207.1470,0.2900
2016-06-01,2016,6,East,Massachusetts,Corporate,Office Supplies,Paper,1,4,105.5200,48.5392,0.4600
2016-06-01,2016,6,East,New Jersey,Consumer,Furniture,Chairs,1,2,121.9600,20.7332,0.1700
2016-06-01,2016,6,East,New Jersey,Consumer,Office Supplies,Appliances,1,6,283.9800,123.3780,0.4345
2016-06-01,2016,6,East,New Jersey,Consumer,Office Supplies,Binders,1,2,7.9600,3.7412,0.4700
2016-06-01,2016,6,East,New Jersey,Consumer,Office Supplies,Paper,1,2,61.9600,27.8820,0.4500
2016-06-01,2016,6,East,New York,Consumer,Furniture,Bookcases,2,3,490.3520,-39.0666,-0.0797
2016-06-01,2016,6,East,New York,Consumer,Furniture,Chairs,1,5,319.4100,7.0980,0.0222
2016-06-01,2016,6,East,New York,Consumer,Furniture,Furnishings,1,4,61.1200,20.7808,0.3400
2016-06-01,2016,6,East,New York,Consumer,Office Supplies,Appliances,1,3,52.5600,18.3960,0.3500
2016-06-01,2016,6,East,New York,Consumer,Office Supplies,Art,1,1,1.6800,0.8400,0.5000
2016-06-01,2016,6,East,New York,Consumer,Office Supplies,Binders,3,17,304.7520,101.4036,0.3327
2016-06-01,2016,6,East,New York,Consumer,Office Supplies,Fasteners,1,2,3.9600,1.4652,0.3700
2016-06-01,2016,6,East,New York,Consumer,Office Supplies,Labels,2,16,166.4000,76.9868,0.4627
2016-06-01,2016,6,East,New York,Consumer,Office Supplies,Paper,4,16,301.5700,140.3487,0.4654
2016-06-01,2016,6,East,New York,Consumer,Office Supplies,Storage,3,14,574.2000,91.5354,0.1594
2016-06-01,2016,6,East,New York,Consumer,Office Supplies,Supplies,1,7,835.1700,16.7034,0.0200
2016-06-01,2016,6,East,New York,Consumer,Technology,Accessories,2,5,269.9700,75.2910,0.2789
2016-06-01,2016,6,East,New York,Consumer,Technology,Machines,1,3,1349.8500,364.4595,0.2700
2016-06-01,2016,6,East,New York,Corporate,Furniture,Furnishings,1,3,37.7400,12.8316,0.3400
2016-06-01,2016,6,East,New York,Corporate,Furniture,Tables,1,3,376.8660,-213.5574,-0.5667
2016-06-01,2016,6,East,New York,Corporate,Office Supplies,Art,1,5,14.7000,6.6150,0.4500
2016-06-01,2016,6,East,New York,Corporate,Office Supplies,Storage,1,5,704.2500,84.5100,0.1200
2016-06-01,2016,6,East,New York,Corporate,Technology,Accessories,1,7,160.9300,18.8143,0.1169
2016-06-01,2016,6,East,New York,Home Office,Office Supplies,Paper,1,5,32.4000,15.5520,0.4800
2016-06-01,2016,6,East,Ohio,Consumer,Furniture,Furnishings,1,5,548.9600,34.9740,0.0637
2016-06-01,2016,6,East,Pennsylvania,Consumer,Office Supplies,Labels,1,8,23.6160,7.9704,0.3375
2016-06-01,2016,6,East,Pennsylvania,Corporate,Furniture,Chairs,1,3,422.0580,-18.0882,-0.0429
2016-06-01,2016,6,East,Pennsylvania,Corporate,Furniture,Tables,1,2,337.1760,-118.0116,-0.3500
2016-06-01,2016,6,East,Pennsylvania,Corporate,Office Supplies,Appliances,1,3,453.6000,90.7200,0.2000
2016-06-01,2016,6,East,Pennsylvania,Corporate,Office Supplies,Binders,2,6,42.7140,-31.7862,-0.7442
2016-06-01,2016,6,East,Pennsylvania,Corporate,Office Supplies,Paper,1,2,6.8480,2.1400,0.3125
2016-06-01,2016,6,East,Pennsylvania,Corporate,Office Supplies,Storage,2,7,319.1360,-63.8272,-0.2000
2016-06-01,2016,6,East,Pennsylvania,Home Office,Office Supplies,Appliances,1,2,447.6960,33.5772,0.0750
2016-06-01,2016,6,East,Pennsylvania,Home Office,Office Supplies,Binders,1,6,29.7180,-21.7932,-0.7333
2016-06-01,2016,6,East,Pennsylvania,Home Office,Office Supplies,Fasteners,1,6,9.6480,3.4974,0.3625
2016-06-01,2016,6,East,Pennsylvania,Home Office,Office Supplies,Labels,1,3,7.5600,2.6460,0.3500
2016-06-01,2016,6,East,Pennsylvania,Home Office,Office Supplies,Paper,1,11,60.6080,20.6496,0.3407
2016-06-01,2016,6,East,Pennsylvania,Home Office,Office Supplies,Storage,1,4,124.6080,-23.3640,-0.1875
2016-06-01,2016,6,East,Rhode Island,Consumer,Office Supplies,Storage,1,5,14.9000,1.0430,0.0700
2016-06-01,2016,6,South,Alabama,Corporate,Office Supplies,Appliances,1,1,208.1600,56.2032,0.2700
2016-06-01,2016,6,South,Alabama,Corporate,Office Supplies,Binders,1,3,16.7400,8.0352,0.4800
2016-06-01,2016,6,South,Arkansas,Consumer,Office Supplies,Binders,1,6,75.8100,36.3888,0.4800
2016-06-01,2016,6,South,Arkansas,Consumer,Office Supplies,Paper,1,5,72.9000,34.3926,0.4718
2016-06-01,2016,6,South,Arkansas,Consumer,Technology,Accessories,1,12,530.1600,210.0243,0.3962
2016-06-01,2016,6,South,Florida,Consumer,Office Supplies,Binders,1,4,39.9360,-26.6240,-0.6667
2016-06-01,2016,6,South,Florida,Consumer,Technology,Accessories,1,2,18.4640,2.3080,0.1250
2016-06-01,2016,6,South,Florida,Consumer,Technology,Machines,1,2,695.7000,-27.8280,-0.0400
2016-06-01,2016,6,South,Georgia,Consumer,Furniture,Bookcases,1,7,1266.8600,291.3778,0.2300
2016-06-01,2016,6,South,Georgia,Consumer,Office Supplies,Art,1,3,35.9700,9.7119,0.2700
2016-06-01,2016,6,South,Georgia,Consumer,Technology,Phones,1,1,135.9500,39.4255,0.2900
2016-06-01,2016,6,South,South Carolina,Consumer,Office Supplies,Storage,1,6,191.8800,19.1880,0.1000
2016-06-01,2016,6,South,Tennessee,Home Office,Technology,Machines,1,1,91.4750,-1.8295,-0.0200
2016-06-01,2016,6,South,Virginia,Consumer,Office Supplies,Paper,1,2,75.8800,35.6636,0.4700
2016-06-01,2016,6,West,California,Consumer,Furniture,Bookcases,1,2,239.6660,14.0980,0.0588
2016-06-01,2016,6,West,California,Consumer,Furniture,Chairs,2,5,283.9200,5.6862,0.0200
2016-06-01,2016,6,West,California,Consumer,Furniture,Furnishings,1,3,22.1400,6.4206,0.2900
2016-06-01,2016,6,West,California,Consumer,Furniture,Tables,2,7,2238.3920,-183.1963,-0.0818
2016-06-01,2016,6,West,California,Consumer,Office Supplies,Appliances,4,12,382.2700,110.8464,0.2900
2016-06-01,2016,6,West,California,Consumer,Office Supplies,Binders,2,9,39.2640,13.4250,0.3419
2016-06-01,2016,6,West,California,Consumer,Office Supplies,Labels,3,11,65.1300,31.0431,0.4766
2016-06-01,2016,6,West,California,Consumer,Office Supplies,Paper,7,25,582.1400,282.0819,0.4846
2016-06-01,2016,6,West,California,Consumer,Office Supplies,Storage,2,7,255.6200,35.0100,0.1370
2016-06-01,2016,6,West,California,Consumer,Technology,Machines,1,4,4476.8000,503.6400,0.1125
2016-06-01,2016,6,West,California,Consumer,Technology,Phones,4,16,1279.6480,120.0192,0.0938
2016-06-01,2016,6,West,California,Corporate,Furniture,Tables,2,9,1364.5760,79.0658,0.0579
2016-06-01,2016,6,West,California,Corporate,Office Supplies,Art,1,2,5.1600,1.3416,0.2600
2016-06-01,2016,6,West,California,Corporate,Office Supplies,Binders,1,5,41.3200,14.5589,0.3523
2016-06-01,2016,6,West,California,Corporate,Office Supplies,Fasteners,1,5,17.9000,8.9500,0.5000
2016-06-01,2016,6,West,California,Corporate,Office Supplies,Labels,1,2,14.6200,6.8714,0.4700
2016-06-01,2016,6,West,California,Corporate,Office Supplies,Paper,4,18,267.3200,122.1916,0.4571
2016-06-01,2016,6,West,California,Corporate,Office Supplies,Supplies,1,2,231.7200,11.5860,0.0500
2016-06-01,2016,6,West,California,Home Office,Furniture,Bookcases,1,5,599.1650,35.2450,0.0588
2016-06-01,2016,6,West,California,Home Office,Furniture,Furnishings,1,3,8.7300,4.1031,0.4700
2016-06-01,2016,6,West,California,Home Office,Office Supplies,Art,1,7,15.6800,4.5472,0.2900
2016-06-01,2016,6,West,California,Home Office,Office Supplies,Binders,1,1,4.7840,1.5548,0.3250
2016-06-01,2016,6,West,California,Home Office,Office Supplies,Labels,1,7,22.0500,10.5840,0.4800
2016-06-01,2016,6,West,California,Home Office,Office Supplies,Paper,2,6,104.6300,49.2707,0.4709
2016-06-01,2016,6,West,California,Home Office,Technology,Accessories,2,3,56.2500,13.4401,0.2389
2016-06-01,2016,6,West,California,Home Office,Technology,Phones,1,12,3501.5280,387.9846,0.1108
2016-06-01,2016,6,West,Colorado,Consumer,Furniture,Chairs,1,4,483.1360,54.3528,0.1125
2016-06-01,2016,6,West,Colorado,Consumer,Furniture,Furnishings,1,3,266.3520,-13.3176,-0.0500
2016-06-01,2016,6,West,Washington,Consumer,Office Supplies,Binders,1,14,53.9840,17.5448,0.3250
2016-06-01,2016,6,West,Washington,Consumer,Office Supplies,Labels,1,2,14.6200,6.8714,0.4700
2016-06-01,2016,6,West,Washington,Consumer,Technology,Accessories,1,3,389.9700,132.5898,0.3400
2016-06-01,2016,6,West,Washington,Corporate,Furniture,Tables,1,7,1115.1700,334.5510,0.3000
2016-06-01,2016,6,West,Washington,Corporate,Office Supplies,Binders,1,15,62.8800,22.6536,0.3603
2016-06-01,2016,6,West,Washington,Corporate,Office Supplies,Paper,1,3,30.1800,13.8828,0.4600
2016-06-01,2016,6,West,Washington,Corporate,Office Supplies,Supplies,1,6,61.3800,15.9588,0.2600
2016-07-01,2016,7,Central,Illinois,Consumer,Office Supplies,Labels,1,4,9.2480,3.1212,0.3375
2016-07-01,2016,7,Central,Illinois,Consumer,Office Supplies,Storage,1,2,1036.6240,51.8312,0.0500
2016-07-01,2016,7,Central,Illinois,Corporate,Furniture,Chairs,1,2,253.3720,-14.4784,-0.0571
2016-07-01,2016,7,Central,Illinois,Corporate,Furniture,Furnishings,1,8,60.2880,-27.1296,-0.4500
2016-07-01,2016,7,Central,Illinois,Corporate,Office Supplies,Fasteners,1,1,2.6320,0.8225,0.3125
2016-07-01,2016,7,Central,Illinois,Corporate,Office Supplies,Paper,1,9,23.6880,7.6986,0.3250
2016-07-01,2016,7,Central,Illinois,Home Office,Office Supplies,Binders,1,4,11.4160,-18.8364,-1.6500
2016-07-01,2016,7,Central,Michigan,Consumer,Furniture,Furnishings,1,3,272.9400,30.0234,0.1100
2016-07-01,2016,7,Central,Michigan,Consumer,Office Supplies,Appliances,1,4,283.1400,72.3580,0.2556
2016-07-01,2016,7,Central,Michigan,Consumer,Office Supplies,Art,1,5,29.2000,10.5120,0.3600
2016-07-01,2016,7,Central,Michigan,Consumer,Office Supplies,Paper,1,5,32.4000,15.5520,0.4800
2016-07-01,2016,7,Central,Michigan,Consumer,Office Supplies,Storage,1,5,965.8500,135.2190,0.1400
2016-07-01,2016,7,Central,Michigan,Consumer,Technology,Accessories,1,1,109.9500,36.2835,0.3300
2016-07-01,2016,7,Central,Michigan,Consumer,Technology,Phones,1,5,754.9500,198.6668,0.2632
2016-07-01,2016,7,Central,Michigan,Home Office,Office Supplies,Fasteners,1,7,20.4400,9.1980,0.4500
2016-07-01,2016,7,Central,Michigan,Home Office,Office Supplies,Paper,1,2,109.9200,53.8608,0.4900
2016-07-01,2016,7,Central,Missouri,Consumer,Office Supplies,Paper,1,12,81.4100,39.2330,0.4819
2016-07-01,2016,7,Central,Missouri,Consumer,Office Supplies,Storage,1,4,508.1100,52.5894,0.1035
2016-07-01,2016,7,Central,Texas,Consumer,Office Supplies,Art,2,11,334.6080,33.0786,0.0989
2016-07-01,2016,7,Central,Texas,Consumer,Office Supplies,Binders,1,4,4.7520,-8.3160,-1.7500
2016-07-01,2016,7,Central,Texas,Consumer,Office Supplies,Paper,2,6,225.0240,81.5064,0.3622
2016-07-01,2016,7,Central,Texas,Consumer,Office Supplies,Storage,1,3,338.0400,-33.8040,-0.1000
2016-07-01,2016,7,Central,Texas,Consumer,Office Supplies,Supplies,1,2,13.3440,1.0008,0.0750
2016-07-01,2016,7,Central,Texas,Consumer,Technology,Accessories,1,3,15.5760,3.3099,0.2125
2016-07-01,2016,7,Central,Texas,Consumer,Technology,Phones,2,15,535.0800,64.0066,0.1196
2016-07-01,2016,7,Central,Texas,Corporate,Furniture,Chairs,1,5,528.4300,0.0000,0.0000
2016-07-01,2016,7,Central,Texas,Corporate,Furniture,Furnishings,1,3,9.5520,-3.8208,-0.4000
2016-07-01,2016,7,Central,Texas,Corporate,Office Supplies,Art,1,3,47.6160,3.5712,0.0750
2016-07-01,2016,7,Central,Texas,Corporate,Office Supplies,Labels,1,4,15.7120,5.6956,0.3625
2016-07-01,2016,7,Central,Texas,Corporate,Office Supplies,Paper,2,11,61.4880,20.7702,0.3378
2016-07-01,2016,7,Central,Texas,Corporate,Office Supplies,Storage,1,3,37.2240,3.7224,0.1000
2016-07-01,2016,7,Central,Texas,Corporate,Technology,Phones,1,9,863.6400,107.9550,0.1250
2016-07-01,2016,7,Central,Texas,Home Office,Furniture,Furnishings,1,10,327.4200,-388.2800,-1.1859
2016-07-01,2016,7,Central,Texas,Home Office,Office Supplies,Binders,1,3,9.2640,-13.8960,-1.5000
2016-07-01,2016,7,Central,Texas,Home Office,Office Supplies,Envelopes,1,1,20.9360,7.0659,0.3375
2016-07-01,2016,7,Central,Wisconsin,Corporate,Furniture,Chairs,1,4,403.5600,96.8544,0.2400
2016-07-01,2016,7,Central,Wisconsin,Corporate,Furniture,Furnishings,1,5,95.2000,27.6080,0.2900
2016-07-01,2016,7,Central,Wisconsin,Corporate,Office Supplies,Paper,1,2,20.6200,9.6914,0.4700
2016-07-01,2016,7,Central,Wisconsin,Corporate,Technology,Accessories,1,7,124.2500,48.4575,0.3900
2016-07-01,2016,7,Central,Wisconsin,Corporate,Technology,Phones,1,5,297.5500,83.3140,0.2800
2016-07-01,2016,7,East,Maryland,Corporate,Furniture,Furnishings,1,3,27.4200,9.3228,0.3400
2016-07-01,2016,7,East,Maryland,Corporate,Office Supplies,Appliances,1,2,37.6800,10.5504,0.2800
2016-07-01,2016,7,East,Maryland,Corporate,Office Supplies,Binders,1,3,5.4000,2.5920,0.4800
2016-07-01,2016,7,East,Maryland,Corporate,Office Supplies,Paper,1,8,51.8400,24.8832,0.4800
2016-07-01,2016,7,East,New Jersey,Corporate,Office Supplies,Appliances,1,2,162.6400,45.5392,0.2800
2016-07-01,2016,7,East,New Jersey,Corporate,Office Supplies,Paper,1,1,55.4800,26.6304,0.4800
2016-07-01,2016,7,East,New Jersey,Corporate,Technology,Phones,1,3,597.0000,280.5900,0.4700
2016-07-01,2016,7,East,New York,Consumer,Office Supplies,Appliances,1,2,45.9600,13.7880,0.3000
2016-07-01,2016,7,East,New York,Consumer,Office Supplies,Fasteners,1,9,29.6100,13.3245,0.4500
2016-07-01,2016,7,East,New York,Consumer,Technology,Phones,1,5,89.9500,43.1760,0.4800
2016-07-01,2016,7,East,New York,Corporate,Furniture,Bookcases,1,4,579.1360,21.7176,0.0375
2016-07-01,2016,7,East,New York,Corporate,Furniture,Chairs,2,4,661.7700,103.5500,0.1565
2016-07-01,2016,7,East,New York,Corporate,Furniture,Furnishings,1,4,165.2800,14.8752,0.0900
2016-07-01,2016,7,East,New York,Corporate,Office Supplies,Appliances,1,7,706.8600,197.9208,0.2800
2016-07-01,2016,7,East,New York,Corporate,Office Supplies,Art,1,7,41.8600,10.4650,0.2500
2016-07-01,2016,7,East,New York,Corporate,Office Supplies,Binders,2,7,31.8480,11.2170,0.3522
2016-07-01,2016,7,East,New York,Corporate,Office Supplies,Fasteners,1,7,14.0700,6.8943,0.4900
2016-07-01,2016,7,East,New York,Corporate,Office Supplies,Storage,1,1,11.2100,3.3630,0.3000
2016-07-01,2016,7,East,New York,Home Office,Office Supplies,Labels,1,1,30.5300,14.0438,0.4600
2016-07-01,2016,7,East,New York,Home Office,Office Supplies,Paper,1,9,75.0600,33.7770,0.4500
2016-07-01,2016,7,East,New York,Home Office,Technology,Accessories,1,3,30.8400,6.1680,0.2000
2016-07-01,2016,7,East,Ohio,Consumer,Technology,Copiers,1,4,1439.9760,191.9968,0.1333
2016-07-01,2016,7,East,Ohio,Corporate,Office Supplies,Appliances,1,5,243.8800,27.4365,0.1125
2016-07-01,2016,7,East,Ohio,Corporate,Office Supplies,Art,1,2,18.6560,1.3992,0.0750
2016-07-01,2016,7,East,Ohio,Corporate,Office Supplies,Binders,1,7,11.0880,-8.1312,-0.7333
2016-07-01,2016,7,East,Ohio,Corporate,Office Supplies,Storage,1,3,166.1760,12.8732,0.0775
2016-07-01,2016,7,East,Pennsylvania,Consumer,Furniture,Bookcases,1,5,177.4500,-78.0780,-0.4400
2016-07-01,2016,7,East,Pennsylvania,Consumer,Furniture,Furnishings,1,2,11.6480,3.3488,0.2875
2016-07-01,2016,7,East,Pennsylvania,Consumer,Office Supplies,Appliances,1,3,9.4800,0.7110,0.0750
2016-07-01,2016,7,East,Pennsylvania,Consumer,Office Supplies,Art,1,2,4.1600,0.3640,0.0875
2016-07-01,2016,7,East,Pennsylvania,Consumer,Office Supplies,Binders,1,6,1369.7640,-913.1760,-0.6667
2016-07-01,2016,7,East,Pennsylvania,Consumer,Office Supplies,Supplies,2,4,17.4720,1.7478,0.1000
2016-07-01,2016,7,East,Pennsylvania,Consumer,Technology,Phones,1,7,638.3580,-144.1508,-0.2258
2016-07-01,2016,7,East,Pennsylvania,Corporate,Office Supplies,Binders,1,1,1.9410,-1.2940,-0.6667
2016-07-01,2016,7,East,Pennsylvania,Corporate,Office Supplies,Paper,1,5,123.9200,38.7250,0.3125
2016-07-01,2016,7,East,Pennsylvania,Corporate,Office Supplies,Storage,1,2,84.7840,-16.9568,-0.2000
2016-07-01,2016,7,East,Pennsylvania,Corporate,Technology,Machines,1,3,341.9910,-319.1916,-0.9333
2016-07-01,2016,7,East,Pennsylvania,Home Office,Office Supplies,Art,1,8,11.2640,1.2672,0.1125
2016-07-01,2016,7,East,Pennsylvania,Home Office,Office Supplies,Binders,1,10,15.1350,-12.6125,-0.8333
2016-07-01,2016,7,East,Pennsylvania,Home Office,Office Supplies,Labels,1,2,10.0800,3.2760,0.3250
2016-07-01,2016,7,East,Pennsylvania,Home Office,Office Supplies,Paper,1,4,18.4960,6.7048,0.3625
2016-07-01,2016,7,East,Pennsylvania,Home Office,Office Supplies,Storage,1,10,284.0800,24.8570,0.0875
2016-07-01,2016,7,East,Pennsylvania,Home Office,Technology,Phones,1,1,59.9940,-12.9987,-0.2167
2016-07-01,2016,7,East,Rhode Island,Corporate,Office Supplies,Paper,1,2,12.9600,6.2208,0.4800
2016-07-01,2016,7,South,Alabama,Consumer,Technology,Accessories,1,2,29.0000,7.2500,0.2500
2016-07-01,2016,7,South,Florida,Consumer,Office Supplies,Binders,1,3,2.2140,-1.4760,-0.6667
2016-07-01,2016,7,South,Florida,Consumer,Office Supplies,Paper,1,2,15.9840,4.9950,0.3125
2016-07-01,2016,7,South,Florida,Consumer,Technology,Phones,1,5,823.9600,51.4975,0.0625
2016-07-01,2016,7,South,Florida,Corporate,Office Supplies,Appliances,1,2,23.6960,6.5164,0.2750
2016-07-01,2016,7,South,Florida,Corporate,Office Supplies,Art,1,2,35.2160,2.6412,0.0750
2016-07-01,2016,7,South,Florida,Corporate,Office Supplies,Supplies,1,7,45.5840,5.1282,0.1125
2016-07-01,2016,7,South,Florida,Corporate,Technology,Machines,1,1,265.4750,-111.4995,-0.4200
2016-07-01,2016,7,South,Georgia,Consumer,Furniture,Furnishings,1,1,51.7500,15.5250,0.3000
2016-07-01,2016,7,South,Georgia,Consumer,Office Supplies,Binders,1,5,36.4000,17.1080,0.4700
2016-07-01,2016,7,South,Kentucky,Corporate,Furniture,Chairs,1,1,140.8100,39.4268,0.2800
2016-07-01,2016,7,South,Louisiana,Consumer,Office Supplies,Art,1,5,73.2000,21.2280,0.2900
2016-07-01,2016,7,South,Mississippi,Consumer,Furniture,Bookcases,1,5,504.9000,126.2250,0.2500
2016-07-01,2016,7,South,Mississippi,Consumer,Furniture,Furnishings,1,6,185.5800,76.0878,0.4100
2016-07-01,2016,7,South,Mississippi,Consumer,Furniture,Tables,1,8,2430.0800,388.8128,0.1600
2016-07-01,2016,7,South,Mississippi,Consumer,Office Supplies,Binders,1,3,86.1600,39.7196,0.4610
2016-07-01,2016,7,South,Mississippi,Consumer,Office Supplies,Paper,2,11,311.4400,152.6056,0.4900
2016-07-01,2016,7,South,Mississippi,Consumer,Office Supplies,Storage,2,5,95.8100,1.1948,0.0125
2016-07-01,2016,7,South,North Carolina,Consumer,Furniture,Chairs,1,5,363.9200,0.0000,0.0000
2016-07-01,2016,7,South,North Carolina,Consumer,Office Supplies,Binders,1,3,27.3960,-20.0904,-0.7333
2016-07-01,2016,7,South,North Carolina,Consumer,Office Supplies,Labels,1,3,6.2640,2.0358,0.3250
2016-07-01,2016,7,South,North Carolina,Consumer,Office Supplies,Storage,1,5,704.7600,26.4285,0.0375
2016-07-01,2016,7,South,South Carolina,Consumer,Office Supplies,Binders,1,4,72.5400,34.5352,0.4761
2016-07-01,2016,7,South,South Carolina,Consumer,Office Supplies,Paper,1,2,12.9600,6.2208,0.4800
2016-07-01,2016,7,South,South Carolina,Corporate,Office Supplies,Art,1,3,22.3200,5.5800,0.2500
2016-07-01,2016,7,South,South Carolina,Corporate,Office Supplies,Binders,1,7,30.5600,14.2514,0.4663
2016-07-01,2016,7,South,South Carolina,Corporate,Office Supplies,Envelopes,1,5,10.2000,4.7940,0.4700
2016-07-01,2016,7,South,South Carolina,Corporate,Office Supplies,Paper,1,9,60.1200,28.8576,0.4800
2016-07-01,2016,7,South,South Carolina,Corporate,Technology,Accessories,1,2,75.9800,18.2352,0.2400
2016-07-01,2016,7,South,Virginia,Consumer,Office Supplies,Art,1,2,7.7000,3.1570,0.4100
2016-07-01,2016,7,South,Virginia,Home Office,Office Supplies,Binders,1,1,10.4400,4.8024,0.4600
2016-07-01,2016,7,West,Arizona,Consumer,Office Supplies,Storage,1,2,16.7680,1.4672,0.0875
2016-07-01,2016,7,West,Arizona,Consumer,Technology,Phones,1,1,55.9920,3.4995,0.0625
2016-07-01,2016,7,West,Arizona,Corporate,Office Supplies,Supplies,1,5,33.8000,4.2250,0.1250
2016-07-01,2016,7,West,Arizona,Corporate,Technology,Phones,1,8,380.8640,38.0864,0.1000
2016-07-01,2016,7,West,Arizona,Home Office,Office Supplies,Binders,1,6,44.8560,-35.8848,-0.8000
2016-07-01,2016,7,West,California,Consumer,Furniture,Bookcases,1,5,1279.1650,225.7350,0.1765
2016-07-01,2016,7,West,California,Consumer,Furniture,Chairs,2,6,529.5360,14.5180,0.0274
2016-07-01,2016,7,West,California,Consumer,Furniture,Furnishings,4,27,596.9100,196.8332,0.3298
2016-07-01,2016,7,West,California,Consumer,Office Supplies,Appliances,1,7,151.6200,50.0346,0.3300
2016-07-01,2016,7,West,California,Consumer,Office Supplies,Binders,1,8,119.6160,40.3704,0.3375
2016-07-01,2016,7,West,California,Consumer,Office Supplies,Envelopes,1,2,43.9600,20.6612,0.4700
2016-07-01,2016,7,West,California,Consumer,Office Supplies,Fasteners,2,8,25.4400,10.8192,0.4253
2016-07-01,2016,7,West,California,Consumer,Office Supplies,Labels,1,3,18.9000,8.6940,0.4600
2016-07-01,2016,7,West,California,Consumer,Office Supplies,Paper,2,3,61.9000,30.6908,0.4958
2016-07-01,2016,7,West,California,Consumer,Office Supplies,Storage,1,4,27.9200,0.5584,0.0200
2016-07-01,2016,7,West,California,Consumer,Technology,Copiers,1,5,2799.9600,944.9865,0.3375
2016-07-01,2016,7,West,California,Consumer,Technology,Phones,1,3,110.3760,12.4173,0.1125
2016-07-01,2016,7,West,California,Corporate,Furniture,Chairs,1,1,195.1840,19.5184,0.1000
2016-07-01,2016,7,West,California,Corporate,Furniture,Tables,1,7,863.1280,-32.3673,-0.0375
2016-07-01,2016,7,West,California,Corporate,Office Supplies,Appliances,1,2,715.6400,178.9100,0.2500
2016-07-01,2016,7,West,California,Corporate,Office Supplies,Envelopes,1,5,419.9000,197.3530,0.4700
2016-07-01,2016,7,West,California,Corporate,Office Supplies,Labels,2,3,9.4500,4.5360,0.4800
2016-07-01,2016,7,West,California,Corporate,Office Supplies,Storage,1,2,77.8800,3.8940,0.0500
2016-07-01,2016,7,West,California,Corporate,Technology,Phones,1,6,95.7600,7.1820,0.0750
2016-07-01,2016,7,West,California,Home Office,Office Supplies,Art,1,9,37.1700,11.1510,0.3000
2016-07-01,2016,7,West,California,Home Office,Technology,Accessories,1,3,389.9700,132.5898,0.3400
2016-07-01,2016,7,West,California,Home Office,Technology,Phones,1,2,35.9840,4.4980,0.1250
2016-07-01,2016,7,West,Colorado,Consumer,Furniture,Chairs,1,3,662.8800,74.5740,0.1125
2016-07-01,2016,7,West,Colorado,Consumer,Office Supplies,Binders,1,6,28.7040,-19.4272,-0.6768
2016-07-01,2016,7,West,Colorado,Consumer,Office Supplies,Storage,1,7,33.4880,-1.2558,-0.0375
2016-07-01,2016,7,West,Colorado,Corporate,Furniture,Chairs,1,6,1398.3600,51.4800,0.0368
2016-07-01,2016,7,West,Colorado,Corporate,Office Supplies,Binders,1,3,1.8720,-1.4352,-0.7667
2016-07-01,2016,7,West,Colorado,Corporate,Office Supplies,Storage,1,5,931.6080,-33.8040,-0.0363
2016-07-01,2016,7,West,Nevada,Home Office,Office Supplies,Supplies,1,5,86.2000,24.9980,0.2900
2016-07-01,2016,7,West,Oregon,Corporate,Furniture,Chairs,1,3,230.2800,23.0280,0.1000
2016-07-01,2016,7,West,Oregon,Corporate,Office Supplies,Paper,1,5,105.5200,34.2940,0.3250
2016-07-01,2016,7,West,Utah,Consumer,Office Supplies,Art,1,2,45.9800,12.8744,0.2800
2016-07-01,2016,7,West,Utah,Consumer,Office Supplies,Paper,1,2,12.9600,6.2208,0.4800
2016-07-01,2016,7,West,Utah,Home Office,Office Supplies,Supplies,1,5,44.4000,12.4320,0.2800
2016-07-01,2016,7,West,Utah,Home Office,Technology,Copiers,1,5,1499.9500,449.9850,0.3000
2016-07-01,2016,7,West,Washington,Consumer,Furniture,Furnishings,1,8,37.1700,15.3612,0.4133
2016-07-01,2016,7,West,Washington,Consumer,Office Supplies,Binders,2,6,32.1120,10.1952,0.3175
2016-07-01,2016,7,West,Washington,Consumer,Office Supplies,Labels,1,7,87.7100,41.2237,0.4700
2016-07-01,2016,7,West,Washington,Consumer,Office Supplies,Storage,1,2,69.5200,17.3800,0.2500
2016-07-01,2016,7,West,Washington,Consumer,Technology,Accessories,1,3,428.4000,89.9640,0.2100
2016-07-01,2016,7,West,Washington,Consumer,Technology,Phones,2,3,128.7680,4.7722,0.0371
2016-07-01,2016,7,West,Washington,Home Office,Furniture,Furnishings,1,5,25.4000,8.6360,0.3400
2016-07-01,2016,7,West,Washington,Home Office,Office Supplies,Binders,1,1,2.4960,0.9048,0.3625
2016-07-01,2016,7,West,Washington,Home Office,Technology,Phones,1,6,249.4560,28.9635,0.1161
2016-08-01,2016,8,Central,Illinois,Consumer,Office Supplies,Binders,1,5,3.9800,-6.5670,-1.6500
2016-08-01,2016,8,Central,Illinois,Home Office,Office Supplies,Binders,1,3,1.7880,-3.0396,-1.7000
2016-08-01,2016,8,Central,Illinois,Home Office,Office Supplies,Paper,1,7,64.6240,22.6184,0.3500
2016-08-01,2016,8,Central,Illinois,Home Office,Technology,Accessories,1,3,95.9760,-10.7973,-0.1125
2016-08-01,2016,8,Central,Iowa,Consumer,Office Supplies,Paper,1,1,6.4800,3.1104,0.4800
2016-08-01,2016,8,Central,Michigan,Consumer,Furniture,Tables,1,4,447.8400,98.5248,0.2200
2016-08-01,2016,8,Central,Michigan,Consumer,Office Supplies,Art,1,3,8.6400,2.5056,0.2900
2016-08-01,2016,8,Central,Michigan,Consumer,Office Supplies,Paper,1,2,11.5600,5.6644,0.4900
2016-08-01,2016,8,Central,Michigan,Consumer,Technology,Accessories,1,3,479.9700,163.1898,0.3400
2016-08-01,2016,8,Central,Michigan,Consumer,Technology,Phones,1,3,209.9700,58.7916,0.2800
2016-08-01,2016,8,Central,Michigan,Home Office,Technology,Phones,1,2,14.7800,3.9906,0.2700
2016-08-01,2016,8,Central,Oklahoma,Consumer,Office Supplies,Envelopes,1,3,81.5400,38.3238,0.4700
2016-08-01,2016,8,Central,Oklahoma,Consumer,Office Supplies,Paper,1,2,10.5600,4.7520,0.4500
2016-08-01,2016,8,Central,Oklahoma,Consumer,Technology,Accessories,1,12,167.2800,23.4192,0.1400
2016-08-01,2016,8,Central,Oklahoma,Home Office,Office Supplies,Binders,1,9,119.4200,54.9332,0.4600
2016-08-01,2016,8,Central,Oklahoma,Home Office,Office Supplies,Paper,1,5,32.4000,15.5520,0.4800
2016-08-01,2016,8,Central,Texas,Consumer,Furniture,Bookcases,1,2,156.3728,-52.8908,-0.3382
2016-08-01,2016,8,Central,Texas,Consumer,Office Supplies,Appliances,1,1,58.9240,-153.2024,-2.6000
2016-08-01,2016,8,Central,Texas,Consumer,Office Supplies,Binders,3,16,29.5440,-48.5320,-1.6427
2016-08-01,2016,8,Central,Texas,Consumer,Office Supplies,Fasteners,1,4,11.1680,3.6296,0.3250
2016-08-01,2016,8,Central,Texas,Consumer,Office Supplies,Paper,3,13,145.9440,50.7492,0.3477
2016-08-01,2016,8,Central,Texas,Consumer,Office Supplies,Storage,1,2,23.9680,2.3968,0.1000
2016-08-01,2016,8,Central,Texas,Consumer,Office Supplies,Supplies,2,11,292.0640,-39.4996,-0.1352
2016-08-01,2016,8,Central,Texas,Consumer,Technology,Accessories,1,7,1399.9440,52.4979,0.0375
2016-08-01,2016,8,Central,Texas,Corporate,Furniture,Chairs,1,6,1024.7160,-29.2776,-0.0286
2016-08-01,2016,8,Central,Texas,Corporate,Office Supplies,Paper,2,7,99.5680,34.6032,0.3475
2016-08-01,2016,8,Central,Texas,Corporate,Office Supplies,Storage,1,1,14.1600,1.0620,0.0750
2016-08-01,2016,8,Central,Texas,Corporate,Technology,Accessories,1,2,159.9840,43.9956,0.2750
2016-08-01,2016,8,Central,Texas,Home Office,Furniture,Furnishings,2,10,37.5040,-16.1320,-0.4301
2016-08-01,2016,8,Central,Texas,Home Office,Office Supplies,Storage,1,8,727.2960,-172.7328,-0.2375
2016-08-01,2016,8,Central,Texas,Home Office,Technology,Accessories,1,7,666.4000,-33.3200,-0.0500
2016-08-01,2016,8,Central,Wisconsin,Corporate,Furniture,Bookcases,1,2,241.9600,24.1960,0.1000
2016-08-01,2016,8,Central,Wisconsin,Corporate,Office Supplies,Binders,1,3,8.5200,4.1748,0.4900
2016-08-01,2016,8,Central,Wisconsin,Home Office,Office Supplies,Labels,1,7,62.7900,29.2593,0.4660
2016-08-01,2016,8,Central,Wisconsin,Home Office,Office Supplies,Storage,1,1,14.9700,4.1916,0.2800
2016-08-01,2016,8,Central,Wisconsin,Home Office,Technology,Accessories,2,5,49.9500,15.7617,0.3155
2016-08-01,2016,8,East,Massachusetts,Consumer,Furniture,Tables,1,1,244.6150,20.9670,0.0857
2016-08-01,2016,8,East,Massachusetts,Consumer,Office Supplies,Binders,1,5,29.0000,13.9200,0.4800
2016-08-01,2016,8,East,Massachusetts,Consumer,Office Supplies,Fasteners,1,4,11.6800,5.2560,0.4500
2016-08-01,2016,8,East,Massachusetts,Consumer,Office Supplies,Paper,1,12,204.5100,96.9483,0.4741
2016-08-01,2016,8,East,Massachusetts,Consumer,Technology,Phones,1,3,59.9700,28.7856,0.4800
2016-08-01,2016,8,East,New Hampshire,Home Office,Office Supplies,Supplies,1,3,27.9300,8.0997,0.2900
2016-08-01,2016,8,East,New York,Consumer,Furniture,Chairs,1,7,573.1740,63.6860,0.1111
2016-08-01,2016,8,East,New York,Consumer,Furniture,Tables,1,2,209.1480,-66.2302,-0.3167
2016-08-01,2016,8,East,New York,Consumer,Office Supplies,Art,1,9,38.3400,15.7194,0.4100
2016-08-01,2016,8,East,New York,Consumer,Office Supplies,Binders,1,13,448.7920,154.1413,0.3435
2016-08-01,2016,8,East,New York,Consumer,Office Supplies,Storage,1,6,1591.0200,286.3836,0.1800
2016-08-01,2016,8,East,New York,Corporate,Office Supplies,Appliances,2,14,1396.1200,380.5056,0.2725
2016-08-01,2016,8,East,New York,Corporate,Office Supplies,Art,1,11,50.6400,16.6548,0.3289
2016-08-01,2016,8,East,New York,Corporate,Office Supplies,Binders,1,8,146.6880,45.8400,0.3125
2016-08-01,2016,8,East,New York,Corporate,Office Supplies,Paper,1,2,70.8800,33.3136,0.4700
2016-08-01,2016,8,East,New York,Corporate,Technology,Accessories,1,5,249.9500,87.4825,0.3500
2016-08-01,2016,8,East,New York,Corporate,Technology,Phones,2,7,72.9900,19.8471,0.2719
2016-08-01,2016,8,East,New York,Home Office,Furniture,Chairs,1,2,145.7640,-8.0980,-0.0556
2016-08-01,2016,8,East,New York,Home Office,Technology,Phones,1,4,22.0000,5.5000,0.2500
2016-08-01,2016,8,East,Ohio,Consumer,Office Supplies,Appliances,1,2,113.5520,8.5164,0.0750
2016-08-01,2016,8,East,Ohio,Consumer,Office Supplies,Binders,1,2,3.3180,-2.6544,-0.8000
2016-08-01,2016,8,East,Ohio,Consumer,Office Supplies,Envelopes,1,2,134.2880,45.3222,0.3375
2016-08-01,2016,8,East,Ohio,Corporate,Office Supplies,Binders,1,8,18.4320,-12.2880,-0.6667
2016-08-01,2016,8,East,Ohio,Corporate,Technology,Accessories,1,5,279.9600,48.9930,0.1750
2016-08-01,2016,8,East,Ohio,Corporate,Technology,Phones,1,4,507.0840,-105.7484,-0.2085
2016-08-01,2016,8,East,Pennsylvania,Consumer,Furniture,Chairs,1,4,786.7440,-258.5016,-0.3286
2016-08-01,2016,8,East,Pennsylvania,Consumer,Furniture,Furnishings,1,2,19.3120,3.1382,0.1625
2016-08-01,2016,8,East,Pennsylvania,Consumer,Office Supplies,Binders,1,6,37.7640,-27.6936,-0.7333
2016-08-01,2016,8,East,Pennsylvania,Consumer,Office Supplies,Labels,1,10,100.2400,33.8310,0.3375
2016-08-01,2016,8,East,Pennsylvania,Consumer,Office Supplies,Storage,1,2,54.2240,3.3890,0.0625
2016-08-01,2016,8,East,Pennsylvania,Consumer,Technology,Phones,1,3,290.8980,-67.8762,-0.2333
2016-08-01,2016,8,East,Pennsylvania,Corporate,Furniture,Bookcases,1,4,163.8800,-81.9400,-0.5000
2016-08-01,2016,8,East,Pennsylvania,Corporate,Furniture,Tables,1,4,241.9200,-56.4480,-0.2333
2016-08-01,2016,8,East,Pennsylvania,Corporate,Office Supplies,Art,1,3,5.4720,1.6416,0.3000
2016-08-01,2016,8,East,Pennsylvania,Corporate,Office Supplies,Binders,1,2,3.4860,-2.7888,-0.8000
2016-08-01,2016,8,East,Pennsylvania,Corporate,Office Supplies,Fasteners,1,7,10.5840,-2.3814,-0.2250
2016-08-01,2016,8,East,Pennsylvania,Corporate,Technology,Accessories,1,2,47.9840,13.1956,0.2750
2016-08-01,2016,8,East,Pennsylvania,Home Office,Furniture,Tables,1,9,815.2920,-339.7050,-0.4167
2016-08-01,2016,8,East,Pennsylvania,Home Office,Office Supplies,Art,1,4,37.3120,2.7984,0.0750
2016-08-01,2016,8,South,Alabama,Corporate,Office Supplies,Art,1,7,197.0500,59.1150,0.3000
2016-08-01,2016,8,South,Florida,Consumer,Technology,Phones,1,7,705.5440,70.5544,0.1000
2016-08-01,2016,8,South,Florida,Corporate,Furniture,Tables,1,7,562.2925,-255.5875,-0.4545
2016-08-01,2016,8,South,Florida,Corporate,Office Supplies,Labels,1,4,9.2160,3.3408,0.3625
2016-08-01,2016,8,South,Florida,Corporate,Office Supplies,Paper,1,1,31.0080,11.2404,0.3625
2016-08-01,2016,8,South,Georgia,Consumer,Furniture,Furnishings,1,3,186.5400,41.0388,0.2200
2016-08-01,2016,8,South,Louisiana,Consumer,Office Supplies,Appliances,1,2,17.3400,4.6818,0.2700
2016-08-01,2016,8,South,Louisiana,Consumer,Technology,Accessories,1,2,71.9800,15.1158,0.2100
2016-08-01,2016,8,South,Mississippi,Home Office,Office Supplies,Fasteners,1,3,23.3400,0.2334,0.0100
2016-08-01,2016,8,South,North Carolina,Consumer,Furniture,Chairs,1,2,225.2960,22.5296,0.1000
2016-08-01,2016,8,South,North Carolina,Consumer,Office Supplies,Appliances,1,4,569.5360,64.0728,0.1125
2016-08-01,2016,8,South,North Carolina,Consumer,Office Supplies,Binders,1,8,11.2320,-8.2368,-0.7333
2016-08-01,2016,8,South,North Carolina,Consumer,Office Supplies,Paper,2,12,41.0880,12.8400,0.3125
2016-08-01,2016,8,South,North Carolina,Consumer,Technology,Phones,1,2,44.7840,4.4784,0.1000
2016-08-01,2016,8,South,North Carolina,Home Office,Office Supplies,Labels,1,4,9.2160,3.3408,0.3625
2016-08-01,2016,8,South,North Carolina,Home Office,Office Supplies,Supplies,1,2,28.0480,3.5060,0.1250
2016-08-01,2016,8,South,Tennessee,Consumer,Office Supplies,Paper,1,3,15.5520,5.4432,0.3500
2016-08-01,2016,8,South,Tennessee,Home Office,Office Supplies,Binders,1,8,16.2180,-10.9566,-0.6756
2016-08-01,2016,8,South,Virginia,Consumer,Office Supplies,Binders,1,4,22.3200,10.7136,0.4800
2016-08-01,2016,8,South,Virginia,Consumer,Office Supplies,Labels,1,7,103.6000,51.8000,0.5000
2016-08-01,2016,8,South,Virginia,Home Office,Furniture,Furnishings,1,9,109.8000,46.1160,0.4200
2016-08-01,2016,8,South,Virginia,Home Office,Office Supplies,Labels,1,3,13.9500,6.7116,0.4811
2016-08-01,2016,8,South,Virginia,Home Office,Office Supplies,Supplies,1,2,35.0600,10.5180,0.3000
2016-08-01,2016,8,West,California,Consumer,Furniture,Furnishings,2,7,359.0700,59.6778,0.1662
2016-08-01,2016,8,West,California,Consumer,Office Supplies,Envelopes,1,3,10.8600,5.1042,0.4700
2016-08-01,2016,8,West,California,Consumer,Office Supplies,Fasteners,1,3,10.2300,4.9104,0.4800
2016-08-01,2016,8,West,California,Consumer,Office Supplies,Paper,4,17,240.3600,110.8812,0.4613
2016-08-01,2016,8,West,California,Consumer,Office Supplies,Storage,1,3,17.9400,3.0498,0.1700
2016-08-01,2016,8,West,California,Consumer,Technology,Machines,1,6,105.5520,35.6238,0.3375
2016-08-01,2016,8,West,California,Consumer,Technology,Phones,3,12,716.7280,71.3222,0.0995
2016-08-01,2016,8,West,California,Corporate,Furniture,Chairs,1,4,1603.1360,100.1960,0.0625
2016-08-01,2016,8,West,California,Corporate,Furniture,Tables,3,13,3184.8000,207.8892,0.0653
2016-08-01,2016,8,West,California,Corporate,Office Supplies,Appliances,1,2,45.9600,13.7880,0.3000
2016-08-01,2016,8,West,California,Corporate,Office Supplies,Art,2,4,14.0200,5.4700,0.3902
2016-08-01,2016,8,West,California,Corporate,Office Supplies,Binders,3,10,57.9520,20.5044,0.3538
2016-08-01,2016,8,West,California,Corporate,Office Supplies,Labels,1,1,3.1500,1.5120,0.4800
2016-08-01,2016,8,West,California,Corporate,Office Supplies,Paper,1,11,60.4800,27.6048,0.4564
2016-08-01,2016,8,West,California,Corporate,Technology,Accessories,1,3,254.9700,91.7892,0.3600
2016-08-01,2016,8,West,California,Corporate,Technology,Phones,5,17,1871.6080,133.0828,0.0711
2016-08-01,2016,8,West,California,Home Office,Furniture,Tables,1,2,513.0240,12.8256,0.0250
2016-08-01,2016,8,West,California,Home Office,Office Supplies,Appliances,1,6,487.9200,136.6176,0.2800
2016-08-01,2016,8,West,California,Home Office,Office Supplies,Binders,1,5,15.2400,5.3340,0.3500
2016-08-01,2016,8,West,Colorado,Consumer,Office Supplies,Appliances,1,3,122.3280,12.2328,0.1000
2016-08-01,2016,8,West,Colorado,Consumer,Office Supplies,Binders,1,3,18.8820,-13.8468,-0.7333
2016-08-01,2016,8,West,Colorado,Consumer,Office Supplies,Paper,1,3,15.4800,5.6115,0.3625
2016-08-01,2016,8,West,Colorado,Consumer,Technology,Phones,1,3,108.5760,8.1432,0.0750
2016-08-01,2016,8,West,Colorado,Home Office,Furniture,Furnishings,1,3,98.3280,9.8328,0.1000
2016-08-01,2016,8,West,Oregon,Consumer,Office Supplies,Binders,1,8,26.3520,-18.4464,-0.7000
2016-08-01,2016,8,West,Washington,Consumer,Furniture,Chairs,1,6,532.7040,-39.9528,-0.0750
2016-08-01,2016,8,West,Washington,Consumer,Office Supplies,Appliances,1,5,43.1000,11.2060,0.2600
2016-08-01,2016,8,West,Washington,Consumer,Office Supplies,Binders,1,4,15.7120,5.6956,0.3625
2016-08-01,2016,8,West,Washington,Consumer,Office Supplies,Envelopes,1,5,135.9000,63.8730,0.4700
2016-08-01,2016,8,West,Washington,Consumer,Office Supplies,Paper,2,7,41.1600,20.1036,0.4884
2016-08-01,2016,8,West,Washington,Consumer,Office Supplies,Supplies,1,4,15.8800,0.1588,0.0100
2016-08-01,2016,8,West,Washington,Consumer,Technology,Machines,1,3,837.6000,62.8200,0.0750
2016-08-01,2016,8,West,Washington,Corporate,Office Supplies,Binders,1,10,33.4400,11.7040,0.3500
2016-08-01,2016,8,West,Washington,Corporate,Office Supplies,Paper,1,3,19.4400,9.3312,0.4800
2016-08-01,2016,8,West,Washington,Corporate,Technology,Accessories,1,3,179.9700,86.3856,0.4800
2016-09-01,2016,9,Central,Illinois,Consumer,Furniture,Bookcases,1,4,198.7440,0.0000,0.0000
2016-09-01,2016,9,Central,Illinois,Consumer,Furniture,Chairs,1,3,747.5580,-96.1146,-0.1286
2016-09-01,2016,9,Central,Illinois,Consumer,Furniture,Furnishings,1,2,14.1360,-7.7748,-0.5500
2016-09-01,2016,9,Central,Illinois,Consumer,Furniture,Tables,1,3,601.4700,-300.7350,-0.5000
2016-09-01,2016,9,Central,Illinois,Consumer,Office Supplies,Binders,3,8,12.6800,-21.4578,-1.6923
2016-09-01,2016,9,Central,Illinois,Consumer,Office Supplies,Envelopes,1,2,8.9280,3.3480,0.3750
2016-09-01,2016,9,Central,Illinois,Consumer,Office Supplies,Labels,2,7,35.2400,11.9685,0.3396
2016-09-01,2016,9,Central,Illinois,Consumer,Office Supplies,Storage,1,2,35.1680,-8.3524,-0.2375
2016-09-01,2016,9,Central,Illinois,Consumer,Technology,Machines,1,3,1362.9000,-19.4700,-0.0143
2016-09-01,2016,9,Central,Illinois,Corporate,Office Supplies,Binders,1,7,442.3720,-729.9138,-1.6500
2016-09-01,2016,9,Central,Illinois,Corporate,Office Supplies,Paper,1,4,99.1360,30.9800,0.3125
2016-09-01,2016,9,Central,Illinois,Home Office,Furniture,Chairs,1,2,701.3720,-50.0980,-0.0714
2016-09-01,2016,9,Central,Illinois,Home Office,Furniture,Furnishings,2,5,168.2240,-166.0932,-0.9873
2016-09-01,2016,9,Central,Illinois,Home Office,Office Supplies,Binders,1,2,2.3080,-3.4620,-1.5000
2016-09-01,2016,9,Central,Illinois,Home Office,Office Supplies,Paper,1,2,9.2480,3.3524,0.3625
2016-09-01,2016,9,Central,Indiana,Consumer,Furniture,Furnishings,1,3,127.9500,21.7515,0.1700
2016-09-01,2016,9,Central,Indiana,Consumer,Office Supplies,Paper,1,6,35.8800,16.1460,0.4500
2016-09-01,2016,9,Central,Indiana,Corporate,Office Supplies,Art,1,5,33.4000,12.3580,0.3700
2016-09-01,2016,9,Central,Indiana,Home Office,Office Supplies,Art,1,7,40.8800,10.6288,0.2600
2016-09-01,2016,9,Central,Iowa,Consumer,Technology,Phones,1,3,278.4000,80.7360,0.2900
2016-09-01,2016,9,Central,Iowa,Corporate,Office Supplies,Paper,1,1,9.9900,4.4955,0.4500
2016-09-01,2016,9,Central,Kansas,Consumer,Technology,Phones,1,5,224.7500,62.9300,0.2800
2016-09-01,2016,9,Central,Kansas,Home Office,Office Supplies,Art,1,3,107.9400,26.9850,0.2500
2016-09-01,2016,9,Central,Michigan,Consumer,Furniture,Chairs,1,3,242.9400,29.1528,0.1200
2016-09-01,2016,9,Central,Michigan,Consumer,Furniture,Furnishings,1,1,12.2200,3.6660,0.3000
2016-09-01,2016,9,Central,Michigan,Consumer,Office Supplies,Appliances,1,4,376.7400,71.1620,0.1889
2016-09-01,2016,9,Central,Michigan,Consumer,Office Supplies,Art,1,2,11.9600,2.9900,0.2500
2016-09-01,2016,9,Central,Michigan,Consumer,Office Supplies,Binders,2,19,163.7200,79.2358,0.4840
2016-09-01,2016,9,Central,Michigan,Consumer,Office Supplies,Labels,1,7,22.0500,10.5840,0.4800
2016-09-01,2016,9,Central,Michigan,Consumer,Office Supplies,Paper,2,11,126.9200,58.7388,0.4628
2016-09-01,2016,9,Central,Michigan,Consumer,Office Supplies,Storage,1,6,265.8900,43.9683,0.1654
2016-09-01,2016,9,Central,Michigan,Consumer,Technology,Phones,2,3,106.7600,29.7172,0.2784
2016-09-01,2016,9,Central,Michigan,Corporate,Office Supplies,Paper,1,3,68.5200,31.5192,0.4600
2016-09-01,2016,9,Central,Minnesota,Corporate,Office Supplies,Appliances,1,6,77.8800,22.5852,0.2900
2016-09-01,2016,9,Central,Minnesota,Corporate,Office Supplies,Storage,1,3,535.4100,160.6230,0.3000
2016-09-01,2016,9,Central,Missouri,Consumer,Office Supplies,Envelopes,1,2,16.5600,7.7832,0.4700
2016-09-01,2016,9,Central,Missouri,Consumer,Technology,Accessories,1,5,279.9500,67.1880,0.2400
2016-09-01,2016,9,Central,Nebraska,Consumer,Furniture,Furnishings,1,14,1336.4400,387.5676,0.2900
2016-09-01,2016,9,Central,Nebraska,Consumer,Office Supplies,Appliances,1,2,378.0000,136.0800,0.3600
2016-09-01,2016,9,Central,Nebraska,Consumer,Office Supplies,Labels,1,5,14.4000,7.0560,0.4900
2016-09-01,2016,9,Central,Nebraska,Consumer,Office Supplies,Paper,1,6,35.2500,17.0964,0.4850
2016-09-01,2016,9,Central,Nebraska,Consumer,Office Supplies,Storage,1,9,413.8200,101.1390,0.2444
2016-09-01,2016,9,Central,Nebraska,Consumer,Office Supplies,Supplies,1,2,16.9000,5.0700,0.3000
2016-09-01,2016,9,Central,Nebraska,Consumer,Technology,Phones,1,8,179.9200,42.2857,0.2350
2016-09-01,2016,9,Central,Oklahoma,Consumer,Office Supplies,Binders,1,1,6.3800,2.9348,0.4600
2016-09-01,2016,9,Central,Oklahoma,Consumer,Office Supplies,Paper,1,1,6.4800,3.1104,0.4800
2016-09-01,2016,9,Central,Texas,Consumer,Furniture,Bookcases,1,4,2396.2656,-317.1528,-0.1324
2016-09-01,2016,9,Central,Texas,Consumer,Furniture,Tables,1,5,300.9300,-34.3920,-0.1143
2016-09-01,2016,9,Central,Texas,Consumer,Office Supplies,Art,1,4,66.2880,8.0442,0.1214
2016-09-01,2016,9,Central,Texas,Consumer,Office Supplies,Binders,1,2,15.6240,-24.9984,-1.6000
2016-09-01,2016,9,Central,Texas,Consumer,Office Supplies,Envelopes,1,2,99.5680,33.6042,0.3375
2016-09-01,2016,9,Central,Texas,Consumer,Office Supplies,Storage,3,11,271.3280,-45.9030,-0.1692
2016-09-01,2016,9,Central,Texas,Consumer,Technology,Accessories,1,2,57.5840,0.7198,0.0125
2016-09-01,2016,9,Central,Texas,Consumer,Technology,Phones,1,5,719.9600,53.9970,0.0750
2016-09-01,2016,9,Central,Texas,Corporate,Furniture,Bookcases,1,7,956.6648,-225.0976,-0.2353
2016-09-01,2016,9,Central,Texas,Corporate,Furniture,Chairs,2,12,802.7670,-161.3325,-0.2010
2016-09-01,2016,9,Central,Texas,Corporate,Furniture,Furnishings,1,3,21.2040,-11.6622,-0.5500
2016-09-01,2016,9,Central,Texas,Corporate,Office Supplies,Appliances,1,2,93.0320,-251.1864,-2.7000
2016-09-01,2016,9,Central,Texas,Corporate,Office Supplies,Art,1,2,70.3680,6.1572,0.0875
2016-09-01,2016,9,Central,Texas,Corporate,Office Supplies,Binders,1,2,6.8160,-11.5872,-1.7000
2016-09-01,2016,9,Central,Texas,Corporate,Office Supplies,Fasteners,1,8,15.8080,5.3352,0.3375
2016-09-01,2016,9,Central,Texas,Corporate,Office Supplies,Labels,1,4,15.9360,5.1792,0.3250
2016-09-01,2016,9,Central,Texas,Corporate,Office Supplies,Paper,2,11,78.2080,28.0264,0.3584
2016-09-01,2016,9,Central,Texas,Corporate,Technology,Phones,2,7,389.5440,58.8137,0.1510
2016-09-01,2016,9,Central,Texas,Home Office,Furniture,Furnishings,1,4,15.0080,-12.0064,-0.8000
2016-09-01,2016,9,Central,Texas,Home Office,Office Supplies,Appliances,1,3,62.7900,-166.3935,-2.6500
2016-09-01,2016,9,Central,Texas,Home Office,Office Supplies,Binders,1,8,8.6080,-13.3424,-1.5500
2016-09-01,2016,9,Central,Texas,Home Office,Office Supplies,Fasteners,1,9,28.4400,4.2660,0.1500
2016-09-01,2016,9,Central,Texas,Home Office,Technology,Accessories,1,5,159.5600,33.9065,0.2125
2016-09-01,2016,9,Central,Wisconsin,Consumer,Office Supplies,Binders,1,2,8.2600,3.8822,0.4700
2016-09-01,2016,9,Central,Wisconsin,Consumer,Office Supplies,Fasteners,1,1,1.8100,0.6516,0.3600
2016-09-01,2016,9,Central,Wisconsin,Consumer,Office Supplies,Storage,1,5,54.5000,14.1700,0.2600
2016-09-01,2016,9,Central,Wisconsin,Corporate,Furniture,Chairs,1,2,201.9600,50.4900,0.2500
2016-09-01,2016,9,Central,Wisconsin,Corporate,Furniture,Furnishings,2,13,87.6000,24.7440,0.2825
2016-09-01,2016,9,Central,Wisconsin,Corporate,Office Supplies,Art,1,1,3.0400,1.0336,0.3400
2016-09-01,2016,9,Central,Wisconsin,Corporate,Technology,Accessories,1,5,499.9500,174.9825,0.3500
2016-09-01,2016,9,East,Connecticut,Corporate,Office Supplies,Paper,1,7,48.1600,22.1536,0.4600
2016-09-01,2016,9,East,Maine,Corporate,Furniture,Furnishings,1,2,109.4800,33.9388,0.3100
2016-09-01,2016,9,East,Maine,Corporate,Technology,Phones,1,3,437.8500,131.3550,0.3000
2016-09-01,2016,9,East,Maryland,Consumer,Furniture,Bookcases,1,3,344.9400,31.0446,0.0900
2016-09-01,2016,9,East,Maryland,Consumer,Furniture,Furnishings,1,2,14.7600,4.2804,0.2900
2016-09-01,2016,9,East,Maryland,Consumer,Office Supplies,Binders,1,2,12.7600,5.8696,0.4600
2016-09-01,2016,9,East,Maryland,Consumer,Office Supplies,Labels,1,8,58.4800,27.4856,0.4700
2016-09-01,2016,9,East,Massachusetts,Consumer,Furniture,Furnishings,1,6,206.6400,67.6068,0.3272
2016-09-01,2016,9,East,Massachusetts,Home Office,Furniture,Bookcases,1,3,173.9400,13.9152,0.0800
2016-09-01,2016,9,East,Massachusetts,Home Office,Office Supplies,Labels,1,4,14.7600,6.9372,0.4700
2016-09-01,2016,9,East,New Jersey,Home Office,Office Supplies,Binders,1,6,25.4400,12.7200,0.5000
2016-09-01,2016,9,East,New Jersey,Home Office,Office Supplies,Supplies,1,3,27.9300,8.0997,0.2900
2016-09-01,2016,9,East,New York,Consumer,Furniture,Bookcases,2,8,1246.2720,64.0980,0.0514
2016-09-01,2016,9,East,New York,Consumer,Furniture,Chairs,1,2,631.7820,140.3960,0.2222
2016-09-01,2016,9,East,New York,Consumer,Furniture,Furnishings,4,9,356.4600,122.4236,0.3434
2016-09-01,2016,9,East,New York,Consumer,Office Supplies,Appliances,1,5,393.2500,129.7725,0.3300
2016-09-01,2016,9,East,New York,Consumer,Office Supplies,Art,1,2,75.4800,19.6248,0.2600
2016-09-01,2016,9,East,New York,Consumer,Office Supplies,Binders,5,15,985.8080,358.6905,0.3639
2016-09-01,2016,9,East,New York,Consumer,Office Supplies,Paper,1,4,192.1600,92.2368,0.4800
2016-09-01,2016,9,East,New York,Consumer,Office Supplies,Supplies,2,7,33.6700,9.8738,0.2933
2016-09-01,2016,9,East,New York,Consumer,Technology,Accessories,2,10,573.2400,247.9086,0.4325
2016-09-01,2016,9,East,New York,Consumer,Technology,Phones,1,3,437.8500,131.3550,0.3000
2016-09-01,2016,9,East,New York,Corporate,Furniture,Furnishings,1,2,40.4800,14.5728,0.3600
2016-09-01,2016,9,East,New York,Corporate,Office Supplies,Binders,1,2,841.5680,294.5488,0.3500
2016-09-01,2016,9,East,New York,Corporate,Technology,Phones,1,4,43.6000,12.2080,0.2800
2016-09-01,2016,9,East,New York,Home Office,Office Supplies,Appliances,1,1,207.4800,62.2440,0.3000
2016-09-01,2016,9,East,New York,Home Office,Office Supplies,Binders,2,12,4368.7440,1420.1812,0.3251
2016-09-01,2016,9,East,New York,Home Office,Office Supplies,Paper,2,7,80.3700,37.7070,0.4692
2016-09-01,2016,9,East,New York,Home Office,Office Supplies,Storage,2,8,187.8200,46.1406,0.2457
2016-09-01,2016,9,East,New York,Home Office,Technology,Accessories,1,1,6.7900,2.3086,0.3400
2016-09-01,2016,9,East,Ohio,Consumer,Furniture,Chairs,3,6,339.9900,-21.6334,-0.0636
2016-09-01,2016,9,East,Ohio,Consumer,Furniture,Furnishings,1,3,5.3520,1.6056,0.3000
2016-09-01,2016,9,East,Ohio,Consumer,Office Supplies,Appliances,1,1,286.2560,17.8910,0.0625
2016-09-01,2016,9,East,Ohio,Consumer,Office Supplies,Art,1,1,2.6720,0.3674,0.1375
2016-09-01,2016,9,East,Ohio,Consumer,Office Supplies,Binders,1,8,17.8080,-13.9544,-0.7836
2016-09-01,2016,9,East,Ohio,Consumer,Office Supplies,Storage,2,10,651.1600,-150.5013,-0.2311
2016-09-01,2016,9,East,Ohio,Corporate,Furniture,Furnishings,1,6,532.7040,-26.6352,-0.0500
2016-09-01,2016,9,East,Ohio,Corporate,Office Supplies,Art,1,2,4.9120,0.3070,0.0625
2016-09-01,2016,9,East,Ohio,Corporate,Office Supplies,Binders,1,3,2.9070,-2.0349,-0.7000
2016-09-01,2016,9,East,Ohio,Corporate,Office Supplies,Paper,1,6,30.9600,11.2230,0.3625
2016-09-01,2016,9,East,Ohio,Home Office,Furniture,Furnishings,1,4,28.0000,7.7000,0.2750
2016-09-01,2016,9,East,Ohio,Home Office,Office Supplies,Binders,2,10,34.6290,-27.7032,-0.8000
2016-09-01,2016,9,East,Ohio,Home Office,Office Supplies,Envelopes,1,2,63.9680,19.9900,0.3125
2016-09-01,2016,9,East,Ohio,Home Office,Office Supplies,Paper,1,3,11.9520,4.0338,0.3375
2016-09-01,2016,9,East,Ohio,Home Office,Office Supplies,Storage,1,5,37.5200,3.7520,0.1000
2016-09-01,2016,9,East,Pennsylvania,Consumer,Furniture,Chairs,1,5,958.5170,-82.7147,-0.0863
2016-09-01,2016,9,East,Pennsylvania,Consumer,Furniture,Furnishings,1,9,58.2480,11.6496,0.2000
2016-09-01,2016,9,East,Pennsylvania,Consumer,Office Supplies,Art,2,6,15.7440,1.4760,0.0938
2016-09-01,2016,9,East,Pennsylvania,Consumer,Office Supplies,Binders,1,5,9.5550,-7.3255,-0.7667
2016-09-01,2016,9,East,Pennsylvania,Consumer,Office Supplies,Paper,1,1,5.3440,1.8704,0.3500
2016-09-01,2016,9,East,Pennsylvania,Corporate,Furniture,Furnishings,1,2,82.8000,10.3500,0.1250
2016-09-01,2016,9,East,Pennsylvania,Corporate,Office Supplies,Fasteners,1,7,16.6880,5.4236,0.3250
2016-09-01,2016,9,East,Pennsylvania,Corporate,Office Supplies,Labels,1,4,15.9360,5.1792,0.3250
2016-09-01,2016,9,East,Pennsylvania,Corporate,Office Supplies,Paper,2,8,38.9280,12.5460,0.3223
2016-09-01,2016,9,East,Pennsylvania,Corporate,Technology,Phones,2,11,752.9340,-162.7359,-0.2161
2016-09-01,2016,9,East,Pennsylvania,Home Office,Furniture,Furnishings,1,3,25.6320,3.8448,0.1500
2016-09-01,2016,9,East,Pennsylvania,Home Office,Office Supplies,Binders,1,5,1141.4700,-760.9800,-0.6667
2016-09-01,2016,9,East,Pennsylvania,Home Office,Office Supplies,Labels,1,5,16.5200,5.3690,0.3250
2016-09-01,2016,9,East,Pennsylvania,Home Office,Technology,Phones,1,3,280.7820,-46.7970,-0.1667
2016-09-01,2016,9,East,Rhode Island,Consumer,Office Supplies,Storage,1,2,69.5200,17.3800,0.2500
2016-09-01,2016,9,East,Rhode Island,Home Office,Furniture,Chairs,1,4,872.3200,244.2496,0.2800
2016-09-01,2016,9,East,Rhode Island,Home Office,Office Supplies,Binders,1,3,49.5300,23.7744,0.4800
2016-09-01,2016,9,East,Rhode Island,Home Office,Office Supplies,Paper,1,3,17.0400,7.6680,0.4500
2016-09-01,2016,9,East,Rhode Island,Home Office,Office Supplies,Storage,1,9,1606.2300,481.8690,0.3000
2016-09-01,2016,9,South,Alabama,Consumer,Furniture,Chairs,1,1,350.9800,84.2352,0.2400
2016-09-01,2016,9,South,Alabama,Consumer,Office Supplies,Art,1,9,25.9200,7.7760,0.3000
2016-09-01,2016,9,South,Alabama,Consumer,Office Supplies,Binders,1,3,62.9400,30.2112,0.4800
2016-09-01,2016,9,South,Alabama,Consumer,Office Supplies,Paper,1,2,13.0800,6.0168,0.4600
2016-09-01,2016,9,South,Alabama,Consumer,Office Supplies,Storage,1,4,900.0800,117.0104,0.1300
2016-09-01,2016,9,South,Alabama,Consumer,Technology,Accessories,1,3,209.9700,71.3898,0.3400
2016-09-01,2016,9,South,Arkansas,Consumer,Office Supplies,Paper,1,5,239.5000,114.9600,0.4800
2016-09-01,2016,9,South,Florida,Consumer,Office Supplies,Binders,1,9,7.5060,-6.0048,-0.8000
2016-09-01,2016,9,South,Florida,Consumer,Office Supplies,Labels,2,3,19.5600,6.8460,0.3500
2016-09-01,2016,9,South,Florida,Corporate,Furniture,Tables,1,4,383.4380,-167.3184,-0.4364
2016-09-01,2016,9,South,Florida,Corporate,Technology,Phones,1,7,519.6800,58.4640,0.1125
2016-09-01,2016,9,South,Florida,Home Office,Technology,Accessories,1,3,431.9760,-75.5958,-0.1750
2016-09-01,2016,9,South,Georgia,Consumer,Furniture,Chairs,1,3,368.9700,81.1734,0.2200
2016-09-01,2016,9,South,Georgia,Consumer,Office Supplies,Art,1,3,13.8900,4.5837,0.3300
2016-09-01,2016,9,South,Georgia,Consumer,Office Supplies,Paper,1,3,17.9400,8.7906,0.4900
2016-09-01,2016,9,South,Georgia,Consumer,Office Supplies,Storage,1,5,118.2500,34.2925,0.2900
2016-09-01,2016,9,South,Georgia,Consumer,Office Supplies,Supplies,1,2,5.0400,0.1512,0.0300
2016-09-01,2016,9,South,Georgia,Consumer,Technology,Accessories,1,5,249.9500,107.4785,0.4300
2016-09-01,2016,9,South,Georgia,Consumer,Technology,Machines,1,4,396.0000,190.0800,0.4800
2016-09-01,2016,9,South,Georgia,Home Office,Furniture,Chairs,1,2,121.7800,30.4450,0.2500
2016-09-01,2016,9,South,Kentucky,Consumer,Furniture,Furnishings,1,3,42.6000,16.6140,0.3900
2016-09-01,2016,9,South,Kentucky,Consumer,Office Supplies,Art,1,3,5.2800,2.5344,0.4800
2016-09-01,2016,9,South,Kentucky,Consumer,Office Supplies,Binders,1,6,113.9400,54.6912,0.4800
2016-09-01,2016,9,South,Kentucky,Consumer,Office Supplies,Storage,1,4,129.9200,5.1968,0.0400
2016-09-01,2016,9,South,Kentucky,Home Office,Furniture,Furnishings,1,2,13.2800,6.3744,0.4800
2016-09-01,2016,9,South,Louisiana,Corporate,Office Supplies,Binders,1,8,87.2800,41.0216,0.4700
2016-09-01,2016,9,South,North Carolina,Consumer,Furniture,Tables,1,3,472.5180,-149.6307,-0.3167
2016-09-01,2016,9,South,North Carolina,Consumer,Office Supplies,Appliances,1,9,309.4560,34.8138,0.1125
2016-09-01,2016,9,South,North Carolina,Consumer,Office Supplies,Art,1,4,19.4560,3.4048,0.1750
2016-09-01,2016,9,South,North Carolina,Consumer,Office Supplies,Binders,2,14,43.3350,-32.6495,-0.7534
2016-09-01,2016,9,South,North Carolina,Consumer,Office Supplies,Envelopes,1,3,95.9520,29.9850,0.3125
2016-09-01,2016,9,South,North Carolina,Consumer,Office Supplies,Paper,1,3,64.7040,23.4552,0.3625
2016-09-01,2016,9,South,North Carolina,Consumer,Technology,Accessories,2,7,1047.8480,312.1564,0.2979
2016-09-01,2016,9,South,North Carolina,Corporate,Furniture,Chairs,1,1,98.3920,-11.0691,-0.1125
2016-09-01,2016,9,South,North Carolina,Corporate,Furniture,Furnishings,1,2,17.0880,1.0680,0.0625
2016-09-01,2016,9,South,South Carolina,Home Office,Office Supplies,Paper,1,4,25.9200,12.4416,0.4800
2016-09-01,2016,9,South,Tennessee,Consumer,Office Supplies,Appliances,1,2,87.1680,8.7168,0.1000
2016-09-01,2016,9,South,Tennessee,Consumer,Office Supplies,Art,1,2,31.7440,8.3328,0.2625
2016-09-01,2016,9,South,Tennessee,Consumer,Office Supplies,Binders,1,7,86.0580,-63.1092,-0.7333
2016-09-01,2016,9,South,Tennessee,Consumer,Office Supplies,Envelopes,1,3,23.4720,7.6284,0.3250
2016-09-01,2016,9,South,Tennessee,Consumer,Office Supplies,Paper,2,6,22.4640,7.3248,0.3261
2016-09-01,2016,9,South,Tennessee,Consumer,Technology,Phones,1,2,108.7840,6.7990,0.0625
2016-09-01,2016,9,South,Tennessee,Corporate,Office Supplies,Art,1,3,40.7760,4.5873,0.1125
2016-09-01,2016,9,South,Tennessee,Corporate,Technology,Phones,1,8,63.9360,5.5944,0.0875
2016-09-01,2016,9,South,Tennessee,Home Office,Office Supplies,Art,1,3,67.5600,8.4450,0.1250
2016-09-01,2016,9,South,Virginia,Consumer,Furniture,Tables,1,3,1652.9400,314.0586,0.1900
2016-09-01,2016,9,South,Virginia,Consumer,Office Supplies,Envelopes,1,1,11.0900,5.4341,0.4900
2016-09-01,2016,9,South,Virginia,Consumer,Office Supplies,Labels,1,2,25.0600,11.7782,0.4700
2016-09-01,2016,9,South,Virginia,Consumer,Technology,Copiers,1,8,1599.9200,751.9624,0.4700
2016-09-01,2016,9,South,Virginia,Corporate,Furniture,Chairs,1,4,1059.1200,307.1448,0.2900
2016-09-01,2016,9,South,Virginia,Corporate,Office Supplies,Fasteners,1,3,11.3400,5.2164,0.4600
2016-09-01,2016,9,South,Virginia,Corporate,Office Supplies,Storage,1,5,67.9000,0.6790,0.0100
2016-09-01,2016,9,South,Virginia,Corporate,Technology,Accessories,1,3,20.7000,1.6560,0.0800
2016-09-01,2016,9,West,Arizona,Consumer,Furniture,Tables,1,3,393.1650,-204.4458,-0.5200
2016-09-01,2016,9,West,Arizona,Corporate,Office Supplies,Art,2,6,13.4080,2.0908,0.1559
2016-09-01,2016,9,West,Arizona,Corporate,Office Supplies,Paper,1,6,30.3040,10.2476,0.3382
2016-09-01,2016,9,West,California,Consumer,Furniture,Chairs,1,4,483.1360,60.3920,0.1250
2016-09-01,2016,9,West,California,Consumer,Furniture,Furnishings,2,12,118.9500,39.9816,0.3361
2016-09-01,2016,9,West,California,Consumer,Furniture,Tables,2,4,714.7680,15.6579,0.0219
2016-09-01,2016,9,West,California,Consumer,Office Supplies,Art,5,20,91.2900,31.0308,0.3399
2016-09-01,2016,9,West,California,Consumer,Office Supplies,Binders,6,16,418.2480,137.6324,0.3291
2016-09-01,2016,9,West,California,Consumer,Office Supplies,Fasteners,1,2,4.3600,1.7876,0.4100
2016-09-01,2016,9,West,California,Consumer,Office Supplies,Labels,2,6,42.4100,20.6926,0.4879
2016-09-01,2016,9,West,California,Consumer,Office Supplies,Paper,7,29,357.5800,166.3315,0.4652
2016-09-01,2016,9,West,California,Consumer,Office Supplies,Storage,4,11,669.8000,86.9321,0.1298
2016-09-01,2016,9,West,California,Consumer,Technology,Accessories,2,14,3383.6100,651.2211,0.1925
2016-09-01,2016,9,West,California,Consumer,Technology,Copiers,2,8,3279.9360,1106.9784,0.3375
2016-09-01,2016,9,West,California,Consumer,Technology,Phones,3,14,1375.8880,96.6700,0.0703
2016-09-01,2016,9,West,California,Corporate,Furniture,Bookcases,3,9,1176.2895,91.4136,0.0777
2016-09-01,2016,9,West,California,Corporate,Furniture,Chairs,2,16,2250.3360,6.8001,0.0030
2016-09-01,2016,9,West,California,Corporate,Furniture,Furnishings,1,5,63.2000,23.3840,0.3700
2016-09-01,2016,9,West,California,Corporate,Office Supplies,Appliances,1,4,17.4800,4.5448,0.2600
2016-09-01,2016,9,West,California,Corporate,Office Supplies,Art,2,7,31.8600,9.8082,0.3079
2016-09-01,2016,9,West,California,Corporate,Office Supplies,Binders,2,6,329.5520,107.3276,0.3257
2016-09-01,2016,9,West,California,Corporate,Office Supplies,Envelopes,3,9,330.8600,156.1606,0.4720
2016-09-01,2016,9,West,California,Corporate,Office Supplies,Labels,1,3,18.9000,8.6940,0.4600
2016-09-01,2016,9,West,California,Corporate,Office Supplies,Paper,5,28,573.3600,279.1953,0.4869
2016-09-01,2016,9,West,California,Corporate,Office Supplies,Storage,1,2,41.9600,2.9372,0.0700
2016-09-01,2016,9,West,California,Corporate,Technology,Accessories,1,8,116.0000,29.0000,0.2500
2016-09-01,2016,9,West,California,Corporate,Technology,Phones,1,2,73.5840,8.2782,0.1125
2016-09-01,2016,9,West,California,Home Office,Office Supplies,Binders,2,9,112.1120,39.2392,0.3500
2016-09-01,2016,9,West,California,Home Office,Office Supplies,Envelopes,1,1,12.7800,5.7510,0.4500
2016-09-01,2016,9,West,California,Home Office,Office Supplies,Paper,1,2,12.9600,6.3504,0.4900
2016-09-01,2016,9,West,California,Home Office,Office Supplies,Storage,1,3,46.5300,12.0978,0.2600
2016-09-01,2016,9,West,California,Home Office,Office Supplies,Supplies,1,3,6.2400,1.8720,0.3000
2016-09-01,2016,9,West,Colorado,Corporate,Furniture,Chairs,1,2,466.7680,52.5114,0.1125
2016-09-01,2016,9,West,Colorado,Corporate,Furniture,Furnishings,2,12,98.8000,13.8624,0.1403
2016-09-01,2016,9,West,Colorado,Corporate,Office Supplies,Labels,1,3,6.2640,2.0358,0.3250
2016-09-01,2016,9,West,Colorado,Home Office,Furniture,Chairs,1,4,83.1360,5.1960,0.0625
2016-09-01,2016,9,West,Colorado,Home Office,Furniture,Furnishings,1,2,21.4400,7.5040,0.3500
2016-09-01,2016,9,West,Colorado,Home Office,Office Supplies,Storage,1,9,511.0560,-95.8230,-0.1875
2016-09-01,2016,9,West,Colorado,Home Office,Technology,Phones,1,3,146.9520,9.1845,0.0625
2016-09-01,2016,9,West,Idaho,Corporate,Furniture,Tables,1,3,1128.3900,259.5297,0.2300
2016-09-01,2016,9,West,Idaho,Corporate,Office Supplies,Binders,1,4,20.4160,6.6352,0.3250
2016-09-01,2016,9,West,Oregon,Corporate,Office Supplies,Binders,1,1,5.0220,-3.5154,-0.7000
2016-09-01,2016,9,West,Oregon,Corporate,Office Supplies,Paper,1,9,60.0480,22.5180,0.3750
2016-09-01,2016,9,West,Oregon,Corporate,Technology,Phones,1,3,859.2000,75.1800,0.0875
2016-09-01,2016,9,West,Washington,Consumer,Furniture,Chairs,1,3,215.9760,-2.6997,-0.0125
2016-09-01,2016,9,West,Washington,Consumer,Furniture,Furnishings,1,1,43.1300,14.6642,0.3400
2016-09-01,2016,9,West,Washington,Consumer,Office Supplies,Art,1,5,35.4000,13.4520,0.3800
2016-09-01,2016,9,West,Washington,Consumer,Office Supplies,Binders,3,17,123.2480,41.9032,0.3400
2016-09-01,2016,9,West,Washington,Consumer,Office Supplies,Envelopes,1,3,65.9400,30.9918,0.4700
2016-09-01,2016,9,West,Washington,Consumer,Office Supplies,Fasteners,1,3,10.4700,4.8162,0.4600
2016-09-01,2016,9,West,Washington,Consumer,Office Supplies,Labels,2,5,18.4500,8.6715,0.4700
2016-09-01,2016,9,West,Washington,Consumer,Office Supplies,Paper,3,14,134.2500,64.4284,0.4799
2016-09-01,2016,9,West,Washington,Consumer,Technology,Copiers,1,2,999.9800,449.9910,0.4500
2016-09-01,2016,9,West,Washington,Consumer,Technology,Phones,1,2,1001.5840,125.1980,0.1250
2016-09-01,2016,9,West,Washington,Corporate,Furniture,Chairs,1,3,184.7520,-20.7846,-0.1125
2016-09-01,2016,9,West,Washington,Corporate,Office Supplies,Binders,1,4,13.2160,4.4604,0.3375
2016-09-01,2016,9,West,Washington,Corporate,Office Supplies,Supplies,1,2,13.6800,3.6936,0.2700
2016-09-01,2016,9,West,Washington,Home Office,Furniture,Bookcases,1,2,163.8800,40.9700,0.2500
2016-09-01,2016,9,West,Washington,Home Office,Furniture,Chairs,1,2,113.8880,9.9652,0.0875
2016-09-01,2016,9,West,Washington,Home Office,Office Supplies,Appliances,1,6,236.8800,66.3264,0.2800
2016-09-01,2016,9,West,Washington,Home Office,Office Supplies,Labels,1,4,12.3200,5.9136,0.4800
2016-09-01,2016,9,West,Washington,Home Office,Office Supplies,Paper,1,5,29.9000,14.6510,0.4900
2016-09-01,2016,9,West,Washington,Home Office,Technology,Accessories,1,4,100.0000,21.0000,0.2100
2016-09-01,2016,9,West,Washington,Home Office,Technology,Phones,1,2,105.5840,7.9188,0.0750
2016-10-01,2016,10,Central,Illinois,Consumer,Office Supplies,Art,1,5,33.0640,4.1330,0.1250
2016-10-01,2016,10,Central,Illinois,Corporate,Furniture,Furnishings,1,7,16.1560,-12.1170,-0.7500
2016-10-01,2016,10,Central,Illinois,Corporate,Office Supplies,Paper,1,3,54.8160,17.8152,0.3250
2016-10-01,2016,10,Central,Indiana,Consumer,Furniture,Furnishings,1,5,41.8500,10.8810,0.2600
2016-10-01,2016,10,Central,Indiana,Consumer,Technology,Phones,1,2,69.9000,18.8730,0.2700
2016-10-01,2016,10,Central,Indiana,Corporate,Office Supplies,Art,1,2,33.9600,9.5088,0.2800
2016-10-01,2016,10,Central,Indiana,Corporate,Office Supplies,Binders,1,9,770.3500,348.0323,0.4518
2016-10-01,2016,10,Central,Indiana,Corporate,Office Supplies,Storage,1,2,32.4800,4.8720,0.1500
2016-10-01,2016,10,Central,Indiana,Corporate,Technology,Copiers,1,5,17499.9500,8399.9760,0.4800
2016-10-01,2016,10,Central,Michigan,Consumer,Furniture,Furnishings,1,5,67.0000,32.1600,0.4800
2016-10-01,2016,10,Central,Michigan,Consumer,Office Supplies,Art,1,2,11.6800,3.5040,0.3000
2016-10-01,2016,10,Central,Michigan,Consumer,Office Supplies,Storage,1,7,20.8600,1.4602,0.0700
2016-10-01,2016,10,Central,Michigan,Consumer,Technology,Phones,1,8,317.6800,87.0306,0.2740
2016-10-01,2016,10,Central,Michigan,Home Office,Furniture,Furnishings,1,5,31.4000,10.0480,0.3200
2016-10-01,2016,10,Central,Missouri,Home Office,Office Supplies,Appliances,1,7,1927.5900,751.7601,0.3900
2016-10-01,2016,10,Central,Missouri,Home Office,Technology,Phones,1,3,449.9700,220.4853,0.4900
2016-10-01,2016,10,Central,Oklahoma,Consumer,Office Supplies,Binders,1,5,28.8500,14.4250,0.5000
2016-10-01,2016,10,Central,Oklahoma,Corporate,Furniture,Chairs,1,3,368.9700,81.1734,0.2200
2016-10-01,2016,10,Central,Oklahoma,Corporate,Office Supplies,Art,1,3,12.3900,3.4692,0.2800
2016-10-01,2016,10,Central,Oklahoma,Corporate,Office Supplies,Storage,1,3,332.9400,9.9882,0.0300
2016-10-01,2016,10,Central,Oklahoma,Corporate,Office Supplies,Supplies,1,2,21.9600,6.1488,0.2800
2016-10-01,2016,10,Central,Oklahoma,Home Office,Office Supplies,Appliances,1,3,868.5900,251.8911,0.2900
2016-10-01,2016,10,Central,Oklahoma,Home Office,Office Supplies,Binders,1,4,121.6000,55.9360,0.4600
2016-10-01,2016,10,Central,Oklahoma,Home Office,Office Supplies,Labels,1,13,49.6200,24.3138,0.4900
2016-10-01,2016,10,Central,Oklahoma,Home Office,Office Supplies,Paper,1,2,12.9600,6.2208,0.4800
2016-10-01,2016,10,Central,Oklahoma,Home Office,Technology,Phones,1,1,5.5000,1.3750,0.2500
2016-10-01,2016,10,Central,Texas,Consumer,Furniture,Chairs,1,1,56.6860,-14.5764,-0.2571
2016-10-01,2016,10,Central,Texas,Consumer,Furniture,Furnishings,2,9,153.9200,-156.7140,-1.0182
2016-10-01,2016,10,Central,Texas,Consumer,Office Supplies,Art,1,1,15.8720,1.1904,0.0750
2016-10-01,2016,10,Central,Texas,Consumer,Office Supplies,Binders,2,9,22.6780,-37.2277,-1.6416
2016-10-01,2016,10,Central,Texas,Consumer,Office Supplies,Envelopes,2,9,75.4000,24.5050,0.3250
2016-10-01,2016,10,Central,Texas,Consumer,Office Supplies,Fasteners,1,4,25.2480,7.8900,0.3125
2016-10-01,2016,10,Central,Texas,Consumer,Office Supplies,Paper,3,10,87.6560,28.5157,0.3253
2016-10-01,2016,10,Central,Texas,Consumer,Technology,Accessories,3,12,377.5680,35.5869,0.0943
2016-10-01,2016,10,Central,Texas,Corporate,Furniture,Furnishings,2,13,89.7920,-61.8320,-0.6886
2016-10-01,2016,10,Central,Texas,Corporate,Office Supplies,Paper,1,3,15.5520,5.4432,0.3500
2016-10-01,2016,10,Central,Texas,Home Office,Office Supplies,Labels,1,6,60.1440,20.2986,0.3375
2016-10-01,2016,10,Central,Wisconsin,Consumer,Technology,Accessories,1,5,1649.7500,544.4175,0.3300
2016-10-01,2016,10,East,Connecticut,Corporate,Furniture,Bookcases,1,4,1043.9200,271.4192,0.2600
2016-10-01,2016,10,East,Connecticut,Corporate,Office Supplies,Binders,1,4,23.2000,10.4400,0.4500
2016-10-01,2016,10,East,Connecticut,Corporate,Office Supplies,Storage,1,7,104.7900,29.3412,0.2800
2016-10-01,2016,10,East,Connecticut,Corporate,Office Supplies,Supplies,1,2,7.3600,0.1472,0.0200
2016-10-01,2016,10,East,Delaware,Corporate,Office Supplies,Binders,1,4,7.9200,3.5640,0.4500
2016-10-01,2016,10,East,Maryland,Consumer,Furniture,Tables,1,2,239.3720,-23.9372,-0.1000
2016-10-01,2016,10,East,Maryland,Consumer,Technology,Accessories,1,6,98.1600,9.8160,0.1000
2016-10-01,2016,10,East,New Jersey,Consumer,Furniture,Bookcases,1,1,120.9800,12.0980,0.1000
2016-10-01,2016,10,East,New Jersey,Consumer,Office Supplies,Binders,1,1,315.9800,148.5106,0.4700
2016-10-01,2016,10,East,New Jersey,Corporate,Furniture,Furnishings,1,4,77.6000,38.0240,0.4900
2016-10-01,2016,10,East,New Jersey,Corporate,Office Supplies,Appliances,1,3,11.6700,3.0342,0.2600
2016-10-01,2016,10,East,New Jersey,Corporate,Office Supplies,Binders,1,1,14.2800,6.5688,0.4600
2016-10-01,2016,10,East,New Jersey,Corporate,Office Supplies,Paper,1,8,89.3100,42.8688,0.4800
2016-10-01,2016,10,East,New Jersey,Corporate,Office Supplies,Storage,2,11,1123.2200,11.2322,0.0100
2016-10-01,2016,10,East,New York,Consumer,Furniture,Chairs,2,20,1026.9360,174.0004,0.1694
2016-10-01,2016,10,East,New York,Consumer,Furniture,Furnishings,1,3,40.2000,19.2960,0.4800
2016-10-01,2016,10,East,New York,Consumer,Furniture,Tables,1,1,330.5880,-115.7058,-0.3500
2016-10-01,2016,10,East,New York,Consumer,Office Supplies,Art,1,3,12.4200,5.2164,0.4200
2016-10-01,2016,10,East,New York,Consumer,Office Supplies,Binders,1,2,9.7280,3.2832,0.3375
2016-10-01,2016,10,East,New York,Consumer,Office Supplies,Fasteners,1,7,40.6700,12.6077,0.3100
2016-10-01,2016,10,East,New York,Consumer,Office Supplies,Storage,1,2,33.4800,1.3392,0.0400
2016-10-01,2016,10,East,New York,Corporate,Furniture,Furnishings,2,8,839.0600,109.4066,0.1304
2016-10-01,2016,10,East,New York,Corporate,Furniture,Tables,1,1,142.1820,-37.9152,-0.2667
2016-10-01,2016,10,East,New York,Corporate,Office Supplies,Appliances,1,3,61.4400,16.5888,0.2700
2016-10-01,2016,10,East,New York,Corporate,Office Supplies,Art,2,10,149.6500,44.6780,0.2985
2016-10-01,2016,10,East,New York,Corporate,Office Supplies,Binders,1,3,28.7520,10.0632,0.3500
2016-10-01,2016,10,East,New York,Corporate,Office Supplies,Labels,1,5,24.9000,11.4540,0.4600
2016-10-01,2016,10,East,New York,Corporate,Office Supplies,Paper,2,4,149.9000,73.0716,0.4875
2016-10-01,2016,10,East,New York,Corporate,Office Supplies,Storage,1,3,99.8700,23.9688,0.2400
2016-10-01,2016,10,East,New York,Corporate,Technology,Phones,1,7,1091.9300,272.9825,0.2500
2016-10-01,2016,10,East,New York,Home Office,Office Supplies,Paper,1,10,379.4000,178.3180,0.4700
2016-10-01,2016,10,East,Ohio,Consumer,Office Supplies,Art,1,3,7.1520,0.7152,0.1000
2016-10-01,2016,10,East,Ohio,Consumer,Technology,Phones,1,8,235.1520,-47.0304,-0.2000
2016-10-01,2016,10,East,Ohio,Corporate,Furniture,Tables,1,2,661.1760,-231.4116,-0.3500
2016-10-01,2016,10,East,Ohio,Corporate,Technology,Phones,1,4,23.9760,-15.5844,-0.6500
2016-10-01,2016,10,East,Pennsylvania,Consumer,Furniture,Chairs,1,5,492.8350,-14.0810,-0.0286
2016-10-01,2016,10,East,Pennsylvania,Corporate,Furniture,Furnishings,1,4,332.8320,-24.9624,-0.0750
2016-10-01,2016,10,East,Pennsylvania,Corporate,Office Supplies,Paper,1,4,19.1360,5.9800,0.3125
2016-10-01,2016,10,East,Pennsylvania,Home Office,Office Supplies,Labels,1,2,4.9280,1.7248,0.3500
2016-10-01,2016,10,East,Rhode Island,Home Office,Office Supplies,Binders,1,1,30.4000,13.9840,0.4600
2016-10-01,2016,10,East,Rhode Island,Home Office,Office Supplies,Storage,1,3,119.1000,34.5390,0.2900
2016-10-01,2016,10,East,Rhode Island,Home Office,Technology,Copiers,1,9,5399.9100,2591.9568,0.4800
2016-10-01,2016,10,South,Florida,Consumer,Furniture,Furnishings,1,8,276.9680,55.0482,0.1988
2016-10-01,2016,10,South,Florida,Consumer,Office Supplies,Art,1,8,30.9760,5.0336,0.1625
2016-10-01,2016,10,South,Florida,Consumer,Office Supplies,Binders,3,14,81.0030,-61.1630,-0.7551
2016-10-01,2016,10,South,Florida,Consumer,Office Supplies,Paper,1,6,32.0640,11.2224,0.3500
2016-10-01,2016,10,South,Florida,Corporate,Furniture,Furnishings,1,3,11.5680,2.6028,0.2250
2016-10-01,2016,10,South,Florida,Corporate,Technology,Phones,2,8,836.6400,98.1510,0.1173
2016-10-01,2016,10,South,Florida,Home Office,Furniture,Furnishings,1,2,45.5680,9.6832,0.2125
2016-10-01,2016,10,South,Florida,Home Office,Office Supplies,Binders,1,8,28.7520,-21.0848,-0.7333
2016-10-01,2016,10,South,North Carolina,Consumer,Furniture,Chairs,1,1,102.5920,10.2592,0.1000
2016-10-01,2016,10,South,North Carolina,Consumer,Office Supplies,Envelopes,1,4,35.0080,13.1280,0.3750
2016-10-01,2016,10,South,North Carolina,Consumer,Office Supplies,Paper,1,4,132.1760,48.4032,0.3662
2016-10-01,2016,10,South,North Carolina,Consumer,Office Supplies,Storage,1,5,387.7200,-67.8510,-0.1750
2016-10-01,2016,10,South,North Carolina,Consumer,Office Supplies,Supplies,1,2,12.7680,1.4364,0.1125
2016-10-01,2016,10,South,North Carolina,Consumer,Technology,Accessories,1,1,22.7040,5.9598,0.2625
2016-10-01,2016,10,South,North Carolina,Corporate,Office Supplies,Binders,2,7,21.7110,-16.8228,-0.7749
2016-10-01,2016,10,South,North Carolina,Corporate,Office Supplies,Supplies,1,2,20.6080,-4.3792,-0.2125
2016-10-01,2016,10,South,Tennessee,Consumer,Office Supplies,Storage,1,9,111.6720,6.9795,0.0625
2016-10-01,2016,10,South,Tennessee,Home Office,Technology,Phones,1,3,239.9760,17.9982,0.0750
2016-10-01,2016,10,South,Virginia,Consumer,Furniture,Chairs,1,1,290.9800,75.6548,0.2600
2016-10-01,2016,10,South,Virginia,Consumer,Furniture,Furnishings,1,4,39.9200,11.1776,0.2800
2016-10-01,2016,10,South,Virginia,Corporate,Office Supplies,Appliances,1,3,43.2600,14.2758,0.3300
2016-10-01,2016,10,South,Virginia,Corporate,Office Supplies,Binders,1,7,232.9600,116.4800,0.5000
2016-10-01,2016,10,South,Virginia,Corporate,Office Supplies,Envelopes,1,6,66.5400,32.6046,0.4900
2016-10-01,2016,10,South,Virginia,Home Office,Furniture,Furnishings,1,5,61.1000,18.3300,0.3000
2016-10-01,2016,10,West,Arizona,Consumer,Furniture,Chairs,1,5,307.9200,-34.6410,-0.1125
2016-10-01,2016,10,West,Arizona,Consumer,Office Supplies,Binders,1,6,54.7920,-40.1808,-0.7333
2016-10-01,2016,10,West,Arizona,Home Office,Furniture,Furnishings,1,2,169.5680,0.0000,0.0000
2016-10-01,2016,10,West,Arizona,Home Office,Office Supplies,Art,1,1,1.4080,0.1584,0.1125
2016-10-01,2016,10,West,California,Consumer,Furniture,Chairs,2,7,436.9840,24.2848,0.0556
2016-10-01,2016,10,West,California,Consumer,Furniture,Furnishings,2,16,63.0800,26.2864,0.4167
2016-10-01,2016,10,West,California,Consumer,Office Supplies,Art,2,7,23.9100,9.1554,0.3829
2016-10-01,2016,10,West,California,Consumer,Office Supplies,Binders,3,6,115.1840,39.3392,0.3415
2016-10-01,2016,10,West,California,Consumer,Office Supplies,Fasteners,2,4,7.6400,3.1644,0.4142
2016-10-01,2016,10,West,California,Consumer,Office Supplies,Paper,4,11,150.9200,70.4576,0.4669
2016-10-01,2016,10,West,California,Consumer,Office Supplies,Storage,3,12,588.4200,31.0104,0.0527
2016-10-01,2016,10,West,California,Consumer,Office Supplies,Supplies,1,6,65.8800,18.4464,0.2800
2016-10-01,2016,10,West,California,Consumer,Technology,Accessories,1,1,199.9900,85.9957,0.4300
2016-10-01,2016,10,West,California,Consumer,Technology,Phones,1,3,302.3760,22.6782,0.0750
2016-10-01,2016,10,West,California,Corporate,Furniture,Chairs,2,9,1791.0560,75.0352,0.0419
2016-10-01,2016,10,West,California,Corporate,Office Supplies,Appliances,1,4,43.9200,11.8584,0.2700
2016-10-01,2016,10,West,California,Corporate,Office Supplies,Binders,3,9,93.8640,31.1901,0.3323
2016-10-01,2016,10,West,California,Corporate,Office Supplies,Paper,1,7,50.9600,25.4800,0.5000
2016-10-01,2016,10,West,California,Corporate,Office Supplies,Storage,1,7,1085.4200,282.2092,0.2600
2016-10-01,2016,10,West,California,Corporate,Technology,Accessories,1,6,459.9800,42.5988,0.0926
2016-10-01,2016,10,West,California,Home Office,Furniture,Bookcases,1,2,120.6660,21.2940,0.1765
2016-10-01,2016,10,West,California,Home Office,Furniture,Chairs,1,4,915.1360,102.9528,0.1125
2016-10-01,2016,10,West,California,Home Office,Office Supplies,Binders,2,9,85.2960,31.7590,0.3723
2016-10-01,2016,10,West,California,Home Office,Office Supplies,Labels,1,2,6.1600,2.9568,0.4800
2016-10-01,2016,10,West,California,Home Office,Office Supplies,Paper,1,4,106.3800,49.8274,0.4684
2016-10-01,2016,10,West,California,Home Office,Technology,Accessories,1,5,450.0000,162.0000,0.3600
2016-10-01,2016,10,West,Colorado,Corporate,Furniture,Bookcases,1,3,90.8820,-190.8522,-2.1000
2016-10-01,2016,10,West,Colorado,Corporate,Furniture,Chairs,1,1,120.7840,13.5882,0.1125
2016-10-01,2016,10,West,Colorado,Corporate,Furniture,Furnishings,1,3,24.9600,4.3680,0.1750
2016-10-01,2016,10,West,Colorado,Corporate,Furniture,Tables,1,5,727.4500,-465.5680,-0.6400
2016-10-01,2016,10,West,Colorado,Corporate,Technology,Phones,1,1,15.9920,-2.9985,-0.1875
2016-10-01,2016,10,West,Colorado,Home Office,Office Supplies,Binders,1,8,29.8800,-24.1016,-0.8066
2016-10-01,2016,10,West,Colorado,Home Office,Technology,Accessories,1,5,67.9600,0.8495,0.0125
2016-10-01,2016,10,West,Colorado,Home Office,Technology,Machines,1,6,703.7100,-938.2800,-1.3333
2016-10-01,2016,10,West,Nevada,Home Office,Office Supplies,Art,1,3,113.2200,29.4372,0.2600
2016-10-01,2016,10,West,Nevada,Home Office,Office Supplies,Binders,1,3,4535.9760,1644.2913,0.3625
2016-10-01,2016,10,West,Nevada,Home Office,Office Supplies,Paper,1,6,35.8800,17.5812,0.4900
2016-10-01,2016,10,West,Utah,Home Office,Office Supplies,Binders,1,5,41.7200,13.0375,0.3125
2016-10-01,2016,10,West,Utah,Home Office,Office Supplies,Paper,1,19,177.4000,82.8064,0.4668
2016-10-01,2016,10,West,Washington,Consumer,Furniture,Furnishings,1,3,101.9400,30.5820,0.3000
2016-10-01,2016,10,West,Washington,Consumer,Office Supplies,Art,1,3,8.3400,2.2518,0.2700
2016-10-01,2016,10,West,Washington,Consumer,Office Supplies,Fasteners,1,12,93.3600,0.9336,0.0100
2016-10-01,2016,10,West,Washington,Consumer,Office Supplies,Paper,1,1,6.6800,3.2064,0.4800
2016-10-01,2016,10,West,Washington,Corporate,Technology,Accessories,1,3,177.0000,30.0900,0.1700
2016-10-01,2016,10,West,Washington,Corporate,Technology,Machines,1,3,837.6000,62.8200,0.0750
2016-10-01,2016,10,West,Washington,Home Office,Office Supplies,Fasteners,1,5,17.0500,8.1840,0.4800
2016-11-01,2016,11,Central,Illinois,Consumer,Office Supplies,Art,1,6,14.1120,1.2348,0.0875
2016-11-01,2016,11,Central,Illinois,Consumer,Office Supplies,Paper,1,1,38.4320,13.4512,0.3500
2016-11-01,2016,11,Central,Illinois,Consumer,Office Supplies,Storage,1,2,21.5680,1.6176,0.0750
2016-11-01,2016,11,Central,Illinois,Consumer,Technology,Accessories,2,6,149.6880,19.9188,0.1331
2016-11-01,2016,11,Central,Illinois,Corporate,Furniture,Chairs,1,2,47.9920,-2.0568,-0.0429
2016-11-01,2016,11,Central,Illinois,Corporate,Furniture,Furnishings,1,6,22.7520,-8.5320,-0.3750
2016-11-01,2016,11,Central,Illinois,Corporate,Office Supplies,Storage,1,2,97.9840,-24.4960,-0.2500
2016-11-01,2016,11,Central,Illinois,Corporate,Technology,Accessories,2,10,158.3680,20.6996,0.1307
2016-11-01,2016,11,Central,Illinois,Home Office,Furniture,Furnishings,1,4,242.1760,-302.7200,-1.2500
2016-11-01,2016,11,Central,Illinois,Home Office,Office Supplies,Binders,1,2,3.1360,-4.7040,-1.5000
2016-11-01,2016,11,Central,Indiana,Corporate,Furniture,Tables,1,6,2678.9400,241.1046,0.0900
2016-11-01,2016,11,Central,Indiana,Corporate,Office Supplies,Appliances,2,5,92.6400,26.4888,0.2859
2016-11-01,2016,11,Central,Indiana,Corporate,Office Supplies,Art,1,7,20.5800,5.5566,0.2700
2016-11-01,2016,11,Central,Indiana,Corporate,Office Supplies,Binders,2,3,22.2900,10.9977,0.4934
2016-11-01,2016,11,Central,Indiana,Corporate,Office Supplies,Envelopes,1,8,287.5200,129.3840,0.4500
2016-11-01,2016,11,Central,Indiana,Corporate,Office Supplies,Paper,2,7,343.6100,164.0610,0.4775
2016-11-01,2016,11,Central,Indiana,Home Office,Office Supplies,Art,1,2,39.6800,16.2688,0.4100
2016-11-01,2016,11,Central,Indiana,Home Office,Office Supplies,Binders,1,5,104.9000,50.3520,0.4800
2016-11-01,2016,11,Central,Indiana,Home Office,Office Supplies,Labels,1,5,51.7500,24.8400,0.4800
2016-11-01,2016,11,Central,Iowa,Consumer,Office Supplies,Art,1,2,75.9600,22.7880,0.3000
2016-11-01,2016,11,Central,Iowa,Consumer,Office Supplies,Binders,1,6,27.2400,13.3476,0.4900
2016-11-01,2016,11,Central,Iowa,Corporate,Office Supplies,Paper,1,7,40.4600,19.8254,0.4900
2016-11-01,2016,11,Central,Iowa,Corporate,Technology,Phones,1,3,404.9400,109.3338,0.2700
2016-11-01,2016,11,Central,Kansas,Corporate,Office Supplies,Binders,1,5,152.0000,69.9200,0.4600
2016-11-01,2016,11,Central,Kansas,Corporate,Technology,Accessories,1,5,34.9500,15.3780,0.4400
2016-11-01,2016,11,Central,Michigan,Consumer,Furniture,Chairs,2,5,691.9300,68.3129,0.0987
2016-11-01,2016,11,Central,Michigan,Consumer,Office Supplies,Binders,1,3,49.4400,24.2256,0.4900
2016-11-01,2016,11,Central,Michigan,Consumer,Office Supplies,Paper,1,6,47.1200,23.0096,0.4883
2016-11-01,2016,11,Central,Michigan,Consumer,Office Supplies,Storage,1,7,496.8600,24.8430,0.0500
2016-11-01,2016,11,Central,Michigan,Consumer,Technology,Phones,1,2,257.9800,74.8142,0.2900
2016-11-01,2016,11,Central,Michigan,Corporate,Furniture,Tables,1,9,1568.6100,329.4081,0.2100
2016-11-01,2016,11,Central,Michigan,Corporate,Office Supplies,Appliances,1,6,167.2920,29.7408,0.1778
2016-11-01,2016,11,Central,Michigan,Corporate,Office Supplies,Binders,1,1,17.3000,8.3040,0.4800
2016-11-01,2016,11,Central,Michigan,Corporate,Technology,Accessories,1,8,160.0000,62.4000,0.3900
2016-11-01,2016,11,Central,Missouri,Corporate,Furniture,Furnishings,1,2,37.3000,17.1580,0.4600
2016-11-01,2016,11,Central,Missouri,Corporate,Office Supplies,Binders,1,2,81.9600,39.3408,0.4800
2016-11-01,2016,11,Central,Oklahoma,Consumer,Furniture,Bookcases,1,2,341.9600,54.7136,0.1600
2016-11-01,2016,11,Central,Oklahoma,Consumer,Office Supplies,Labels,1,2,14.6200,6.8714,0.4700
2016-11-01,2016,11,Central,Oklahoma,Consumer,Technology,Phones,2,9,1166.9100,298.3869,0.2557
2016-11-01,2016,11,Central,Oklahoma,Corporate,Furniture,Furnishings,1,4,30.3600,13.0548,0.4300
2016-11-01,2016,11,Central,Oklahoma,Home Office,Office Supplies,Storage,1,4,1117.9200,55.8960,0.0500
2016-11-01,2016,11,Central,Texas,Consumer,Furniture,Bookcases,1,7,956.6648,-225.0976,-0.2353
2016-11-01,2016,11,Central,Texas,Consumer,Furniture,Furnishings,3,14,124.2760,-108.5214,-0.8732
2016-11-01,2016,11,Central,Texas,Consumer,Furniture,Tables,1,8,863.1280,-160.2952,-0.1857
2016-11-01,2016,11,Central,Texas,Consumer,Office Supplies,Art,3,16,55.5120,8.4771,0.1527
2016-11-01,2016,11,Central,Texas,Consumer,Office Supplies,Binders,4,27,41.1240,-65.9222,-1.6030
2016-11-01,2016,11,Central,Texas,Consumer,Office Supplies,Envelopes,1,3,40.9680,13.8267,0.3375
2016-11-01,2016,11,Central,Texas,Consumer,Office Supplies,Fasteners,2,15,62.7120,22.7568,0.3629
2016-11-01,2016,11,Central,Texas,Consumer,Office Supplies,Labels,2,2,13.9280,5.1186,0.3675
2016-11-01,2016,11,Central,Texas,Consumer,Office Supplies,Paper,3,9,99.9520,32.3854,0.3240
2016-11-01,2016,11,Central,Texas,Consumer,Office Supplies,Storage,3,14,456.7120,6.9341,0.0152
2016-11-01,2016,11,Central,Texas,Consumer,Technology,Accessories,4,19,868.5040,83.7147,0.0964
2016-11-01,2016,11,Central,Texas,Consumer,Technology,Phones,4,15,947.8800,94.4493,0.0996
2016-11-01,2016,11,Central,Texas,Corporate,Furniture,Chairs,1,5,318.4300,-77.3330,-0.2429
2016-11-01,2016,11,Central,Texas,Corporate,Furniture,Furnishings,1,3,7.0680,-2.8272,-0.4000
2016-11-01,2016,11,Central,Texas,Corporate,Office Supplies,Paper,1,2,9.2480,3.3524,0.3625
2016-11-01,2016,11,Central,Texas,Corporate,Office Supplies,Storage,1,9,111.6720,6.9795,0.0625
2016-11-01,2016,11,Central,Texas,Corporate,Technology,Accessories,1,2,58.4160,16.7946,0.2875
2016-11-01,2016,11,Central,Texas,Corporate,Technology,Phones,1,7,122.9200,46.0950,0.3750
2016-11-01,2016,11,Central,Texas,Home Office,Furniture,Chairs,1,6,255.1080,-18.2220,-0.0714
2016-11-01,2016,11,Central,Texas,Home Office,Office Supplies,Art,1,2,6.3680,1.0348,0.1625
2016-11-01,2016,11,Central,Texas,Home Office,Office Supplies,Labels,1,2,48.8480,15.8756,0.3250
2016-11-01,2016,11,Central,Texas,Home Office,Office Supplies,Paper,1,2,19.6480,6.6312,0.3375
2016-11-01,2016,11,East,Connecticut,Consumer,Office Supplies,Binders,1,2,7.1600,3.4368,0.4800
2016-11-01,2016,11,East,Connecticut,Home Office,Office Supplies,Paper,1,2,13.3600,6.4128,0.4800
2016-11-01,2016,11,East,Connecticut,Home Office,Technology,Accessories,1,3,59.9700,14.9925,0.2500
2016-11-01,2016,11,East,Delaware,Consumer,Furniture,Furnishings,1,4,19.9200,6.5736,0.3300
2016-11-01,2016,11,East,Delaware,Consumer,Office Supplies,Binders,1,3,128.4000,62.9160,0.4900
2016-11-01,2016,11,East,Delaware,Consumer,Office Supplies,Paper,1,5,16.4500,7.5670,0.4600
2016-11-01,2016,11,East,Maryland,Consumer,Technology,Phones,1,3,89.9700,25.1916,0.2800
2016-11-01,2016,11,East,Maryland,Corporate,Furniture,Furnishings,1,4,207.7600,85.1816,0.4100
2016-11-01,2016,11,East,New Jersey,Consumer,Office Supplies,Art,1,3,34.6500,9.7020,0.2800
2016-11-01,2016,11,East,New Jersey,Consumer,Office Supplies,Binders,1,5,79.9500,38.3760,0.4800
2016-11-01,2016,11,East,New Jersey,Consumer,Office Supplies,Fasteners,1,4,14.9600,0.2992,0.0200
2016-11-01,2016,11,East,New Jersey,Consumer,Office Supplies,Paper,1,9,230.8700,112.8671,0.4889
2016-11-01,2016,11,East,New Jersey,Corporate,Furniture,Furnishings,1,3,31.5600,10.4148,0.3300
2016-11-01,2016,11,East,New Jersey,Corporate,Office Supplies,Storage,1,4,563.4000,67.6080,0.1200
2016-11-01,2016,11,East,New Jersey,Corporate,Technology,Machines,1,8,319.9200,118.3704,0.3700
2016-11-01,2016,11,East,New York,Consumer,Furniture,Chairs,1,2,408.0060,72.5344,0.1778
2016-11-01,2016,11,East,New York,Consumer,Office Supplies,Appliances,1,2,8.7400,2.2724,0.2600
2016-11-01,2016,11,East,New York,Consumer,Office Supplies,Art,1,1,23.6500,6.1490,0.2600
2016-11-01,2016,11,East,New York,Consumer,Office Supplies,Binders,4,10,311.9920,102.0098,0.3270
2016-11-01,2016,11,East,New York,Consumer,Office Supplies,Paper,4,12,88.7100,41.9310,0.4727
2016-11-01,2016,11,East,New York,Consumer,Office Supplies,Storage,4,13,374.1800,58.3158,0.1558
2016-11-01,2016,11,East,New York,Consumer,Technology,Accessories,2,7,148.3700,26.4845,0.1785
2016-11-01,2016,11,East,New York,Consumer,Technology,Phones,3,16,1519.8400,396.4577,0.2609
2016-11-01,2016,11,East,New York,Corporate,Furniture,Chairs,1,3,245.6460,8.1882,0.0333
2016-11-01,2016,11,East,New York,Corporate,Furniture,Furnishings,1,2,39.8800,11.1664,0.2800
2016-11-01,2016,11,East,New York,Corporate,Furniture,Tables,1,2,313.1760,-120.0508,-0.3833
2016-11-01,2016,11,East,New York,Corporate,Office Supplies,Art,3,11,254.5100,71.9990,0.2829
2016-11-01,2016,11,East,New York,Corporate,Office Supplies,Binders,3,14,172.6480,56.9623,0.3299
2016-11-01,2016,11,East,New York,Corporate,Office Supplies,Storage,2,13,167.2000,44.8987,0.2685
2016-11-01,2016,11,East,New York,Corporate,Technology,Accessories,1,2,36.0000,6.4800,0.1800
2016-11-01,2016,11,East,New York,Home Office,Furniture,Bookcases,1,2,113.5680,12.7764,0.1125
2016-11-01,2016,11,East,New York,Home Office,Office Supplies,Art,1,6,17.2800,5.0112,0.2900
2016-11-01,2016,11,East,New York,Home Office,Office Supplies,Binders,2,11,151.9840,53.4158,0.3515
2016-11-01,2016,11,East,New York,Home Office,Office Supplies,Labels,1,3,14.9400,6.8724,0.4600
2016-11-01,2016,11,East,New York,Home Office,Technology,Phones,1,4,2279.9600,592.7896,0.2600
2016-11-01,2016,11,East,Ohio,Consumer,Furniture,Chairs,2,21,3588.8020,-43.0188,-0.0120
2016-11-01,2016,11,East,Ohio,Consumer,Furniture,Furnishings,1,3,77.9520,15.5904,0.2000
2016-11-01,2016,11,East,Ohio,Consumer,Office Supplies,Appliances,1,2,110.0960,33.0288,0.3000
2016-11-01,2016,11,East,Ohio,Consumer,Office Supplies,Binders,2,7,473.6430,-316.8990,-0.6691
2016-11-01,2016,11,East,Ohio,Consumer,Office Supplies,Fasteners,1,6,16.7520,5.4444,0.3250
2016-11-01,2016,11,East,Ohio,Consumer,Office Supplies,Paper,2,9,46.8000,15.9876,0.3416
2016-11-01,2016,11,East,Ohio,Consumer,Office Supplies,Storage,1,3,38.9760,-2.4360,-0.0625
2016-11-01,2016,11,East,Ohio,Consumer,Office Supplies,Supplies,1,5,14.7200,-3.3120,-0.2250
2016-11-01,2016,11,East,Ohio,Consumer,Technology,Accessories,1,3,59.9760,11.9952,0.2000
2016-11-01,2016,11,East,Ohio,Consumer,Technology,Machines,2,12,4530.3300,-6624.2540,-1.4622
2016-11-01,2016,11,East,Ohio,Corporate,Office Supplies,Appliances,1,6,103.9680,16.8948,0.1625
2016-11-01,2016,11,East,Ohio,Corporate,Technology,Accessories,1,3,119.9760,22.4955,0.1875
2016-11-01,2016,11,East,Ohio,Home Office,Furniture,Bookcases,1,3,86.9700,-48.7032,-0.5600
2016-11-01,2016,11,East,Ohio,Home Office,Furniture,Furnishings,1,7,148.2880,29.6576,0.2000
2016-11-01,2016,11,East,Ohio,Home Office,Office Supplies,Appliances,1,4,334.8800,29.3020,0.0875
2016-11-01,2016,11,East,Ohio,Home Office,Office Supplies,Binders,1,7,69.8880,-46.5920,-0.6667
2016-11-01,2016,11,East,Ohio,Home Office,Office Supplies,Envelopes,1,3,40.7520,15.2820,0.3750
2016-11-01,2016,11,East,Ohio,Home Office,Office Supplies,Fasteners,1,7,19.0960,6.6836,0.3500
2016-11-01,2016,11,East,Ohio,Home Office,Office Supplies,Labels,2,12,27.7120,9.5832,0.3458
2016-11-01,2016,11,East,Ohio,Home Office,Office Supplies,Paper,1,6,116.4400,41.6533,0.3577
2016-11-01,2016,11,East,Ohio,Home Office,Technology,Accessories,3,14,574.8640,2.5786,0.0045
2016-11-01,2016,11,East,Ohio,Home Office,Technology,Phones,1,7,41.9580,-9.7902,-0.2333
2016-11-01,2016,11,East,Pennsylvania,Consumer,Furniture,Chairs,1,3,380.0580,-21.7176,-0.0571
2016-11-01,2016,11,East,Pennsylvania,Consumer,Furniture,Furnishings,1,3,48.5760,9.7152,0.2000
2016-11-01,2016,11,East,Pennsylvania,Consumer,Office Supplies,Binders,1,9,78.7590,-57.7566,-0.7333
2016-11-01,2016,11,East,Pennsylvania,Consumer,Technology,Copiers,1,4,1199.9760,179.9964,0.1500
2016-11-01,2016,11,East,Pennsylvania,Consumer,Technology,Phones,1,3,494.9820,-115.4958,-0.2333
2016-11-01,2016,11,East,Pennsylvania,Corporate,Furniture,Chairs,1,7,347.8020,-24.8430,-0.0714
2016-11-01,2016,11,East,Pennsylvania,Corporate,Furniture,Furnishings,1,9,84.8160,16.2796,0.1919
2016-11-01,2016,11,East,Pennsylvania,Corporate,Office Supplies,Binders,1,2,6.8880,-5.0512,-0.7333
2016-11-01,2016,11,East,Pennsylvania,Corporate,Office Supplies,Fasteners,2,13,28.4720,5.0628,0.1778
2016-11-01,2016,11,East,Pennsylvania,Corporate,Office Supplies,Storage,1,2,32.5440,-7.7292,-0.2375
2016-11-01,2016,11,East,Pennsylvania,Corporate,Technology,Phones,2,5,364.1700,-89.6981,-0.2463
2016-11-01,2016,11,East,Pennsylvania,Home Office,Furniture,Chairs,1,7,470.1550,-13.4330,-0.0286
2016-11-01,2016,11,East,Pennsylvania,Home Office,Office Supplies,Fasteners,1,3,4.4160,1.6008,0.3625
2016-11-01,2016,11,East,Pennsylvania,Home Office,Office Supplies,Paper,1,7,217.0560,78.6828,0.3625
2016-11-01,2016,11,East,Pennsylvania,Home Office,Technology,Accessories,1,1,72.0000,14.4000,0.2000
2016-11-01,2016,11,South,Alabama,Consumer,Office Supplies,Storage,1,7,73.3600,19.8072,0.2700
2016-11-01,2016,11,South,Alabama,Corporate,Office Supplies,Binders,1,8,125.4300,62.7150,0.5000
2016-11-01,2016,11,South,Alabama,Corporate,Office Supplies,Paper,1,7,70.9800,34.7802,0.4900
2016-11-01,2016,11,South,Alabama,Corporate,Technology,Accessories,1,4,1319.9600,527.9840,0.4000
2016-11-01,2016,11,South,Alabama,Corporate,Technology,Machines,1,8,3040.0000,1459.2000,0.4800
2016-11-01,2016,11,South,Arkansas,Consumer,Technology,Phones,1,2,59.9800,17.9940,0.3000
2016-11-01,2016,11,South,Florida,Consumer,Furniture,Tables,1,7,331.0230,-114.3534,-0.3455
2016-11-01,2016,11,South,Florida,Consumer,Technology,Phones,1,1,116.7600,14.5950,0.1250
2016-11-01,2016,11,South,Florida,Corporate,Furniture,Bookcases,1,2,289.5680,10.8588,0.0375
2016-11-01,2016,11,South,Florida,Corporate,Furniture,Chairs,1,2,207.9840,-28.5978,-0.1375
2016-11-01,2016,11,South,Florida,Corporate,Furniture,Furnishings,2,8,86.0640,13.9854,0.1625
2016-11-01,2016,11,South,Florida,Corporate,Office Supplies,Binders,1,6,7.4340,-5.6994,-0.7667
2016-11-01,2016,11,South,Florida,Corporate,Office Supplies,Paper,1,4,124.8800,43.7080,0.3500
2016-11-01,2016,11,South,Florida,Corporate,Office Supplies,Storage,1,5,39.7200,4.4685,0.1125
2016-11-01,2016,11,South,Florida,Corporate,Technology,Phones,1,4,244.7680,24.4768,0.1000
2016-11-01,2016,11,South,Florida,Home Office,Furniture,Bookcases,1,5,339.9200,8.4980,0.0250
2016-11-01,2016,11,South,Florida,Home Office,Office Supplies,Appliances,2,5,713.9280,54.6042,0.0765
2016-11-01,2016,11,South,Florida,Home Office,Office Supplies,Binders,2,6,13.6320,-9.5424,-0.7000
2016-11-01,2016,11,South,Florida,Home Office,Office Supplies,Paper,2,5,15.6080,5.0726,0.3250
2016-11-01,2016,11,South,Georgia,Consumer,Office Supplies,Art,1,7,41.8600,10.4650,0.2500
2016-11-01,2016,11,South,Georgia,Consumer,Office Supplies,Binders,1,2,8.2600,3.8822,0.4700
2016-11-01,2016,11,South,Georgia,Consumer,Office Supplies,Paper,1,1,5.2800,2.3760,0.4500
2016-11-01,2016,11,South,Georgia,Consumer,Technology,Accessories,1,2,499.9800,114.9954,0.2300
2016-11-01,2016,11,South,Georgia,Corporate,Furniture,Chairs,1,3,182.6700,52.9743,0.2900
2016-11-01,2016,11,South,Georgia,Corporate,Office Supplies,Storage,1,9,2389.3200,372.1260,0.1557
2016-11-01,2016,11,South,Georgia,Corporate,Technology,Accessories,1,6,101.7000,6.1020,0.0600
2016-11-01,2016,11,South,Kentucky,Consumer,Furniture,Bookcases,1,2,261.9600,41.9136,0.1600
2016-11-01,2016,11,South,Kentucky,Consumer,Furniture,Chairs,1,3,731.9400,219.5820,0.3000
2016-11-01,2016,11,South,Kentucky,Consumer,Furniture,Furnishings,1,5,24.1000,9.1580,0.3800
2016-11-01,2016,11,South,Kentucky,Consumer,Furniture,Tables,1,3,842.9400,160.1586,0.1900
2016-11-01,2016,11,South,Kentucky,Consumer,Office Supplies,Art,1,4,16.7300,4.6998,0.2809
2016-11-01,2016,11,South,Kentucky,Consumer,Office Supplies,Fasteners,2,7,30.7400,14.8626,0.4835
2016-11-01,2016,11,South,North Carolina,Consumer,Office Supplies,Art,1,2,18.4800,6.0060,0.3250
2016-11-01,2016,11,South,North Carolina,Consumer,Office Supplies,Supplies,1,7,52.1360,5.8653,0.1125
2016-11-01,2016,11,South,North Carolina,Consumer,Technology,Phones,1,1,36.1920,2.7144,0.0750
2016-11-01,2016,11,South,North Carolina,Corporate,Furniture,Tables,2,14,1506.3240,-491.6076,-0.3264
2016-11-01,2016,11,South,North Carolina,Corporate,Office Supplies,Storage,1,2,45.2480,3.9592,0.0875
2016-11-01,2016,11,South,North Carolina,Corporate,Office Supplies,Supplies,1,2,185.3760,-34.7580,-0.1875
2016-11-01,2016,11,South,Virginia,Consumer,Furniture,Furnishings,1,7,1030.7600,146.9096,0.1425
2016-11-01,2016,11,South,Virginia,Consumer,Technology,Accessories,1,3,89.9700,18.8937,0.2100
2016-11-01,2016,11,South,Virginia,Home Office,Office Supplies,Envelopes,1,3,251.7900,118.3413,0.4700
2016-11-01,2016,11,South,Virginia,Home Office,Technology,Phones,1,2,21.8000,6.1040,0.2800
2016-11-01,2016,11,West,Arizona,Consumer,Office Supplies,Binders,1,12,10.6380,-7.9468,-0.7470
2016-11-01,2016,11,West,Arizona,Consumer,Office Supplies,Storage,1,4,39.8080,3.9808,0.1000
2016-11-01,2016,11,West,Arizona,Consumer,Technology,Accessories,1,2,31.9840,1.9990,0.0625
2016-11-01,2016,11,West,Arizona,Consumer,Technology,Phones,1,1,271.9920,23.7993,0.0875
2016-11-01,2016,11,West,California,Consumer,Furniture,Bookcases,1,8,3406.6640,160.3136,0.0471
2016-11-01,2016,11,West,California,Consumer,Furniture,Chairs,4,10,976.9760,-0.5174,-0.0005
2016-11-01,2016,11,West,California,Consumer,Furniture,Furnishings,5,28,1150.0500,518.9501,0.4512
2016-11-01,2016,11,West,California,Consumer,Office Supplies,Appliances,4,12,1339.6800,502.3368,0.3750
2016-11-01,2016,11,West,California,Consumer,Office Supplies,Art,4,21,254.5100,73.1422,0.2874
2016-11-01,2016,11,West,California,Consumer,Office Supplies,Binders,8,50,1324.7680,491.3922,0.3709
2016-11-01,2016,11,West,California,Consumer,Office Supplies,Envelopes,1,3,158.1300,77.4837,0.4900
2016-11-01,2016,11,West,California,Consumer,Office Supplies,Fasteners,1,7,15.2600,5.0358,0.3300
2016-11-01,2016,11,West,California,Consumer,Office Supplies,Labels,2,9,95.0900,44.6923,0.4700
2016-11-01,2016,11,West,California,Consumer,Office Supplies,Paper,2,17,579.3800,278.6512,0.4809
2016-11-01,2016,11,West,California,Consumer,Office Supplies,Storage,3,8,835.3400,214.7654,0.2571
2016-11-01,2016,11,West,California,Consumer,Technology,Accessories,4,17,1229.9200,314.7814,0.2559
2016-11-01,2016,11,West,California,Consumer,Technology,Machines,1,2,686.4000,77.2200,0.1125
2016-11-01,2016,11,West,California,Corporate,Furniture,Chairs,1,6,1684.7520,210.5940,0.1250
2016-11-01,2016,11,West,California,Corporate,Furniture,Furnishings,1,3,14.8200,6.2244,0.4200
2016-11-01,2016,11,West,California,Corporate,Office Supplies,Appliances,1,12,39.0000,11.3100,0.2900
2016-11-01,2016,11,West,California,Corporate,Office Supplies,Binders,2,11,134.4240,44.9700,0.3345
2016-11-01,2016,11,West,California,Corporate,Office Supplies,Labels,1,2,14.6200,6.8714,0.4700
2016-11-01,2016,11,West,California,Corporate,Office Supplies,Paper,1,5,32.4000,15.5520,0.4800
2016-11-01,2016,11,West,California,Corporate,Office Supplies,Storage,1,7,155.8200,42.0714,0.2700
2016-11-01,2016,11,West,California,Corporate,Office Supplies,Supplies,1,2,11.3600,3.2944,0.2900
2016-11-01,2016,11,West,California,Corporate,Technology,Accessories,4,18,1827.0600,615.9827,0.3371
2016-11-01,2016,11,West,California,Corporate,Technology,Phones,1,2,361.3760,27.1032,0.0750
2016-11-01,2016,11,West,California,Home Office,Furniture,Chairs,1,2,81.4240,-9.1602,-0.1125
2016-11-01,2016,11,West,California,Home Office,Furniture,Furnishings,3,6,258.4800,32.1174,0.1243
2016-11-01,2016,11,West,California,Home Office,Furniture,Tables,1,3,674.3520,-8.4294,-0.0125
2016-11-01,2016,11,West,California,Home Office,Office Supplies,Appliances,1,1,67.8400,18.3168,0.2700
2016-11-01,2016,11,West,California,Home Office,Office Supplies,Binders,3,12,54.2240,18.3890,0.3391
2016-11-01,2016,11,West,California,Home Office,Office Supplies,Paper,3,13,84.1800,40.5354,0.4815
2016-11-01,2016,11,West,California,Home Office,Office Supplies,Supplies,1,5,49.5000,13.3650,0.2700
2016-11-01,2016,11,West,California,Home Office,Technology,Phones,3,6,298.6880,34.9682,0.1171
2016-11-01,2016,11,West,New Mexico,Consumer,Office Supplies,Binders,1,3,10.7760,3.3675,0.3125
2016-11-01,2016,11,West,New Mexico,Consumer,Office Supplies,Envelopes,1,5,28.4000,13.3480,0.4700
2016-11-01,2016,11,West,Oregon,Consumer,Furniture,Chairs,1,4,195.1360,-12.1960,-0.0625
2016-11-01,2016,11,West,Oregon,Consumer,Office Supplies,Binders,1,7,4.1580,-3.4650,-0.8333
2016-11-01,2016,11,West,Oregon,Consumer,Office Supplies,Paper,1,1,24.7840,7.7450,0.3125
2016-11-01,2016,11,West,Oregon,Consumer,Technology,Machines,1,3,179.9910,-251.9874,-1.4000
2016-11-01,2016,11,West,Oregon,Corporate,Furniture,Chairs,1,4,755.1360,-111.9606,-0.1483
2016-11-01,2016,11,West,Oregon,Corporate,Office Supplies,Labels,1,8,629.1840,228.0792,0.3625
2016-11-01,2016,11,West,Oregon,Corporate,Office Supplies,Paper,1,4,63.1280,22.0948,0.3500
2016-11-01,2016,11,West,Oregon,Corporate,Office Supplies,Supplies,1,7,17.5840,-4.1762,-0.2375
2016-11-01,2016,11,West,Washington,Consumer,Office Supplies,Art,1,3,8.8200,2.3814,0.2700
2016-11-01,2016,11,West,Washington,Consumer,Office Supplies,Binders,2,7,1247.6400,390.9255,0.3133
2016-11-01,2016,11,West,Washington,Consumer,Technology,Accessories,1,4,479.7200,52.7692,0.1100
2016-11-01,2016,11,West,Washington,Corporate,Furniture,Furnishings,2,5,241.8400,37.2776,0.1541
2016-11-01,2016,11,West,Washington,Corporate,Office Supplies,Binders,1,2,7.3120,2.5592,0.3500
2016-11-01,2016,11,West,Washington,Home Office,Furniture,Furnishings,3,6,105.9800,42.4612,0.4007
2016-11-01,2016,11,West,Washington,Home Office,Office Supplies,Art,1,2,44.0200,11.4452,0.2600
2016-11-01,2016,11,West,Washington,Home Office,Office Supplies,Supplies,1,3,25.3500,7.6050,0.3000
2016-11-01,2016,11,West,Wyoming,Home Office,Furniture,Chairs,1,4,1603.1360,100.1960,0.0625
2016-12-01,2016,12,Central,Illinois,Consumer,Office Supplies,Binders,1,3,4.7880,-7.9002,-1.6500
2016-12-01,2016,12,Central,Illinois,Consumer,Office Supplies,Paper,1,6,186.0480,67.4424,0.3625
2016-12-01,2016,12,Central,Illinois,Corporate,Furniture,Bookcases,1,2,141.3720,-14.1372,-0.1000
2016-12-01,2016,12,Central,Illinois,Corporate,Furniture,Chairs,1,8,845.4880,-12.0784,-0.0143
2016-12-01,2016,12,Central,Illinois,Corporate,Office Supplies,Appliances,1,2,4.3560,-11.7612,-2.7000
2016-12-01,2016,12,Central,Illinois,Corporate,Office Supplies,Binders,1,5,1.8000,-2.8800,-1.6000
2016-12-01,2016,12,Central,Illinois,Corporate,Office Supplies,Labels,1,3,11.9520,3.8844,0.3250
2016-12-01,2016,12,Central,Illinois,Corporate,Office Supplies,Supplies,1,3,20.5680,1.5426,0.0750
2016-12-01,2016,12,Central,Illinois,Corporate,Technology,Accessories,1,4,19.0400,-1.4280,-0.0750
2016-12-01,2016,12,Central,Illinois,Home Office,Office Supplies,Art,1,2,3.5360,0.3094,0.0875
2016-12-01,2016,12,Central,Indiana,Consumer,Furniture,Chairs,2,6,1454.8800,364.3196,0.2504
2016-12-01,2016,12,Central,Indiana,Consumer,Furniture,Furnishings,1,3,17.3100,5.1930,0.3000
2016-12-01,2016,12,Central,Indiana,Consumer,Furniture,Tables,1,2,581.9600,104.7528,0.1800
2016-12-01,2016,12,Central,Iowa,Corporate,Office Supplies,Binders,1,8,115.8400,54.4448,0.4700
2016-12-01,2016,12,Central,Kansas,Consumer,Furniture,Furnishings,1,6,70.5600,23.9904,0.3400
2016-12-01,2016,12,Central,Kansas,Consumer,Office Supplies,Appliances,1,2,81.9600,22.9488,0.2800
2016-12-01,2016,12,Central,Michigan,Consumer,Office Supplies,Appliances,1,1,61.9290,23.3954,0.3778
2016-12-01,2016,12,Central,Michigan,Consumer,Office Supplies,Binders,1,13,9892.7400,4946.3700,0.5000
2016-12-01,2016,12,Central,Michigan,Consumer,Technology,Accessories,1,2,59.9800,25.1916,0.4200
2016-12-01,2016,12,Central,Michigan,Consumer,Technology,Phones,1,1,10.9000,3.0520,0.2800
2016-12-01,2016,12,Central,Michigan,Corporate,Furniture,Tables,1,3,1652.9400,231.4116,0.1400
2016-12-01,2016,12,Central,Michigan,Corporate,Office Supplies,Fasteners,1,7,24.8500,11.6795,0.4700
2016-12-01,2016,12,Central,Michigan,Corporate,Office Supplies,Storage,1,3,296.3700,80.0199,0.2700
2016-12-01,2016,12,Central,Michigan,Home Office,Furniture,Furnishings,1,4,33.4800,8.7048,0.2600
2016-12-01,2016,12,Central,Michigan,Home Office,Office Supplies,Art,1,5,13.9000,3.6140,0.2600
2016-12-01,2016,12,Central,Michigan,Home Office,Office Supplies,Storage,1,2,26.8600,6.7150,0.2500
2016-12-01,2016,12,Central,Michigan,Home Office,Technology,Phones,1,7,657.9300,184.2204,0.2800
2016-12-01,2016,12,Central,Minnesota,Consumer,Office Supplies,Paper,1,4,23.9200,11.7208,0.4900
2016-12-01,2016,12,Central,Minnesota,Corporate,Furniture,Furnishings,1,3,18.8400,6.0288,0.3200
2016-12-01,2016,12,Central,Minnesota,Corporate,Technology,Phones,1,5,114.9500,2.2990,0.0200
2016-12-01,2016,12,Central,Nebraska,Consumer,Office Supplies,Paper,1,5,33.9000,15.5940,0.4600
2016-12-01,2016,12,Central,Nebraska,Corporate,Office Supplies,Appliances,1,7,60.3400,15.6884,0.2600
2016-12-01,2016,12,Central,Nebraska,Corporate,Office Supplies,Art,1,7,19.4600,5.0596,0.2600
2016-12-01,2016,12,Central,Nebraska,Home Office,Furniture,Chairs,1,3,563.9400,112.7880,0.2000
2016-12-01,2016,12,Central,Oklahoma,Corporate,Technology,Accessories,1,4,63.8800,24.9132,0.3900
2016-12-01,2016,12,Central,Texas,Consumer,Furniture,Chairs,1,7,333.6760,-18.9628,-0.0568
2016-12-01,2016,12,Central,Texas,Consumer,Office Supplies,Appliances,1,4,11.6480,-30.8672,-2.6500
2016-12-01,2016,12,Central,Texas,Consumer,Office Supplies,Paper,1,6,34.0480,11.0288,0.3239
2016-12-01,2016,12,Central,Texas,Corporate,Furniture,Bookcases,1,10,781.8640,-137.9760,-0.1765
2016-12-01,2016,12,Central,Texas,Corporate,Furniture,Furnishings,2,7,193.2480,-148.7196,-0.7696
2016-12-01,2016,12,Central,Texas,Corporate,Office Supplies,Art,1,1,9.3280,0.8162,0.0875
2016-12-01,2016,12,Central,Texas,Corporate,Office Supplies,Binders,1,6,6.9240,-10.3860,-1.5000
2016-12-01,2016,12,Central,Texas,Corporate,Office Supplies,Labels,1,9,45.3600,14.7420,0.3250
2016-12-01,2016,12,Central,Texas,Corporate,Office Supplies,Paper,3,21,92.0480,31.0612,0.3374
2016-12-01,2016,12,Central,Texas,Corporate,Technology,Accessories,1,3,165.6000,-6.2100,-0.0375
2016-12-01,2016,12,Central,Texas,Corporate,Technology,Phones,2,16,1970.8800,213.9831,0.1086
2016-12-01,2016,12,Central,Wisconsin,Consumer,Furniture,Bookcases,1,7,405.8600,32.4688,0.0800
2016-12-01,2016,12,Central,Wisconsin,Consumer,Furniture,Chairs,2,8,1434.4600,237.1586,0.1653
2016-12-01,2016,12,Central,Wisconsin,Corporate,Furniture,Chairs,1,8,1951.8400,585.5520,0.3000
2016-12-01,2016,12,Central,Wisconsin,Corporate,Office Supplies,Binders,1,5,171.5500,80.6285,0.4700
2016-12-01,2016,12,Central,Wisconsin,Corporate,Technology,Phones,1,14,534.4200,109.8003,0.2055
2016-12-01,2016,12,East,Connecticut,Consumer,Furniture,Chairs,1,4,751.9200,150.3840,0.2000
2016-12-01,2016,12,East,Connecticut,Consumer,Office Supplies,Binders,1,6,88.0800,40.5168,0.4600
2016-12-01,2016,12,East,Delaware,Corporate,Furniture,Furnishings,1,1,13.4000,6.4320,0.4800
2016-12-01,2016,12,East,Delaware,Corporate,Office Supplies,Envelopes,1,7,109.6900,51.5543,0.4700
2016-12-01,2016,12,East,Delaware,Corporate,Office Supplies,Paper,1,1,4.9800,2.3406,0.4700
2016-12-01,2016,12,East,District of Columbia,Home Office,Office Supplies,Art,1,8,33.9200,13.2288,0.3900
2016-12-01,2016,12,East,Maryland,Consumer,Furniture,Chairs,1,2,172.5000,51.7500,0.3000
2016-12-01,2016,12,East,Maryland,Consumer,Technology,Phones,1,3,179.9700,44.9925,0.2500
2016-12-01,2016,12,East,Massachusetts,Consumer,Furniture,Furnishings,1,5,111.1500,48.9060,0.4400
2016-12-01,2016,12,East,Massachusetts,Consumer,Furniture,Tables,1,3,366.0090,-47.0583,-0.1286
2016-12-01,2016,12,East,Massachusetts,Consumer,Office Supplies,Appliances,1,3,901.9500,297.6435,0.3300
2016-12-01,2016,12,East,Massachusetts,Consumer,Office Supplies,Labels,1,5,125.8100,57.9095,0.4603
2016-12-01,2016,12,East,Massachusetts,Consumer,Technology,Phones,1,3,137.9400,35.8644,0.2600
2016-12-01,2016,12,East,Massachusetts,Corporate,Furniture,Bookcases,1,1,81.9400,20.4850,0.2500
2016-12-01,2016,12,East,New Hampshire,Corporate,Furniture,Furnishings,1,4,21.1200,6.5472,0.3100
2016-12-01,2016,12,East,New Jersey,Corporate,Furniture,Chairs,1,3,212.9400,25.5528,0.1200
2016-12-01,2016,12,East,New Jersey,Corporate,Office Supplies,Appliances,1,1,26.4900,7.4172,0.2800
2016-12-01,2016,12,East,New Jersey,Corporate,Office Supplies,Binders,1,2,1793.9800,843.1706,0.4700
2016-12-01,2016,12,East,New York,Consumer,Furniture,Chairs,2,11,3105.7020,415.7622,0.1339
2016-12-01,2016,12,East,New York,Consumer,Furniture,Furnishings,3,16,1310.2700,426.8278,0.3258
2016-12-01,2016,12,East,New York,Consumer,Furniture,Tables,1,2,400.0320,-153.3456,-0.3833
2016-12-01,2016,12,East,New York,Consumer,Office Supplies,Binders,7,21,1229.8960,402.3036,0.3271
2016-12-01,2016,12,East,New York,Consumer,Office Supplies,Envelopes,1,4,361.9200,162.8640,0.4500
2016-12-01,2016,12,East,New York,Consumer,Office Supplies,Fasteners,1,6,21.4800,10.5252,0.4900
2016-12-01,2016,12,East,New York,Consumer,Office Supplies,Labels,2,4,12.0600,5.8464,0.4848
2016-12-01,2016,12,East,New York,Consumer,Office Supplies,Paper,5,17,311.4000,146.2950,0.4698
2016-12-01,2016,12,East,New York,Consumer,Office Supplies,Storage,5,18,973.3400,173.5191,0.1783
2016-12-01,2016,12,East,New York,Consumer,Technology,Accessories,2,4,168.1200,53.2797,0.3169
2016-12-01,2016,12,East,New York,Corporate,Furniture,Chairs,1,3,866.6460,173.3292,0.2000
2016-12-01,2016,12,East,New York,Corporate,Furniture,Furnishings,1,5,60.3500,19.9155,0.3300
2016-12-01,2016,12,East,New York,Corporate,Furniture,Tables,1,2,313.1760,-120.0508,-0.3833
2016-12-01,2016,12,East,New York,Corporate,Office Supplies,Art,2,9,14.7200,5.8368,0.3965
2016-12-01,2016,12,East,New York,Corporate,Office Supplies,Binders,3,26,1230.3360,405.9085,0.3299
2016-12-01,2016,12,East,New York,Corporate,Office Supplies,Fasteners,2,9,18.9400,8.0598,0.4255
2016-12-01,2016,12,East,New York,Corporate,Office Supplies,Paper,1,9,62.8200,29.5254,0.4700
2016-12-01,2016,12,East,New York,Corporate,Office Supplies,Storage,1,6,212.8800,0.0000,0.0000
2016-12-01,2016,12,East,New York,Corporate,Office Supplies,Supplies,1,4,35.5200,9.9456,0.2800
2016-12-01,2016,12,East,New York,Corporate,Technology,Copiers,1,2,479.9840,89.9970,0.1875
2016-12-01,2016,12,East,New York,Corporate,Technology,Phones,2,8,1227.9200,352.1374,0.2868
2016-12-01,2016,12,East,New York,Home Office,Office Supplies,Paper,1,1,6.4800,3.1104,0.4800
2016-12-01,2016,12,East,New York,Home Office,Office Supplies,Storage,1,4,900.0800,117.0104,0.1300
2016-12-01,2016,12,East,Ohio,Consumer,Office Supplies,Binders,2,6,7.7670,-5.5482,-0.7143
2016-12-01,2016,12,East,Ohio,Consumer,Office Supplies,Labels,1,2,5.9040,1.9926,0.3375
2016-12-01,2016,12,East,Ohio,Consumer,Office Supplies,Storage,1,4,156.5120,-35.2152,-0.2250
2016-12-01,2016,12,East,Ohio,Consumer,Office Supplies,Supplies,1,2,13.7120,1.0284,0.0750
2016-12-01,2016,12,East,Ohio,Consumer,Technology,Accessories,1,2,40.0000,0.5000,0.0125
2016-12-01,2016,12,East,Ohio,Corporate,Furniture,Chairs,1,5,458.4300,-137.5290,-0.3000
2016-12-01,2016,12,East,Ohio,Corporate,Furniture,Tables,1,3,328.5900,-147.8655,-0.4500
2016-12-01,2016,12,East,Ohio,Corporate,Office Supplies,Appliances,2,8,460.6720,33.3880,0.0725
2016-12-01,2016,12,East,Ohio,Corporate,Office Supplies,Binders,1,3,18.6930,-14.3313,-0.7667
2016-12-01,2016,12,East,Ohio,Corporate,Office Supplies,Storage,1,5,64.9600,-4.0600,-0.0625
2016-12-01,2016,12,East,Ohio,Corporate,Office Supplies,Supplies,1,2,13.5200,1.6900,0.1250
2016-12-01,2016,12,East,Ohio,Corporate,Technology,Accessories,1,6,383.9520,76.7904,0.2000
2016-12-01,2016,12,East,Ohio,Home Office,Office Supplies,Binders,1,7,12.9570,-9.5018,-0.7333
2016-12-01,2016,12,East,Ohio,Home Office,Office Supplies,Fasteners,1,6,17.1840,6.2292,0.3625
2016-12-01,2016,12,East,Ohio,Home Office,Office Supplies,Paper,1,3,10.5840,3.4398,0.3250
2016-12-01,2016,12,East,Pennsylvania,Consumer,Furniture,Chairs,1,1,170.7860,0.0000,0.0000
2016-12-01,2016,12,East,Pennsylvania,Consumer,Furniture,Furnishings,1,5,303.9200,-30.3920,-0.1000
2016-12-01,2016,12,East,Pennsylvania,Consumer,Office Supplies,Appliances,1,4,394.8160,93.7688,0.2375
2016-12-01,2016,12,East,Pennsylvania,Consumer,Office Supplies,Binders,1,4,18.1920,-14.5536,-0.8000
2016-12-01,2016,12,East,Pennsylvania,Corporate,Office Supplies,Art,1,5,16.5200,1.6520,0.1000
2016-12-01,2016,12,East,Pennsylvania,Home Office,Office Supplies,Paper,1,2,7.9680,2.6892,0.3375
2016-12-01,2016,12,East,Pennsylvania,Home Office,Technology,Phones,1,5,1499.9700,-374.9925,-0.2500
2016-12-01,2016,12,East,Rhode Island,Corporate,Technology,Copiers,1,4,1999.9600,899.9820,0.4500
2016-12-01,2016,12,East,Rhode Island,Home Office,Furniture,Furnishings,1,6,72.4200,23.8986,0.3300
2016-12-01,2016,12,East,Rhode Island,Home Office,Office Supplies,Storage,1,5,2079.4000,582.2320,0.2800
2016-12-01,2016,12,East,Rhode Island,Home Office,Technology,Phones,1,5,629.9500,176.3860,0.2800
2016-12-01,2016,12,South,Arkansas,Consumer,Furniture,Furnishings,1,5,343.8500,137.5400,0.4000
2016-12-01,2016,12,South,Arkansas,Consumer,Office Supplies,Art,1,9,19.8900,5.3703,0.2700
2016-12-01,2016,12,South,Arkansas,Consumer,Office Supplies,Paper,1,3,106.3200,49.9704,0.4700
2016-12-01,2016,12,South,Arkansas,Consumer,Technology,Accessories,1,2,399.9800,171.9914,0.4300
2016-12-01,2016,12,South,Arkansas,Home Office,Office Supplies,Paper,1,3,19.4400,9.3312,0.4800
2016-12-01,2016,12,South,Florida,Consumer,Office Supplies,Art,1,3,47.6160,3.5712,0.0750
2016-12-01,2016,12,South,Florida,Consumer,Office Supplies,Paper,2,9,95.7040,33.4964,0.3500
2016-12-01,2016,12,South,Florida,Consumer,Office Supplies,Storage,1,3,85.2240,7.4571,0.0875
2016-12-01,2016,12,South,Florida,Corporate,Office Supplies,Appliances,1,2,194.5280,24.3160,0.1250
2016-12-01,2016,12,South,Florida,Corporate,Office Supplies,Binders,1,7,254.0580,-169.3720,-0.6667
2016-12-01,2016,12,South,Florida,Corporate,Office Supplies,Supplies,1,5,961.4800,-204.3145,-0.2125
2016-12-01,2016,12,South,Florida,Home Office,Office Supplies,Paper,1,13,62.7520,21.9632,0.3500
2016-12-01,2016,12,South,Georgia,Consumer,Office Supplies,Paper,1,4,49.1200,23.0864,0.4700
2016-12-01,2016,12,South,Georgia,Consumer,Technology,Accessories,1,5,249.9500,19.9960,0.0800
2016-12-01,2016,12,South,Kentucky,Consumer,Furniture,Furnishings,1,3,191.8200,74.8098,0.3900
2016-12-01,2016,12,South,Kentucky,Consumer,Office Supplies,Labels,1,1,2.6100,1.2006,0.4600
2016-12-01,2016,12,South,Kentucky,Consumer,Office Supplies,Storage,1,9,584.8200,70.1784,0.1200
2016-12-01,2016,12,South,Kentucky,Consumer,Technology,Phones,1,2,699.9800,195.9944,0.2800
2016-12-01,2016,12,South,Mississippi,Consumer,Furniture,Furnishings,1,6,133.3800,58.6872,0.4400
2016-12-01,2016,12,South,Mississippi,Consumer,Technology,Accessories,1,3,66.3000,8.6190,0.1300
2016-12-01,2016,12,South,Mississippi,Home Office,Furniture,Furnishings,1,4,18.9200,7.3788,0.3900
2016-12-01,2016,12,South,Mississippi,Home Office,Office Supplies,Binders,1,2,15.4200,6.9390,0.4500
2016-12-01,2016,12,South,North Carolina,Consumer,Office Supplies,Appliances,1,3,34.9440,3.0576,0.0875
2016-12-01,2016,12,South,North Carolina,Consumer,Technology,Accessories,1,6,84.6720,15.3954,0.1818
2016-12-01,2016,12,South,North Carolina,Consumer,Technology,Phones,2,11,1113.5120,117.5908,0.1056
2016-12-01,2016,12,South,North Carolina,Home Office,Office Supplies,Binders,1,3,27.8820,-20.4468,-0.7333
2016-12-01,2016,12,South,North Carolina,Home Office,Office Supplies,Storage,1,3,540.0480,-47.2542,-0.0875
2016-12-01,2016,12,South,North Carolina,Home Office,Technology,Accessories,1,8,255.6800,76.7040,0.3000
2016-12-01,2016,12,South,Tennessee,Consumer,Office Supplies,Art,2,5,11.3760,2.0796,0.1828
2016-12-01,2016,12,South,Tennessee,Consumer,Technology,Phones,1,3,40.6800,-9.1530,-0.2250
2016-12-01,2016,12,South,Tennessee,Corporate,Furniture,Tables,1,3,79.9740,-29.3238,-0.3667
2016-12-01,2016,12,South,Tennessee,Corporate,Office Supplies,Binders,2,9,43.8420,-31.9590,-0.7290
2016-12-01,2016,12,South,Virginia,Consumer,Furniture,Furnishings,1,9,859.1400,249.1506,0.2900
2016-12-01,2016,12,South,Virginia,Consumer,Furniture,Tables,1,7,1056.8600,158.5290,0.1500
2016-12-01,2016,12,South,Virginia,Corporate,Office Supplies,Appliances,1,7,2104.5500,694.5015,0.3300
2016-12-01,2016,12,South,Virginia,Corporate,Office Supplies,Supplies,1,5,40.7000,11.8030,0.2900
2016-12-01,2016,12,West,Arizona,Corporate,Furniture,Chairs,1,2,47.9680,4.1972,0.0875
2016-12-01,2016,12,West,Arizona,Corporate,Furniture,Tables,2,7,491.4150,-242.9682,-0.4944
2016-12-01,2016,12,West,Arizona,Corporate,Office Supplies,Binders,1,8,15.6540,-11.8272,-0.7555
2016-12-01,2016,12,West,Arizona,Corporate,Technology,Accessories,1,5,145.9200,13.5240,0.0927
2016-12-01,2016,12,West,Arizona,Corporate,Technology,Machines,1,2,269.9700,-386.9570,-1.4333
2016-12-01,2016,12,West,California,Consumer,Furniture,Bookcases,1,2,205.6660,-12.0980,-0.0588
2016-12-01,2016,12,West,California,Consumer,Furniture,Chairs,3,12,1249.4080,3.3432,0.0027
2016-12-01,2016,12,West,California,Consumer,Furniture,Furnishings,7,37,1495.6000,425.6748,0.2846
2016-12-01,2016,12,West,California,Consumer,Furniture,Tables,3,16,3164.3600,-207.3374,-0.0655
2016-12-01,2016,12,West,California,Consumer,Office Supplies,Appliances,2,5,139.9400,40.0174,0.2860
2016-12-01,2016,12,West,California,Consumer,Office Supplies,Art,3,13,55.0800,15.2288,0.2765
2016-12-01,2016,12,West,California,Consumer,Office Supplies,Binders,3,25,423.5760,138.6750,0.3274
2016-12-01,2016,12,West,California,Consumer,Office Supplies,Envelopes,1,7,39.7600,18.6872,0.4700
2016-12-01,2016,12,West,California,Consumer,Office Supplies,Paper,3,13,202.2100,96.5360,0.4774
2016-12-01,2016,12,West,California,Consumer,Office Supplies,Storage,6,19,1305.9500,220.9483,0.1692
2016-12-01,2016,12,West,California,Consumer,Office Supplies,Supplies,1,2,27.9600,7.2696,0.2600
2016-12-01,2016,12,West,California,Consumer,Technology,Accessories,3,14,2615.0200,853.7329,0.3265
2016-12-01,2016,12,West,California,Consumer,Technology,Phones,1,3,302.3760,22.6782,0.0750
2016-12-01,2016,12,West,California,Corporate,Furniture,Chairs,2,5,227.7760,-14.6484,-0.0643
2016-12-01,2016,12,West,California,Corporate,Furniture,Furnishings,2,11,198.3600,68.1684,0.3437
2016-12-01,2016,12,West,California,Corporate,Furniture,Tables,3,13,3438.6480,-119.8419,-0.0349
2016-12-01,2016,12,West,California,Corporate,Office Supplies,Appliances,2,5,67.6000,28.9190,0.4278
2016-12-01,2016,12,West,California,Corporate,Office Supplies,Art,3,13,85.5700,24.5060,0.2864
2016-12-01,2016,12,West,California,Corporate,Office Supplies,Binders,3,15,408.9040,144.6296,0.3537
2016-12-01,2016,12,West,California,Corporate,Office Supplies,Paper,4,23,149.0400,71.5392,0.4800
2016-12-01,2016,12,West,California,Corporate,Office Supplies,Storage,1,10,134.8000,35.0480,0.2600
2016-12-01,2016,12,West,California,Corporate,Office Supplies,Supplies,2,7,597.0600,33.9378,0.0568
2016-12-01,2016,12,West,California,Corporate,Technology,Accessories,1,7,254.2400,76.2720,0.3000
2016-12-01,2016,12,West,California,Corporate,Technology,Phones,3,16,2945.3040,294.5304,0.1000
2016-12-01,2016,12,West,California,Home Office,Furniture,Furnishings,1,2,31.9600,1.5980,0.0500
2016-12-01,2016,12,West,California,Home Office,Office Supplies,Art,1,7,18.6900,5.2332,0.2800
2016-12-01,2016,12,West,California,Home Office,Office Supplies,Binders,2,19,457.2320,159.9514,0.3498
2016-12-01,2016,12,West,California,Home Office,Office Supplies,Envelopes,1,3,22.9200,11.2308,0.4900
2016-12-01,2016,12,West,California,Home Office,Office Supplies,Fasteners,1,7,13.8600,0.0000,0.0000
2016-12-01,2016,12,West,California,Home Office,Office Supplies,Labels,1,7,20.1600,9.8784,0.4900
2016-12-01,2016,12,West,California,Home Office,Office Supplies,Paper,3,15,141.5400,66.3336,0.4687
2016-12-01,2016,12,West,California,Home Office,Office Supplies,Storage,2,7,1594.2600,347.7312,0.2181
2016-12-01,2016,12,West,California,Home Office,Technology,Accessories,1,7,21.2100,4.4541,0.2100
2016-12-01,2016,12,West,California,Home Office,Technology,Phones,1,7,521.5440,58.3940,0.1120
2016-12-01,2016,12,West,Colorado,Consumer,Office Supplies,Art,1,2,11.3280,2.5488,0.2250
2016-12-01,2016,12,West,Colorado,Consumer,Office Supplies,Storage,1,3,243.3840,-51.7191,-0.2125
2016-12-01,2016,12,West,Colorado,Consumer,Technology,Accessories,1,5,119.8000,29.9500,0.2500
2016-12-01,2016,12,West,Colorado,Consumer,Technology,Phones,1,4,300.7680,30.0768,0.1000
2016-12-01,2016,12,West,Colorado,Corporate,Office Supplies,Appliances,1,2,18.7200,3.5100,0.1875
2016-12-01,2016,12,West,Colorado,Corporate,Technology,Accessories,1,3,165.6000,-6.2100,-0.0375
2016-12-01,2016,12,West,Nevada,Corporate,Office Supplies,Art,1,2,3.6400,1.6380,0.4500
2016-12-01,2016,12,West,Nevada,Corporate,Office Supplies,Binders,1,7,159.7680,53.9217,0.3375
2016-12-01,2016,12,West,New Mexico,Corporate,Office Supplies,Binders,1,3,24.9040,8.2365,0.3307
2016-12-01,2016,12,West,Oregon,Consumer,Furniture,Furnishings,1,5,34.6240,7.9496,0.2296
2016-12-01,2016,12,West,Oregon,Consumer,Office Supplies,Binders,1,10,31.3200,-25.0560,-0.8000
2016-12-01,2016,12,West,Oregon,Consumer,Office Supplies,Envelopes,1,3,27.7920,10.4220,0.3750
2016-12-01,2016,12,West,Oregon,Home Office,Furniture,Chairs,1,5,403.9200,25.2450,0.0625
2016-12-01,2016,12,West,Oregon,Home Office,Furniture,Tables,2,8,941.6450,-568.8803,-0.6041
2016-12-01,2016,12,West,Oregon,Home Office,Office Supplies,Appliances,1,2,87.1680,8.7168,0.1000
2016-12-01,2016,12,West,Oregon,Home Office,Office Supplies,Art,1,4,18.6880,2.3360,0.1250
2016-12-01,2016,12,West,Oregon,Home Office,Office Supplies,Binders,1,4,45.2400,-30.1600,-0.6667
2016-12-01,2016,12,West,Oregon,Home Office,Office Supplies,Labels,1,4,15.9360,5.1792,0.3250
2016-12-01,2016,12,West,Oregon,Home Office,Office Supplies,Paper,1,2,11.6480,3.7856,0.3250
2016-12-01,2016,12,West,Oregon,Home Office,Technology,Accessories,1,3,112.7760,-8.4582,-0.0750
2016-12-01,2016,12,West,Oregon,Home Office,Technology,Phones,1,3,28.6800,-7.1700,-0.2500
2016-12-01,2016,12,West,Washington,Consumer,Furniture,Chairs,1,3,698.3520,52.3764,0.0750
2016-12-01,2016,12,West,Washington,Consumer,Furniture,Tables,1,5,1747.2500,629.0100,0.3600
2016-12-01,2016,12,West,Washington,Consumer,Office Supplies,Appliances,1,6,100.4400,35.1540,0.3500
2016-12-01,2016,12,West,Washington,Consumer,Office Supplies,Binders,3,16,668.5440,219.1962,0.3279
2016-12-01,2016,12,West,Washington,Consumer,Office Supplies,Envelopes,1,1,35.8900,16.1505,0.4500
2016-12-01,2016,12,West,Washington,Consumer,Office Supplies,Paper,3,21,595.6000,277.1146,0.4653
2016-12-01,2016,12,West,Washington,Consumer,Technology,Accessories,1,5,44.7500,8.5025,0.1900
2016-12-01,2016,12,West,Washington,Consumer,Technology,Phones,1,4,588.7680,40.7178,0.0692
2016-12-01,2016,12,West,Washington,Corporate,Furniture,Furnishings,1,4,14.8000,6.0680,0.4100
2016-12-01,2016,12,West,Washington,Corporate,Office Supplies,Art,1,5,13.0200,3.7338,0.2868
2016-12-01,2016,12,West,Washington,Corporate,Office Supplies,Envelopes,1,2,61.9600,30.3604,0.4900
2016-12-01,2016,12,West,Washington,Corporate,Office Supplies,Paper,2,8,119.2400,57.2352,0.4800
2016-12-01,2016,12,West,Washington,Corporate,Office Supplies,Storage,1,6,1345.2000,58.1688,0.0432
2016-12-01,2016,12,West,Washington,Corporate,Technology,Accessories,1,4,316.0000,31.6000,0.1000
2016-12-01,2016,12,West,Washington,Corporate,Technology,Phones,1,3,302.3760,22.6782,0.0750
2016-12-01,2016,12,West,Washington,Home Office,Office Supplies,Binders,1,4,55.3600,19.3760,0.3500
2016-12-01,2016,12,West,Washington,Home Office,Office Supplies,Storage,1,3,46.5300,13.0284,0.2800
2016-12-01,2016,12,West,Washington,Home Office,Technology,Machines,1,1,11.5600,3.7570,0.3250
2017-01-01,2017,1,Central,Illinois,Consumer,Furniture,Tables,1,1,69.3750,-47.1750,-0.6800
2017-01-01,2017,1,Central,Illinois,Consumer,Office Supplies,Art,1,2,9.3440,3.1536,0.3375
2017-01-01,2017,1,Central,Illinois,Consumer,Office Supplies,Binders,1,4,12.1280,-20.6176,-1.7000
2017-01-01,2017,1,Central,Illinois,Consumer,Office Supplies,Envelopes,1,4,268.5760,90.6444,0.3375
2017-01-01,2017,1,Central,Illinois,Consumer,Office Supplies,Labels,1,5,11.5200,4.1760,0.3625
2017-01-01,2017,1,Central,Illinois,Consumer,Office Supplies,Supplies,1,4,31.6800,2.7720,0.0875
2017-01-01,2017,1,Central,Illinois,Consumer,Technology,Phones,1,4,2003.1680,250.3960,0.1250
2017-01-01,2017,1,Central,Illinois,Corporate,Office Supplies,Art,1,3,7.8720,0.8856,0.1125
2017-01-01,2017,1,Central,Illinois,Corporate,Office Supplies,Fasteners,1,5,15.1200,4.9140,0.3250
2017-01-01,2017,1,Central,Indiana,Home Office,Furniture,Furnishings,1,2,18.9600,8.5320,0.4500
2017-01-01,2017,1,Central,Indiana,Home Office,Office Supplies,Fasteners,1,2,2.5200,0.1008,0.0400
2017-01-01,2017,1,Central,Indiana,Home Office,Office Supplies,Paper,1,1,11.3400,5.5566,0.4900
2017-01-01,2017,1,Central,Indiana,Home Office,Office Supplies,Storage,1,7,86.1600,22.7768,0.2644
2017-01-01,2017,1,Central,Indiana,Home Office,Technology,Accessories,1,8,171.9200,72.8572,0.4238
2017-01-01,2017,1,Central,Indiana,Home Office,Technology,Phones,1,4,67.8000,1.3560,0.0200
2017-01-01,2017,1,Central,Iowa,Consumer,Furniture,Furnishings,1,3,14.9100,4.6221,0.3100
2017-01-01,2017,1,Central,Iowa,Consumer,Office Supplies,Paper,1,7,107.8100,51.7488,0.4800
2017-01-01,2017,1,Central,Iowa,Consumer,Office Supplies,Storage,1,1,13.4800,3.5048,0.2600
2017-01-01,2017,1,Central,Iowa,Corporate,Furniture,Furnishings,1,7,34.5800,14.5236,0.4200
2017-01-01,2017,1,Central,Iowa,Corporate,Office Supplies,Art,1,2,40.3000,10.8810,0.2700
2017-01-01,2017,1,Central,Iowa,Corporate,Office Supplies,Binders,1,8,58.3400,28.7845,0.4934
2017-01-01,2017,1,Central,Iowa,Corporate,Technology,Phones,1,3,207.0000,51.7500,0.2500
2017-01-01,2017,1,Central,Kansas,Consumer,Office Supplies,Paper,1,5,279.9000,137.1510,0.4900
2017-01-01,2017,1,Central,Michigan,Consumer,Furniture,Chairs,1,3,302.6700,72.6408,0.2400
2017-01-01,2017,1,Central,Michigan,Consumer,Office Supplies,Binders,1,4,5443.9600,2504.2216,0.4600
2017-01-01,2017,1,Central,Michigan,Consumer,Office Supplies,Paper,1,7,56.0700,25.2315,0.4500
2017-01-01,2017,1,Central,Michigan,Corporate,Furniture,Tables,1,2,210.9800,21.0980,0.1000
2017-01-01,2017,1,Central,Michigan,Corporate,Technology,Machines,1,2,3059.9820,679.9960,0.2222
2017-01-01,2017,1,Central,Michigan,Home Office,Office Supplies,Binders,1,9,103.9200,49.1304,0.4728
2017-01-01,2017,1,Central,Michigan,Home Office,Technology,Accessories,1,5,619.9500,111.5910,0.1800
2017-01-01,2017,1,Central,Michigan,Home Office,Technology,Machines,1,3,350.9730,152.0883,0.4333
2017-01-01,2017,1,Central,Michigan,Home Office,Technology,Phones,1,1,164.9900,49.4970,0.3000
2017-01-01,2017,1,Central,Missouri,Corporate,Furniture,Bookcases,1,3,212.9400,53.2350,0.2500
2017-01-01,2017,1,Central,Missouri,Corporate,Office Supplies,Art,1,6,209.9400,54.5844,0.2600
2017-01-01,2017,1,Central,Missouri,Corporate,Office Supplies,Paper,1,5,32.4000,15.5520,0.4800
2017-01-01,2017,1,Central,Missouri,Corporate,Office Supplies,Supplies,1,5,4164.0500,83.2810,0.0200
2017-01-01,2017,1,Central,Texas,Consumer,Furniture,Chairs,1,4,310.7440,-26.6352,-0.0857
2017-01-01,2017,1,Central,Texas,Consumer,Furniture,Furnishings,1,5,141.4200,-187.3815,-1.3250
2017-01-01,2017,1,Central,Texas,Consumer,Furniture,Tables,1,5,913.4300,-169.6370,-0.1857
2017-01-01,2017,1,Central,Texas,Consumer,Office Supplies,Appliances,2,4,20.6560,-52.4012,-2.5369
2017-01-01,2017,1,Central,Texas,Consumer,Office Supplies,Art,2,6,44.4800,6.1968,0.1393
2017-01-01,2017,1,Central,Texas,Consumer,Office Supplies,Binders,2,24,57.2780,-91.4714,-1.5970
2017-01-01,2017,1,Central,Texas,Consumer,Office Supplies,Labels,1,2,6.0000,2.1000,0.3500
2017-01-01,2017,1,Central,Texas,Consumer,Office Supplies,Storage,3,10,844.8640,-78.2312,-0.0926
2017-01-01,2017,1,Central,Texas,Consumer,Technology,Accessories,1,10,110.5760,27.6960,0.2505
2017-01-01,2017,1,Central,Texas,Corporate,Office Supplies,Binders,1,5,760.9800,-1141.4700,-1.5000
2017-01-01,2017,1,Central,Wisconsin,Home Office,Office Supplies,Binders,1,2,3.6000,1.7280,0.4800
2017-01-01,2017,1,East,Connecticut,Consumer,Office Supplies,Art,1,2,3.5200,1.0208,0.2900
2017-01-01,2017,1,East,District of Columbia,Home Office,Furniture,Furnishings,1,2,37.6800,15.8256,0.4200
2017-01-01,2017,1,East,District of Columbia,Home Office,Office Supplies,Paper,1,6,40.0800,19.2384,0.4800
2017-01-01,2017,1,East,Massachusetts,Consumer,Office Supplies,Paper,1,2,12.7000,5.8420,0.4600
2017-01-01,2017,1,East,New York,Consumer,Office Supplies,Labels,1,2,5.2200,2.4012,0.4600
2017-01-01,2017,1,East,New York,Consumer,Technology,Phones,1,3,137.9400,35.8644,0.2600
2017-01-01,2017,1,East,New York,Corporate,Furniture,Chairs,1,3,207.8460,2.3094,0.0111
2017-01-01,2017,1,East,New York,Home Office,Technology,Accessories,1,9,449.9100,157.4685,0.3500
2017-01-01,2017,1,East,Ohio,Consumer,Furniture,Furnishings,1,4,48.8960,8.5568,0.1750
2017-01-01,2017,1,East,Ohio,Consumer,Office Supplies,Art,1,3,14.0160,1.7520,0.1250
2017-01-01,2017,1,East,Ohio,Consumer,Technology,Accessories,1,3,71.9760,-8.9970,-0.1250
2017-01-01,2017,1,East,Ohio,Consumer,Technology,Phones,1,3,107.9820,-26.9955,-0.2500
2017-01-01,2017,1,East,Pennsylvania,Consumer,Furniture,Chairs,1,3,887.2710,-63.3765,-0.0714
2017-01-01,2017,1,East,Pennsylvania,Consumer,Furniture,Furnishings,1,2,31.9680,6.3936,0.2000
2017-01-01,2017,1,East,Pennsylvania,Consumer,Office Supplies,Appliances,1,9,1958.5440,316.5442,0.1616
2017-01-01,2017,1,East,Pennsylvania,Consumer,Office Supplies,Art,1,2,4.7680,0.4768,0.1000
2017-01-01,2017,1,East,Pennsylvania,Consumer,Office Supplies,Binders,1,3,274.4910,-228.7425,-0.8333
2017-01-01,2017,1,East,Pennsylvania,Consumer,Office Supplies,Paper,1,4,21.6960,7.0512,0.3250
2017-01-01,2017,1,East,Pennsylvania,Consumer,Technology,Phones,1,2,429.6000,-93.0800,-0.2167
2017-01-01,2017,1,East,Vermont,Consumer,Office Supplies,Appliances,1,3,542.9400,152.0232,0.2800
2017-01-01,2017,1,East,Vermont,Consumer,Office Supplies,Envelopes,1,1,2.0400,0.9588,0.4700
2017-01-01,2017,1,East,Vermont,Consumer,Office Supplies,Paper,1,5,92.2000,43.3340,0.4700
2017-01-01,2017,1,South,Alabama,Corporate,Office Supplies,Art,1,7,15.4700,4.1769,0.2700
2017-01-01,2017,1,South,Alabama,Corporate,Office Supplies,Binders,1,2,7.1600,3.4368,0.4800
2017-01-01,2017,1,South,Alabama,Home Office,Office Supplies,Binders,1,7,33.7400,15.5204,0.4600
2017-01-01,2017,1,South,Florida,Consumer,Furniture,Chairs,1,4,419.1360,-68.1096,-0.1625
2017-01-01,2017,1,South,Florida,Consumer,Office Supplies,Binders,1,3,2.8080,-1.9656,-0.7000
2017-01-01,2017,1,South,Georgia,Consumer,Furniture,Furnishings,1,4,62.7200,24.4608,0.3900
2017-01-01,2017,1,South,Georgia,Consumer,Office Supplies,Fasteners,1,3,5.6700,0.1134,0.0200
2017-01-01,2017,1,South,Georgia,Consumer,Technology,Phones,1,7,2939.9300,764.3818,0.2600
2017-01-01,2017,1,South,North Carolina,Consumer,Office Supplies,Envelopes,1,1,21.7440,7.3386,0.3375
2017-01-01,2017,1,South,North Carolina,Consumer,Technology,Phones,1,5,7.9200,0.6930,0.0875
2017-01-01,2017,1,South,North Carolina,Corporate,Office Supplies,Binders,1,11,44.5140,-33.6876,-0.7568
2017-01-01,2017,1,South,North Carolina,Corporate,Technology,Machines,1,2,695.7000,-27.8280,-0.0400
2017-01-01,2017,1,South,North Carolina,Home Office,Office Supplies,Binders,1,7,35.7840,-28.6272,-0.8000
2017-01-01,2017,1,South,North Carolina,Home Office,Office Supplies,Storage,1,7,348.2080,30.4682,0.0875
2017-01-01,2017,1,South,Tennessee,Consumer,Office Supplies,Binders,1,7,8.4780,-6.4162,-0.7568
2017-01-01,2017,1,South,Tennessee,Consumer,Office Supplies,Envelopes,1,3,18.3360,6.6468,0.3625
2017-01-01,2017,1,South,Tennessee,Consumer,Office Supplies,Paper,1,7,36.2880,12.7008,0.3500
2017-01-01,2017,1,South,Tennessee,Consumer,Technology,Phones,1,2,111.9840,6.9990,0.0625
2017-01-01,2017,1,West,Arizona,Home Office,Office Supplies,Binders,1,2,4.9380,-3.6212,-0.7333
2017-01-01,2017,1,West,Arizona,Home Office,Technology,Accessories,1,2,95.9840,11.9980,0.1250
2017-01-01,2017,1,West,California,Consumer,Furniture,Furnishings,1,11,474.4300,199.2606,0.4200
2017-01-01,2017,1,West,California,Consumer,Office Supplies,Art,3,11,41.6600,13.2552,0.3182
2017-01-01,2017,1,West,California,Consumer,Office Supplies,Binders,2,16,2141.8880,722.8872,0.3375
2017-01-01,2017,1,West,California,Consumer,Office Supplies,Fasteners,2,9,19.7300,9.2337,0.4680
2017-01-01,2017,1,West,California,Consumer,Office Supplies,Paper,2,11,193.7800,88.3674,0.4560
2017-01-01,2017,1,West,California,Consumer,Office Supplies,Storage,2,16,344.1000,51.6714,0.1502
2017-01-01,2017,1,West,California,Consumer,Office Supplies,Supplies,2,8,118.6800,34.1601,0.2878
2017-01-01,2017,1,West,California,Consumer,Technology,Phones,2,6,520.7520,140.5398,0.2699
2017-01-01,2017,1,West,California,Corporate,Furniture,Furnishings,1,4,27.9200,8.0968,0.2900
2017-01-01,2017,1,West,California,Corporate,Furniture,Tables,1,7,399.6720,-14.9877,-0.0375
2017-01-01,2017,1,West,California,Corporate,Office Supplies,Appliances,1,3,25.8600,6.7236,0.2600
2017-01-01,2017,1,West,California,Corporate,Office Supplies,Binders,1,2,276.7840,89.9548,0.3250
2017-01-01,2017,1,West,California,Corporate,Office Supplies,Envelopes,1,1,9.7800,4.8900,0.5000
2017-01-01,2017,1,West,California,Corporate,Technology,Accessories,1,1,16.5900,5.8065,0.3500
2017-01-01,2017,1,West,California,Corporate,Technology,Phones,1,3,110.3520,8.2764,0.0750
2017-01-01,2017,1,West,California,Home Office,Furniture,Chairs,1,1,120.7840,-13.5882,-0.1125
2017-01-01,2017,1,West,California,Home Office,Furniture,Furnishings,1,3,37.7400,12.8316,0.3400
2017-01-01,2017,1,West,California,Home Office,Office Supplies,Art,2,15,42.9600,14.3204,0.3333
2017-01-01,2017,1,West,California,Home Office,Technology,Accessories,1,3,239.9700,26.3967,0.1100
2017-01-01,2017,1,West,Colorado,Corporate,Office Supplies,Storage,1,9,168.6240,14.7546,0.0875
2017-01-01,2017,1,West,Colorado,Corporate,Technology,Accessories,1,7,169.0640,-14.7931,-0.0875
2017-01-01,2017,1,West,Montana,Home Office,Office Supplies,Paper,1,2,11.9600,5.3820,0.4500
2017-01-01,2017,1,West,Montana,Home Office,Office Supplies,Storage,1,6,1177.4700,70.1925,0.0596
2017-01-01,2017,1,West,Montana,Home Office,Technology,Copiers,1,5,2999.9500,1379.9770,0.4600
2017-01-01,2017,1,West,Washington,Corporate,Furniture,Tables,1,2,892.9800,80.3682,0.0900
2017-01-01,2017,1,West,Washington,Corporate,Office Supplies,Binders,1,5,19.6800,6.8880,0.3500
2017-01-01,2017,1,West,Washington,Corporate,Office Supplies,Paper,1,5,32.4000,15.5520,0.4800
2017-01-01,2017,1,West,Washington,Corporate,Technology,Phones,1,6,86.3520,8.6352,0.1000
2017-01-01,2017,1,West,Washington,Home Office,Furniture,Bookcases,1,1,84.9800,18.6956,0.2200
2017-01-01,2017,1,West,Washington,Home Office,Office Supplies,Binders,1,15,146.3520,49.6278,0.3391
2017-01-01,2017,1,West,Washington,Home Office,Office Supplies,Storage,1,3,242.9400,9.7176,0.0400
2017-01-01,2017,1,West,Washington,Home Office,Technology,Accessories,1,3,179.9700,86.3856,0.4800
2017-01-01,2017,1,West,Washington,Home Office,Technology,Phones,1,4,604.7680,60.4768,0.1000
2017-02-01,2017,2,Central,Illinois,Consumer,Furniture,Chairs,1,3,600.5580,-8.5794,-0.0143
2017-02-01,2017,2,Central,Illinois,Consumer,Furniture,Furnishings,1,1,7.6920,-3.6537,-0.4750
2017-02-01,2017,2,Central,Illinois,Consumer,Office Supplies,Art,1,6,28.0320,3.5040,0.1250
2017-02-01,2017,2,Central,Illinois,Consumer,Office Supplies,Binders,1,3,1.7880,-3.0396,-1.7000
2017-02-01,2017,2,Central,Illinois,Consumer,Office Supplies,Fasteners,1,2,18.3680,6.1992,0.3375
2017-02-01,2017,2,Central,Illinois,Consumer,Office Supplies,Storage,1,3,50.3520,-8.1822,-0.1625
2017-02-01,2017,2,Central,Illinois,Home Office,Furniture,Furnishings,1,1,22.2000,-26.0850,-1.1750
2017-02-01,2017,2,Central,Illinois,Home Office,Furniture,Tables,1,3,480.9600,-269.3376,-0.5600
2017-02-01,2017,2,Central,Illinois,Home Office,Office Supplies,Paper,1,8,490.1680,172.3786,0.3517
2017-02-01,2017,2,Central,Illinois,Home Office,Technology,Phones,1,1,124.7920,10.9193,0.0875
2017-02-01,2017,2,Central,Minnesota,Consumer,Office Supplies,Appliances,1,8,90.6400,38.9752,0.4300
2017-02-01,2017,2,Central,Oklahoma,Home Office,Office Supplies,Appliances,1,3,13.1100,3.4086,0.2600
2017-02-01,2017,2,Central,Oklahoma,Home Office,Office Supplies,Art,1,2,6.5600,1.9024,0.2900
2017-02-01,2017,2,Central,Texas,Consumer,Furniture,Furnishings,1,2,3.9840,-2.6892,-0.6750
2017-02-01,2017,2,Central,Texas,Consumer,Office Supplies,Appliances,1,2,12.9920,-32.4800,-2.5000
2017-02-01,2017,2,Central,Texas,Consumer,Office Supplies,Art,1,5,7.1200,0.7120,0.1000
2017-02-01,2017,2,Central,Texas,Consumer,Office Supplies,Binders,2,8,496.7760,-844.0796,-1.6991
2017-02-01,2017,2,Central,Texas,Consumer,Technology,Accessories,2,3,175.8880,13.0040,0.0739
2017-02-01,2017,2,Central,Texas,Home Office,Furniture,Bookcases,1,1,89.0664,-17.0274,-0.1912
2017-02-01,2017,2,Central,Texas,Home Office,Office Supplies,Art,1,6,175.4400,52.6320,0.3000
2017-02-01,2017,2,Central,Texas,Home Office,Technology,Phones,1,4,438.3360,-87.6672,-0.2000
2017-02-01,2017,2,East,Connecticut,Consumer,Office Supplies,Binders,1,2,9.8400,4.7232,0.4800
2017-02-01,2017,2,East,Connecticut,Consumer,Office Supplies,Paper,1,1,7.7800,3.5010,0.4500
2017-02-01,2017,2,East,Connecticut,Corporate,Office Supplies,Storage,1,3,579.5100,81.1314,0.1400
2017-02-01,2017,2,East,Connecticut,Corporate,Technology,Phones,1,1,14.9900,7.3451,0.4900
2017-02-01,2017,2,East,Maryland,Consumer,Office Supplies,Art,1,3,10.7100,2.7846,0.2600
2017-02-01,2017,2,East,Maryland,Consumer,Office Supplies,Paper,1,4,23.1200,11.3288,0.4900
2017-02-01,2017,2,East,Maryland,Consumer,Office Supplies,Supplies,1,3,25.0200,6.5052,0.2600
2017-02-01,2017,2,East,New Jersey,Home Office,Office Supplies,Paper,1,2,11.7600,5.7624,0.4900
2017-02-01,2017,2,East,New Jersey,Home Office,Office Supplies,Storage,1,5,166.4500,39.9480,0.2400
2017-02-01,2017,2,East,New York,Consumer,Furniture,Bookcases,1,1,240.7840,30.0980,0.1250
2017-02-01,2017,2,East,New York,Consumer,Office Supplies,Appliances,1,3,32.6700,8.4942,0.2600
2017-02-01,2017,2,East,New York,Consumer,Office Supplies,Paper,1,2,37.9400,18.2112,0.4800
2017-02-01,2017,2,East,New York,Corporate,Office Supplies,Binders,1,4,46.2400,15.6060,0.3375
2017-02-01,2017,2,East,New York,Corporate,Office Supplies,Labels,1,2,20.7000,9.9360,0.4800
2017-02-01,2017,2,East,New York,Corporate,Office Supplies,Paper,1,3,17.9400,8.7906,0.4900
2017-02-01,2017,2,East,New York,Corporate,Technology,Phones,1,6,227.4600,65.9634,0.2900
2017-02-01,2017,2,East,Ohio,Consumer,Furniture,Furnishings,1,2,147.5680,-3.6892,-0.0250
2017-02-01,2017,2,East,Ohio,Consumer,Office Supplies,Binders,1,3,5.2290,-4.1832,-0.8000
2017-02-01,2017,2,East,Ohio,Consumer,Office Supplies,Storage,1,2,285.5520,35.6940,0.1250
2017-02-01,2017,2,East,Ohio,Corporate,Office Supplies,Fasteners,1,9,21.4560,6.9732,0.3250
2017-02-01,2017,2,East,Ohio,Corporate,Office Supplies,Paper,1,2,78.3040,29.3640,0.3750
2017-02-01,2017,2,East,Ohio,Corporate,Technology,Phones,1,5,59.9700,-11.9940,-0.2000
2017-02-01,2017,2,East,Ohio,Home Office,Furniture,Chairs,1,5,899.4300,-12.8490,-0.0143
2017-02-01,2017,2,East,Ohio,Home Office,Furniture,Furnishings,1,2,30.1440,8.2896,0.2750
2017-02-01,2017,2,East,Ohio,Home Office,Furniture,Tables,1,5,455.9700,-106.3930,-0.2333
2017-02-01,2017,2,East,Ohio,Home Office,Office Supplies,Binders,1,5,5.7150,-4.7625,-0.8333
2017-02-01,2017,2,East,Ohio,Home Office,Technology,Phones,1,1,57.5940,-11.5188,-0.2000
2017-02-01,2017,2,East,Pennsylvania,Consumer,Office Supplies,Binders,1,4,4.9560,-3.7996,-0.7667
2017-02-01,2017,2,East,Pennsylvania,Corporate,Office Supplies,Paper,1,5,123.9200,38.7250,0.3125
2017-02-01,2017,2,East,Pennsylvania,Corporate,Technology,Accessories,1,5,1319.8000,214.4675,0.1625
2017-02-01,2017,2,South,Florida,Consumer,Office Supplies,Binders,1,2,3.8820,-2.5880,-0.6667
2017-02-01,2017,2,South,Florida,Consumer,Office Supplies,Paper,1,3,115.2960,40.3536,0.3500
2017-02-01,2017,2,South,Georgia,Corporate,Office Supplies,Appliances,1,7,1245.8600,361.2994,0.2900
2017-02-01,2017,2,South,Louisiana,Consumer,Technology,Phones,1,3,29.1600,8.4564,0.2900
2017-02-01,2017,2,South,North Carolina,Consumer,Furniture,Bookcases,1,5,231.9200,5.7980,0.0250
2017-02-01,2017,2,South,North Carolina,Consumer,Furniture,Chairs,1,2,196.7840,-22.1382,-0.1125
2017-02-01,2017,2,South,Virginia,Consumer,Furniture,Bookcases,1,3,359.9700,79.1934,0.2200
2017-02-01,2017,2,West,Arizona,Home Office,Furniture,Furnishings,1,2,68.7040,16.3172,0.2375
2017-02-01,2017,2,West,Arizona,Home Office,Furniture,Tables,1,9,386.9100,-185.7168,-0.4800
2017-02-01,2017,2,West,Arizona,Home Office,Office Supplies,Envelopes,1,5,10.6400,3.8570,0.3625
2017-02-01,2017,2,West,Arizona,Home Office,Office Supplies,Storage,1,2,51.1680,-6.3960,-0.1250
2017-02-01,2017,2,West,Arizona,Home Office,Technology,Accessories,1,1,31.9920,4.7988,0.1500
2017-02-01,2017,2,West,Arizona,Home Office,Technology,Phones,1,3,333.5760,25.0182,0.0750
2017-02-01,2017,2,West,California,Consumer,Furniture,Furnishings,2,4,178.2200,44.9616,0.2523
2017-02-01,2017,2,West,California,Consumer,Office Supplies,Appliances,2,11,403.5900,116.2812,0.2881
2017-02-01,2017,2,West,California,Consumer,Office Supplies,Paper,2,10,67.0400,30.1680,0.4500
2017-02-01,2017,2,West,California,Consumer,Office Supplies,Storage,2,9,493.9400,56.6762,0.1147
2017-02-01,2017,2,West,California,Consumer,Technology,Phones,1,2,258.5760,19.3932,0.0750
2017-02-01,2017,2,West,California,Corporate,Furniture,Furnishings,3,7,253.9300,26.5179,0.1044
2017-02-01,2017,2,West,California,Corporate,Office Supplies,Appliances,1,5,1640.7000,459.3960,0.2800
2017-02-01,2017,2,West,California,Corporate,Office Supplies,Binders,2,9,52.2960,17.7963,0.3403
2017-02-01,2017,2,West,California,Corporate,Office Supplies,Labels,1,2,9.8200,4.8118,0.4900
2017-02-01,2017,2,West,California,Corporate,Technology,Accessories,1,3,109.5300,47.0979,0.4300
2017-02-01,2017,2,West,California,Corporate,Technology,Machines,1,2,239.9840,38.9974,0.1625
2017-02-01,2017,2,West,California,Corporate,Technology,Phones,3,10,755.1440,71.1557,0.0942
2017-02-01,2017,2,West,California,Home Office,Furniture,Bookcases,1,2,203.9830,16.7986,0.0824
2017-02-01,2017,2,West,California,Home Office,Furniture,Chairs,1,3,892.2240,89.2224,0.1000
2017-02-01,2017,2,West,California,Home Office,Furniture,Furnishings,1,3,44.6700,12.0609,0.2700
2017-02-01,2017,2,West,California,Home Office,Office Supplies,Appliances,1,4,81.9200,22.1184,0.2700
2017-02-01,2017,2,West,California,Home Office,Office Supplies,Art,1,3,12.8400,3.4668,0.2700
2017-02-01,2017,2,West,California,Home Office,Office Supplies,Paper,2,13,276.9400,134.5046,0.4857
2017-02-01,2017,2,West,California,Home Office,Technology,Phones,1,8,889.5360,66.7152,0.0750
2017-02-01,2017,2,West,Colorado,Corporate,Office Supplies,Fasteners,1,3,9.4320,3.0654,0.3250
2017-02-01,2017,2,West,Washington,Consumer,Furniture,Furnishings,1,1,107.5300,21.5060,0.2000
2017-02-01,2017,2,West,Washington,Consumer,Office Supplies,Art,1,3,6.6300,1.7901,0.2700
2017-02-01,2017,2,West,Washington,Consumer,Office Supplies,Fasteners,1,3,11.2200,0.2244,0.0200
2017-02-01,2017,2,West,Washington,Consumer,Technology,Accessories,1,4,799.9600,343.9828,0.4300
2017-02-01,2017,2,West,Washington,Corporate,Furniture,Chairs,1,4,963.1360,108.3528,0.1125
2017-02-01,2017,2,West,Washington,Corporate,Office Supplies,Fasteners,1,5,8.4000,0.3360,0.0400
2017-02-01,2017,2,West,Washington,Corporate,Technology,Phones,2,8,160.7360,32.9539,0.2050
2017-03-01,2017,3,Central,Illinois,Consumer,Office Supplies,Binders,1,13,13.4680,-22.8956,-1.7000
2017-03-01,2017,3,Central,Illinois,Corporate,Technology,Phones,2,3,57.6080,7.5590,0.1312
2017-03-01,2017,3,Central,Illinois,Home Office,Furniture,Chairs,1,1,89.7680,-2.5648,-0.0286
2017-03-01,2017,3,Central,Illinois,Home Office,Office Supplies,Art,1,9,49.2160,4.0488,0.0823
2017-03-01,2017,3,Central,Illinois,Home Office,Office Supplies,Paper,1,3,15.5520,5.6376,0.3625
2017-03-01,2017,3,Central,Illinois,Home Office,Technology,Copiers,1,2,959.9840,335.9944,0.3500
2017-03-01,2017,3,Central,Illinois,Home Office,Technology,Machines,1,2,209.9860,8.9994,0.0429
2017-03-01,2017,3,Central,Illinois,Home Office,Technology,Phones,1,1,34.3600,-7.3015,-0.2125
2017-03-01,2017,3,Central,Indiana,Consumer,Furniture,Furnishings,1,1,2.9100,1.3677,0.4700
2017-03-01,2017,3,Central,Indiana,Consumer,Office Supplies,Paper,1,6,283.1800,135.9842,0.4802
2017-03-01,2017,3,Central,Indiana,Consumer,Office Supplies,Storage,1,5,81.4000,21.1640,0.2600
2017-03-01,2017,3,Central,Michigan,Consumer,Furniture,Chairs,1,1,180.9800,47.0548,0.2600
2017-03-01,2017,3,Central,Michigan,Consumer,Office Supplies,Binders,1,4,895.9200,421.0824,0.4700
2017-03-01,2017,3,Central,Michigan,Consumer,Technology,Accessories,1,2,99.9800,42.9914,0.4300
2017-03-01,2017,3,Central,Michigan,Corporate,Furniture,Furnishings,1,3,60.8400,23.1192,0.3800
2017-03-01,2017,3,Central,Minnesota,Consumer,Office Supplies,Binders,1,5,146.6500,71.8585,0.4900
2017-03-01,2017,3,Central,Minnesota,Consumer,Office Supplies,Fasteners,1,2,7.9000,2.5280,0.3200
2017-03-01,2017,3,Central,Minnesota,Consumer,Office Supplies,Storage,1,4,221.1600,57.5016,0.2600
2017-03-01,2017,3,Central,Oklahoma,Consumer,Furniture,Chairs,1,6,1805.8800,523.7052,0.2900
2017-03-01,2017,3,Central,Oklahoma,Consumer,Office Supplies,Envelopes,1,2,325.8600,149.8956,0.4600
2017-03-01,2017,3,Central,Texas,Consumer,Furniture,Bookcases,1,5,1023.3320,-30.0980,-0.0294
2017-03-01,2017,3,Central,Texas,Consumer,Furniture,Chairs,1,5,811.8040,-74.9710,-0.0924
2017-03-01,2017,3,Central,Texas,Consumer,Furniture,Furnishings,1,3,82.5240,-41.2620,-0.5000
2017-03-01,2017,3,Central,Texas,Consumer,Furniture,Tables,1,4,933.4080,-173.3472,-0.1857
2017-03-01,2017,3,Central,Texas,Consumer,Office Supplies,Appliances,1,3,2.6880,-7.3920,-2.7500
2017-03-01,2017,3,Central,Texas,Consumer,Office Supplies,Art,2,7,87.3200,11.3154,0.1296
2017-03-01,2017,3,Central,Texas,Consumer,Office Supplies,Binders,1,3,182.9940,-320.2395,-1.7500
2017-03-01,2017,3,Central,Texas,Consumer,Office Supplies,Labels,1,2,4.9280,1.7248,0.3500
2017-03-01,2017,3,Central,Texas,Consumer,Office Supplies,Paper,4,21,454.0640,166.2640,0.3662
2017-03-01,2017,3,Central,Texas,Consumer,Office Supplies,Storage,1,2,143.7280,-32.3388,-0.2250
2017-03-01,2017,3,Central,Texas,Consumer,Technology,Accessories,2,4,67.8080,11.5187,0.1699
2017-03-01,2017,3,Central,Texas,Consumer,Technology,Phones,2,10,1007.9200,94.0727,0.0933
2017-03-01,2017,3,Central,Texas,Corporate,Furniture,Bookcases,1,2,205.3328,-36.2352,-0.1765
2017-03-01,2017,3,Central,Texas,Corporate,Office Supplies,Appliances,2,13,120.7880,-317.4108,-2.6278
2017-03-01,2017,3,Central,Texas,Corporate,Office Supplies,Binders,2,8,12.7780,-21.1115,-1.6522
2017-03-01,2017,3,Central,Texas,Corporate,Office Supplies,Paper,1,3,74.3520,23.2350,0.3125
2017-03-01,2017,3,Central,Texas,Corporate,Office Supplies,Storage,2,5,45.0000,3.3750,0.0750
2017-03-01,2017,3,Central,Texas,Corporate,Office Supplies,Supplies,1,4,6.9760,-1.3952,-0.2000
2017-03-01,2017,3,Central,Texas,Corporate,Technology,Accessories,1,5,143.9600,1.7995,0.0125
2017-03-01,2017,3,Central,Texas,Corporate,Technology,Copiers,1,5,2399.9600,569.9905,0.2375
2017-03-01,2017,3,Central,Texas,Home Office,Furniture,Furnishings,1,5,103.5000,-77.6250,-0.7500
2017-03-01,2017,3,Central,Texas,Home Office,Office Supplies,Binders,1,6,13.7760,-22.0416,-1.6000
2017-03-01,2017,3,Central,Texas,Home Office,Office Supplies,Labels,1,1,2.4640,0.8624,0.3500
2017-03-01,2017,3,Central,Texas,Home Office,Office Supplies,Paper,1,3,10.2720,3.2100,0.3125
2017-03-01,2017,3,Central,Texas,Home Office,Office Supplies,Storage,1,1,8.7200,0.6540,0.0750
2017-03-01,2017,3,Central,Wisconsin,Consumer,Office Supplies,Labels,1,2,25.0600,11.7782,0.4700
2017-03-01,2017,3,Central,Wisconsin,Corporate,Furniture,Chairs,1,11,1986.5200,482.5819,0.2429
2017-03-01,2017,3,East,Connecticut,Consumer,Office Supplies,Appliances,1,2,465.1600,120.9416,0.2600
2017-03-01,2017,3,East,Connecticut,Consumer,Office Supplies,Binders,1,2,30.8800,15.4400,0.5000
2017-03-01,2017,3,East,Connecticut,Consumer,Office Supplies,Paper,2,6,89.0800,40.3572,0.4530
2017-03-01,2017,3,East,Connecticut,Consumer,Technology,Accessories,1,2,238.0000,38.0800,0.1600
2017-03-01,2017,3,East,Delaware,Corporate,Furniture,Bookcases,1,2,441.9600,101.6508,0.2300
2017-03-01,2017,3,East,Delaware,Corporate,Office Supplies,Art,1,3,59.5200,15.4752,0.2600
2017-03-01,2017,3,East,Delaware,Corporate,Office Supplies,Envelopes,1,7,57.9600,27.2412,0.4700
2017-03-01,2017,3,East,Delaware,Corporate,Office Supplies,Paper,1,6,68.0400,33.3396,0.4900
2017-03-01,2017,3,East,Maryland,Consumer,Office Supplies,Binders,1,3,174.3000,81.9210,0.4700
2017-03-01,2017,3,East,Maryland,Home Office,Technology,Accessories,1,3,49.0800,4.9080,0.1000
2017-03-01,2017,3,East,Massachusetts,Corporate,Technology,Phones,1,7,69.9300,32.1678,0.4600
2017-03-01,2017,3,East,Massachusetts,Home Office,Furniture,Furnishings,1,1,26.7200,11.7568,0.4400
2017-03-01,2017,3,East,Massachusetts,Home Office,Technology,Accessories,1,4,63.8800,24.9132,0.3900
2017-03-01,2017,3,East,New Jersey,Corporate,Office Supplies,Art,1,3,8.9400,2.4138,0.2700
2017-03-01,2017,3,East,New York,Consumer,Furniture,Bookcases,1,2,257.5680,-28.9764,-0.1125
2017-03-01,2017,3,East,New York,Consumer,Furniture,Chairs,1,2,271.7640,60.3920,0.2222
2017-03-01,2017,3,East,New York,Consumer,Furniture,Furnishings,2,5,101.7500,24.5937,0.2417
2017-03-01,2017,3,East,New York,Consumer,Office Supplies,Art,2,11,70.1500,25.4415,0.3627
2017-03-01,2017,3,East,New York,Consumer,Office Supplies,Binders,2,9,35.0640,12.1581,0.3467
2017-03-01,2017,3,East,New York,Consumer,Office Supplies,Labels,2,9,117.6500,54.5671,0.4638
2017-03-01,2017,3,East,New York,Consumer,Office Supplies,Paper,3,15,127.1000,59.7100,0.4698
2017-03-01,2017,3,East,New York,Consumer,Office Supplies,Storage,1,11,153.9700,40.0322,0.2600
2017-03-01,2017,3,East,New York,Consumer,Technology,Accessories,1,11,128.6600,31.8632,0.2477
2017-03-01,2017,3,East,New York,Consumer,Technology,Phones,5,20,1302.0900,337.9436,0.2595
2017-03-01,2017,3,East,New York,Corporate,Furniture,Chairs,1,3,207.8460,2.3094,0.0111
2017-03-01,2017,3,East,New York,Corporate,Office Supplies,Envelopes,1,3,47.0100,22.0947,0.4700
2017-03-01,2017,3,East,New York,Corporate,Office Supplies,Paper,1,4,221.9200,106.5216,0.4800
2017-03-01,2017,3,East,New York,Corporate,Office Supplies,Supplies,1,3,347.5800,17.3790,0.0500
2017-03-01,2017,3,East,New York,Corporate,Technology,Accessories,1,2,26.0000,11.7000,0.4500
2017-03-01,2017,3,East,New York,Corporate,Technology,Phones,1,1,469.9900,136.2971,0.2900
2017-03-01,2017,3,East,New York,Home Office,Office Supplies,Labels,1,7,28.9100,13.2986,0.4600
2017-03-01,2017,3,East,Ohio,Consumer,Furniture,Furnishings,1,6,51.2640,7.6896,0.1500
2017-03-01,2017,3,East,Ohio,Consumer,Office Supplies,Binders,2,7,23.7210,-15.8140,-0.6667
2017-03-01,2017,3,East,Ohio,Consumer,Office Supplies,Storage,1,2,54.2240,3.3890,0.0625
2017-03-01,2017,3,East,Ohio,Consumer,Technology,Accessories,1,2,159.9840,43.9956,0.2750
2017-03-01,2017,3,East,Ohio,Consumer,Technology,Phones,1,2,44.3760,-7.3960,-0.1667
2017-03-01,2017,3,East,Ohio,Home Office,Technology,Phones,1,8,445.4400,-81.6640,-0.1833
2017-03-01,2017,3,East,Pennsylvania,Consumer,Furniture,Furnishings,1,2,15.0080,1.5008,0.1000
2017-03-01,2017,3,East,Pennsylvania,Consumer,Office Supplies,Binders,1,5,5.7150,-4.7625,-0.8333
2017-03-01,2017,3,East,Pennsylvania,Consumer,Office Supplies,Envelopes,1,3,8.8560,2.8782,0.3250
2017-03-01,2017,3,East,Pennsylvania,Consumer,Technology,Phones,1,3,53.9820,-10.7964,-0.2000
2017-03-01,2017,3,East,Pennsylvania,Home Office,Furniture,Furnishings,1,3,50.5680,12.0186,0.2377
2017-03-01,2017,3,East,Pennsylvania,Home Office,Furniture,Tables,1,3,154.7640,-46.4292,-0.3000
2017-03-01,2017,3,East,Pennsylvania,Home Office,Office Supplies,Art,1,2,5.2480,0.5904,0.1125
2017-03-01,2017,3,East,Pennsylvania,Home Office,Office Supplies,Binders,1,1,12.2940,-8.6058,-0.7000
2017-03-01,2017,3,East,Pennsylvania,Home Office,Office Supplies,Storage,1,1,43.2800,3.2460,0.0750
2017-03-01,2017,3,East,Pennsylvania,Home Office,Technology,Phones,2,8,812.7600,-189.6440,-0.2333
2017-03-01,2017,3,South,Arkansas,Consumer,Office Supplies,Binders,1,9,40.4100,18.5886,0.4600
2017-03-01,2017,3,South,Florida,Corporate,Office Supplies,Appliances,1,1,64.3840,8.0480,0.1250
2017-03-01,2017,3,South,Florida,Corporate,Office Supplies,Binders,1,9,68.7420,-48.1194,-0.7000
2017-03-01,2017,3,South,Georgia,Corporate,Office Supplies,Appliances,1,8,647.8400,168.4384,0.2600
2017-03-01,2017,3,South,Georgia,Corporate,Office Supplies,Binders,1,5,98.6600,48.0476,0.4870
2017-03-01,2017,3,South,Georgia,Corporate,Office Supplies,Labels,1,2,20.7000,9.9360,0.4800
2017-03-01,2017,3,South,Georgia,Corporate,Technology,Copiers,1,5,2999.9500,1439.9760,0.4800
2017-03-01,2017,3,South,Georgia,Home Office,Office Supplies,Storage,1,1,59.7600,16.7328,0.2800
2017-03-01,2017,3,South,Kentucky,Consumer,Office Supplies,Appliances,1,5,72.8000,19.6560,0.2700
2017-03-01,2017,3,South,Kentucky,Home Office,Furniture,Furnishings,1,5,61.0000,25.6200,0.4200
2017-03-01,2017,3,South,Kentucky,Home Office,Technology,Phones,1,7,671.9300,188.1404,0.2800
2017-03-01,2017,3,South,Mississippi,Corporate,Office Supplies,Appliances,1,2,262.2400,78.6720,0.3000
2017-03-01,2017,3,South,Mississippi,Corporate,Office Supplies,Binders,1,6,234.3600,112.4928,0.4800
2017-03-01,2017,3,South,Mississippi,Corporate,Office Supplies,Envelopes,1,4,42.6800,19.6328,0.4600
2017-03-01,2017,3,South,Mississippi,Corporate,Technology,Accessories,1,3,299.9700,125.9874,0.4200
2017-03-01,2017,3,South,North Carolina,Corporate,Office Supplies,Appliances,1,1,48.7840,3.6588,0.0750
2017-03-01,2017,3,South,North Carolina,Corporate,Office Supplies,Binders,1,4,13.0920,-10.0372,-0.7667
2017-03-01,2017,3,South,Tennessee,Home Office,Office Supplies,Labels,1,2,4.6080,1.6704,0.3625
2017-03-01,2017,3,South,Virginia,Consumer,Furniture,Tables,1,2,292.1000,58.4200,0.2000
2017-03-01,2017,3,South,Virginia,Consumer,Office Supplies,Binders,1,2,17.7600,8.8800,0.5000
2017-03-01,2017,3,South,Virginia,Consumer,Office Supplies,Labels,1,2,8.2600,3.7996,0.4600
2017-03-01,2017,3,South,Virginia,Consumer,Office Supplies,Paper,1,4,17.6400,8.1144,0.4600
2017-03-01,2017,3,South,Virginia,Consumer,Office Supplies,Storage,1,3,332.9400,9.9882,0.0300
2017-03-01,2017,3,South,Virginia,Consumer,Technology,Phones,1,5,206.1000,55.6470,0.2700
2017-03-01,2017,3,South,Virginia,Home Office,Office Supplies,Fasteners,1,2,3.7600,1.3160,0.3500
2017-03-01,2017,3,South,Virginia,Home Office,Technology,Accessories,1,3,53.2500,20.7675,0.3900
2017-03-01,2017,3,West,California,Consumer,Furniture,Chairs,1,3,170.3520,-17.0352,-0.1000
2017-03-01,2017,3,West,California,Consumer,Furniture,Furnishings,2,6,125.1300,52.2453,0.4175
2017-03-01,2017,3,West,California,Consumer,Furniture,Tables,1,5,697.1600,8.7145,0.0125
2017-03-01,2017,3,West,California,Consumer,Office Supplies,Appliances,1,4,176.0400,45.7704,0.2600
2017-03-01,2017,3,West,California,Consumer,Office Supplies,Art,3,13,25.4600,7.4264,0.2917
2017-03-01,2017,3,West,California,Consumer,Office Supplies,Binders,7,36,486.8000,170.3992,0.3500
2017-03-01,2017,3,West,California,Consumer,Office Supplies,Storage,1,4,725.8400,210.4936,0.2900
2017-03-01,2017,3,West,California,Consumer,Technology,Accessories,2,14,1348.9400,537.6970,0.3986
2017-03-01,2017,3,West,California,Consumer,Technology,Copiers,2,4,959.9680,119.9960,0.1250
2017-03-01,2017,3,West,California,Consumer,Technology,Phones,3,11,1033.4640,-97.1241,-0.0940
2017-03-01,2017,3,West,California,Corporate,Furniture,Furnishings,1,8,48.0400,16.9616,0.3531
2017-03-01,2017,3,West,California,Corporate,Furniture,Tables,1,7,399.6720,-14.9877,-0.0375
2017-03-01,2017,3,West,California,Corporate,Office Supplies,Appliances,3,17,612.8900,187.9915,0.3067
2017-03-01,2017,3,West,California,Corporate,Office Supplies,Art,2,9,23.2200,6.4558,0.2780
2017-03-01,2017,3,West,California,Corporate,Office Supplies,Binders,2,13,197.7920,63.4288,0.3207
2017-03-01,2017,3,West,California,Corporate,Office Supplies,Envelopes,2,6,34.6500,16.3270,0.4712
2017-03-01,2017,3,West,California,Corporate,Office Supplies,Paper,1,9,59.7200,28.7952,0.4822
2017-03-01,2017,3,West,California,Corporate,Office Supplies,Storage,4,14,1416.3200,115.2486,0.0814
2017-03-01,2017,3,West,California,Corporate,Office Supplies,Supplies,1,3,29.7000,8.0190,0.2700
2017-03-01,2017,3,West,California,Corporate,Technology,Accessories,3,12,791.8800,144.0588,0.1819
2017-03-01,2017,3,West,California,Corporate,Technology,Machines,1,2,532.7200,53.2720,0.1000
2017-03-01,2017,3,West,California,Corporate,Technology,Phones,1,3,196.7760,14.7582,0.0750
2017-03-01,2017,3,West,California,Home Office,Furniture,Furnishings,1,8,211.8400,76.2624,0.3600
2017-03-01,2017,3,West,California,Home Office,Office Supplies,Art,1,6,23.8800,8.1192,0.3400
2017-03-01,2017,3,West,California,Home Office,Office Supplies,Binders,1,9,14.9760,5.4288,0.3625
2017-03-01,2017,3,West,California,Home Office,Office Supplies,Labels,1,4,11.5200,5.6448,0.4900
2017-03-01,2017,3,West,California,Home Office,Office Supplies,Paper,3,17,770.0600,371.8233,0.4828
2017-03-01,2017,3,West,California,Home Office,Technology,Phones,1,2,206.3840,23.2182,0.1125
2017-03-01,2017,3,West,Colorado,Consumer,Office Supplies,Supplies,1,2,1332.4960,-299.8116,-0.2250
2017-03-01,2017,3,West,New Mexico,Home Office,Office Supplies,Paper,1,13,333.6000,160.1280,0.4800
2017-03-01,2017,3,West,New Mexico,Home Office,Office Supplies,Storage,1,8,90.8000,25.4240,0.2800
2017-03-01,2017,3,West,New Mexico,Home Office,Technology,Accessories,1,5,214.9500,88.1295,0.4100
2017-03-01,2017,3,West,New Mexico,Home Office,Technology,Phones,1,8,140.7360,49.2576,0.3500
2017-03-01,2017,3,West,Washington,Consumer,Office Supplies,Art,1,4,46.2000,21.2520,0.4600
2017-03-01,2017,3,West,Washington,Consumer,Office Supplies,Paper,1,3,20.0400,9.6192,0.4800
2017-03-01,2017,3,West,Washington,Consumer,Office Supplies,Storage,1,2,32.4800,4.8720,0.1500
2017-03-01,2017,3,West,Washington,Consumer,Technology,Copiers,1,4,13999.9600,6719.9808,0.4800
2017-03-01,2017,3,West,Washington,Corporate,Office Supplies,Art,1,2,23.1000,6.9300,0.3000
2017-03-01,2017,3,West,Washington,Corporate,Technology,Accessories,1,7,265.9300,63.8232,0.2400
2017-03-01,2017,3,West,Washington,Home Office,Furniture,Furnishings,1,3,22.1400,6.4206,0.2900
2017-03-01,2017,3,West,Washington,Home Office,Office Supplies,Art,1,1,19.8300,5.9490,0.3000
2017-03-01,2017,3,West,Washington,Home Office,Office Supplies,Binders,2,11,65.3360,21.6164,0.3308
2017-03-01,2017,3,West,Washington,Home Office,Office Supplies,Fasteners,1,7,13.0200,0.3906,0.0300
2017-03-01,2017,3,West,Washington,Home Office,Office Supplies,Paper,1,1,6.4800,3.1104,0.4800
2017-03-01,2017,3,West,Washington,Home Office,Office Supplies,Storage,2,5,405.8300,9.0468,0.0223
2017-03-01,2017,3,West,Washington,Home Office,Technology,Phones,1,3,659.9760,49.4982,0.0750
2017-04-01,2017,4,Central,Illinois,Consumer,Furniture,Chairs,1,3,317.0580,-18.1176,-0.0571
2017-04-01,2017,4,Central,Illinois,Consumer,Furniture,Furnishings,1,5,14.5600,-6.1880,-0.4250
2017-04-01,2017,4,Central,Illinois,Consumer,Office Supplies,Art,2,5,22.8160,5.7510,0.2521
2017-04-01,2017,4,Central,Illinois,Consumer,Office Supplies,Binders,1,5,10.4300,-18.2525,-1.7500
2017-04-01,2017,4,Central,Illinois,Consumer,Office Supplies,Storage,1,1,72.7840,-18.1960,-0.2500
2017-04-01,2017,4,Central,Illinois,Consumer,Technology,Phones,1,4,383.8400,47.9800,0.1250
2017-04-01,2017,4,Central,Illinois,Corporate,Office Supplies,Storage,1,4,195.1360,-43.9056,-0.2250
2017-04-01,2017,4,Central,Illinois,Home Office,Furniture,Furnishings,1,2,44.4000,-52.1700,-1.1750
2017-04-01,2017,4,Central,Illinois,Home Office,Office Supplies,Art,1,5,16.5200,2.0650,0.1250
2017-04-01,2017,4,Central,Illinois,Home Office,Office Supplies,Binders,1,7,43.3720,-69.3952,-1.6000
2017-04-01,2017,4,Central,Indiana,Consumer,Technology,Accessories,1,6,155.3400,55.9224,0.3600
2017-04-01,2017,4,Central,Iowa,Home Office,Office Supplies,Paper,1,3,106.3200,49.9704,0.4700
2017-04-01,2017,4,Central,Michigan,Consumer,Office Supplies,Binders,2,19,661.6600,308.7632,0.4666
2017-04-01,2017,4,Central,Michigan,Corporate,Furniture,Furnishings,1,5,580.8600,151.0236,0.2600
2017-04-01,2017,4,Central,Missouri,Consumer,Office Supplies,Envelopes,1,5,28.4000,13.3480,0.4700
2017-04-01,2017,4,Central,Missouri,Consumer,Office Supplies,Storage,1,6,94.2000,23.5500,0.2500
2017-04-01,2017,4,Central,Missouri,Home Office,Office Supplies,Binders,1,2,8.7600,4.2048,0.4800
2017-04-01,2017,4,Central,Texas,Consumer,Furniture,Furnishings,1,1,1.9880,-1.4413,-0.7250
2017-04-01,2017,4,Central,Texas,Consumer,Office Supplies,Appliances,1,4,97.2640,-243.1600,-2.5000
2017-04-01,2017,4,Central,Texas,Consumer,Office Supplies,Binders,2,10,34.5700,-58.7589,-1.6997
2017-04-01,2017,4,Central,Texas,Consumer,Office Supplies,Paper,1,2,10.3680,3.6288,0.3500
2017-04-01,2017,4,Central,Texas,Consumer,Office Supplies,Storage,1,2,32.5440,-7.7292,-0.2375
2017-04-01,2017,4,Central,Texas,Consumer,Technology,Accessories,1,3,95.7360,20.3439,0.2125
2017-04-01,2017,4,Central,Texas,Corporate,Furniture,Bookcases,1,4,220.2656,-42.1096,-0.1912
2017-04-01,2017,4,Central,Texas,Corporate,Office Supplies,Labels,1,4,33.1200,11.5920,0.3500
2017-04-01,2017,4,Central,Texas,Corporate,Office Supplies,Paper,1,4,20.7360,7.2576,0.3500
2017-04-01,2017,4,Central,Texas,Corporate,Technology,Accessories,1,3,47.9760,8.3958,0.1750
2017-04-01,2017,4,Central,Texas,Home Office,Office Supplies,Binders,1,3,11.3640,-17.0460,-1.5000
2017-04-01,2017,4,Central,Texas,Home Office,Office Supplies,Paper,1,4,20.7360,7.2576,0.3500
2017-04-01,2017,4,East,Connecticut,Consumer,Office Supplies,Labels,1,2,5.7600,2.8224,0.4900
2017-04-01,2017,4,East,Connecticut,Home Office,Office Supplies,Art,1,4,11.1200,2.8912,0.2600
2017-04-01,2017,4,East,Connecticut,Home Office,Office Supplies,Storage,1,5,286.1500,71.5375,0.2500
2017-04-01,2017,4,East,Connecticut,Home Office,Technology,Accessories,1,1,99.9900,41.9958,0.4200
2017-04-01,2017,4,East,Maryland,Consumer,Furniture,Chairs,1,9,908.8200,227.2050,0.2500
2017-04-01,2017,4,East,New Jersey,Consumer,Office Supplies,Labels,1,1,4.9100,2.4059,0.4900
2017-04-01,2017,4,East,New Jersey,Corporate,Furniture,Furnishings,1,5,74.4500,20.1015,0.2700
2017-04-01,2017,4,East,New Jersey,Home Office,Office Supplies,Appliances,1,5,41.9500,10.4875,0.2500
2017-04-01,2017,4,East,New Jersey,Home Office,Office Supplies,Fasteners,1,2,7.1600,3.5800,0.5000
2017-04-01,2017,4,East,New Jersey,Home Office,Office Supplies,Paper,1,1,7.6100,3.5767,0.4700
2017-04-01,2017,4,East,New Jersey,Home Office,Office Supplies,Storage,1,4,2591.5600,621.9744,0.2400
2017-04-01,2017,4,East,New York,Consumer,Furniture,Bookcases,1,3,242.3520,9.0882,0.0375
2017-04-01,2017,4,East,New York,Consumer,Office Supplies,Appliances,1,2,121.9400,35.3626,0.2900
2017-04-01,2017,4,East,New York,Consumer,Office Supplies,Binders,1,3,10.7760,3.5022,0.3250
2017-04-01,2017,4,East,New York,Consumer,Office Supplies,Paper,1,9,42.9300,19.3185,0.4500
2017-04-01,2017,4,East,New York,Consumer,Office Supplies,Supplies,2,12,177.6100,52.1850,0.2938
2017-04-01,2017,4,East,New York,Corporate,Office Supplies,Envelopes,1,4,62.9600,28.3320,0.4500
2017-04-01,2017,4,East,New York,Home Office,Office Supplies,Art,2,7,43.0100,11.7535,0.2733
2017-04-01,2017,4,East,New York,Home Office,Office Supplies,Envelopes,1,1,16.9800,8.4900,0.5000
2017-04-01,2017,4,East,New York,Home Office,Office Supplies,Labels,1,5,18.4600,9.0454,0.4900
2017-04-01,2017,4,East,New York,Home Office,Office Supplies,Paper,1,6,204.5600,98.1888,0.4800
2017-04-01,2017,4,East,New York,Home Office,Office Supplies,Storage,1,3,501.8100,0.0000,0.0000
2017-04-01,2017,4,East,New York,Home Office,Office Supplies,Supplies,1,1,240.3700,7.2111,0.0300
2017-04-01,2017,4,East,New York,Home Office,Technology,Phones,1,3,160.2400,44.4550,0.2774
2017-04-01,2017,4,East,Ohio,Consumer,Office Supplies,Art,1,6,104.4480,23.8944,0.2288
2017-04-01,2017,4,East,Ohio,Consumer,Office Supplies,Binders,1,5,13.7100,-10.0540,-0.7333
2017-04-01,2017,4,East,Ohio,Consumer,Office Supplies,Paper,2,5,24.2400,8.6574,0.3572
2017-04-01,2017,4,East,Ohio,Consumer,Office Supplies,Storage,1,2,16.7680,1.4672,0.0875
2017-04-01,2017,4,East,Ohio,Consumer,Technology,Accessories,1,2,27.1200,-4.7460,-0.1750
2017-04-01,2017,4,East,Ohio,Corporate,Furniture,Tables,1,5,1048.3500,-69.8900,-0.0667
2017-04-01,2017,4,East,Ohio,Corporate,Office Supplies,Binders,1,5,11.7600,-7.8400,-0.6667
2017-04-01,2017,4,East,Ohio,Corporate,Office Supplies,Paper,1,1,5.3440,1.8704,0.3500
2017-04-01,2017,4,East,Ohio,Home Office,Office Supplies,Binders,1,5,8.7000,-6.3800,-0.7333
2017-04-01,2017,4,East,Ohio,Home Office,Office Supplies,Storage,1,4,848.5440,-21.2136,-0.0250
2017-04-01,2017,4,East,Ohio,Home Office,Technology,Phones,1,3,122.3820,-24.4764,-0.2000
2017-04-01,2017,4,East,Pennsylvania,Consumer,Furniture,Furnishings,3,10,122.4560,19.3365,0.1579
2017-04-01,2017,4,East,Pennsylvania,Consumer,Office Supplies,Appliances,1,4,195.1040,21.9492,0.1125
2017-04-01,2017,4,East,Pennsylvania,Corporate,Furniture,Furnishings,1,5,94.3760,19.9354,0.2112
2017-04-01,2017,4,East,Pennsylvania,Corporate,Office Supplies,Appliances,1,2,99.2800,12.4100,0.1250
2017-04-01,2017,4,East,Pennsylvania,Corporate,Office Supplies,Art,1,2,6.8480,0.7704,0.1125
2017-04-01,2017,4,East,Pennsylvania,Corporate,Office Supplies,Binders,3,11,60.4980,-45.0714,-0.7450
2017-04-01,2017,4,East,Pennsylvania,Corporate,Office Supplies,Fasteners,1,5,7.9200,1.6830,0.2125
2017-04-01,2017,4,East,Pennsylvania,Corporate,Office Supplies,Paper,1,2,65.5840,23.7742,0.3625
2017-04-01,2017,4,East,Pennsylvania,Corporate,Office Supplies,Storage,2,5,392.4240,39.7793,0.1014
2017-04-01,2017,4,East,Pennsylvania,Corporate,Technology,Phones,1,5,677.5800,-158.1020,-0.2333
2017-04-01,2017,4,East,Pennsylvania,Home Office,Furniture,Furnishings,1,3,254.3520,0.0000,0.0000
2017-04-01,2017,4,East,Rhode Island,Consumer,Office Supplies,Binders,1,5,29.7000,13.3650,0.4500
2017-04-01,2017,4,East,Rhode Island,Consumer,Office Supplies,Paper,1,4,39.9600,17.9820,0.4500
2017-04-01,2017,4,East,Rhode Island,Corporate,Technology,Accessories,1,2,69.9800,4.8986,0.0700
2017-04-01,2017,4,South,Alabama,Consumer,Office Supplies,Labels,1,3,14.9400,6.8724,0.4600
2017-04-01,2017,4,South,Alabama,Corporate,Office Supplies,Supplies,1,4,477.2400,9.5448,0.0200
2017-04-01,2017,4,South,Alabama,Corporate,Technology,Accessories,1,2,25.9800,1.5588,0.0600
2017-04-01,2017,4,South,Florida,Consumer,Office Supplies,Binders,1,1,17.4300,-13.3630,-0.7667
2017-04-01,2017,4,South,Florida,Consumer,Office Supplies,Labels,1,3,15.1200,4.9140,0.3250
2017-04-01,2017,4,South,Florida,Consumer,Office Supplies,Paper,1,3,251.6400,88.0740,0.3500
2017-04-01,2017,4,South,Florida,Consumer,Technology,Phones,1,2,751.9840,84.5982,0.1125
2017-04-01,2017,4,South,Florida,Corporate,Furniture,Chairs,1,3,218.3520,-19.1058,-0.0875
2017-04-01,2017,4,South,Florida,Corporate,Furniture,Furnishings,2,13,36.0000,8.0640,0.2240
2017-04-01,2017,4,South,Florida,Corporate,Office Supplies,Appliances,1,3,20.8080,1.8207,0.0875
2017-04-01,2017,4,South,Florida,Corporate,Office Supplies,Binders,2,6,19.9890,-15.0303,-0.7519
2017-04-01,2017,4,South,Florida,Corporate,Office Supplies,Labels,1,3,6.2640,2.0358,0.3250
2017-04-01,2017,4,South,Florida,Corporate,Office Supplies,Storage,1,2,113.5680,-21.2940,-0.1875
2017-04-01,2017,4,South,Florida,Corporate,Technology,Accessories,1,3,2.3760,0.7425,0.3125
2017-04-01,2017,4,South,Florida,Corporate,Technology,Phones,1,3,23.9760,-5.6943,-0.2375
2017-04-01,2017,4,South,Florida,Home Office,Furniture,Furnishings,2,9,478.7760,-8.2764,-0.0173
2017-04-01,2017,4,South,Florida,Home Office,Furniture,Tables,1,5,854.4745,-350.2938,-0.4100
2017-04-01,2017,4,South,Florida,Home Office,Office Supplies,Art,2,5,31.7840,6.0717,0.1910
2017-04-01,2017,4,South,Florida,Home Office,Office Supplies,Binders,2,5,10.1700,-7.1028,-0.6984
2017-04-01,2017,4,South,Florida,Home Office,Office Supplies,Labels,1,5,16.5600,5.5548,0.3354
2017-04-01,2017,4,South,Florida,Home Office,Technology,Accessories,1,3,617.9760,-7.7247,-0.0125
2017-04-01,2017,4,South,Florida,Home Office,Technology,Phones,1,2,219.1840,19.1786,0.0875
2017-04-01,2017,4,South,Georgia,Consumer,Office Supplies,Storage,1,3,675.0600,87.7578,0.1300
2017-04-01,2017,4,South,Georgia,Corporate,Furniture,Furnishings,1,6,56.2800,15.7584,0.2800
2017-04-01,2017,4,South,Georgia,Corporate,Office Supplies,Binders,1,3,2690.9700,1264.7559,0.4700
2017-04-01,2017,4,South,Georgia,Home Office,Furniture,Tables,1,2,411.8000,70.0060,0.1700
2017-04-01,2017,4,South,Georgia,Home Office,Technology,Accessories,1,4,360.0000,129.6000,0.3600
2017-04-01,2017,4,South,North Carolina,Consumer,Office Supplies,Appliances,1,3,28.0800,5.2650,0.1875
2017-04-01,2017,4,South,North Carolina,Consumer,Office Supplies,Art,1,9,22.7440,2.5149,0.1106
2017-04-01,2017,4,South,North Carolina,Consumer,Office Supplies,Paper,1,3,15.5520,5.4432,0.3500
2017-04-01,2017,4,South,North Carolina,Corporate,Furniture,Bookcases,1,8,198.2720,-32.2192,-0.1625
2017-04-01,2017,4,South,South Carolina,Corporate,Furniture,Furnishings,1,3,127.9500,21.7515,0.1700
2017-04-01,2017,4,South,Tennessee,Corporate,Office Supplies,Binders,1,5,8.1000,-5.9400,-0.7333
2017-04-01,2017,4,South,Tennessee,Home Office,Furniture,Bookcases,1,4,387.1360,-14.5176,-0.0375
2017-04-01,2017,4,South,Tennessee,Home Office,Furniture,Furnishings,1,3,77.9520,-11.6928,-0.1500
2017-04-01,2017,4,South,Tennessee,Home Office,Office Supplies,Art,1,14,109.9680,12.0480,0.1096
2017-04-01,2017,4,South,Tennessee,Home Office,Office Supplies,Labels,1,1,3.0000,1.0500,0.3500
2017-04-01,2017,4,South,Tennessee,Home Office,Technology,Accessories,1,2,45.4080,11.9196,0.2625
2017-04-01,2017,4,South,Virginia,Consumer,Office Supplies,Art,1,1,4.8900,2.0049,0.4100
2017-04-01,2017,4,West,Arizona,Consumer,Office Supplies,Art,1,4,8.8960,0.6672,0.0750
2017-04-01,2017,4,West,Arizona,Consumer,Technology,Phones,1,10,552.0000,34.5000,0.0625
2017-04-01,2017,4,West,California,Consumer,Furniture,Bookcases,2,8,447.8140,22.3612,0.0499
2017-04-01,2017,4,West,California,Consumer,Furniture,Chairs,1,3,218.3520,-19.1058,-0.0875
2017-04-01,2017,4,West,California,Consumer,Furniture,Furnishings,3,14,133.8900,47.2540,0.3529
2017-04-01,2017,4,West,California,Consumer,Office Supplies,Art,2,16,225.4700,65.6882,0.2913
2017-04-01,2017,4,West,California,Consumer,Office Supplies,Binders,4,24,301.8080,100.2338,0.3321
2017-04-01,2017,4,West,California,Consumer,Office Supplies,Fasteners,1,5,10.9000,3.5970,0.3300
2017-04-01,2017,4,West,California,Consumer,Office Supplies,Labels,2,12,36.2000,17.4748,0.4827
2017-04-01,2017,4,West,California,Consumer,Office Supplies,Paper,2,6,47.1900,22.2702,0.4719
2017-04-01,2017,4,West,California,Consumer,Office Supplies,Storage,1,4,205.9200,2.0592,0.0100
2017-04-01,2017,4,West,California,Consumer,Technology,Accessories,3,19,582.8100,91.3995,0.1568
2017-04-01,2017,4,West,California,Corporate,Furniture,Bookcases,1,8,482.6640,85.1760,0.1765
2017-04-01,2017,4,West,California,Corporate,Furniture,Chairs,1,6,436.7040,-38.2116,-0.0875
2017-04-01,2017,4,West,California,Corporate,Furniture,Furnishings,1,2,64.9600,21.4368,0.3300
2017-04-01,2017,4,West,California,Corporate,Office Supplies,Art,1,2,9.7800,4.0098,0.4100
2017-04-01,2017,4,West,California,Corporate,Office Supplies,Envelopes,1,4,30.5600,14.9744,0.4900
2017-04-01,2017,4,West,California,Corporate,Office Supplies,Paper,1,3,79.1400,36.4044,0.4600
2017-04-01,2017,4,West,California,Corporate,Technology,Machines,1,2,4799.9840,359.9988,0.0750
2017-04-01,2017,4,West,California,Home Office,Office Supplies,Appliances,1,3,40.7400,12.2220,0.3000
2017-04-01,2017,4,West,California,Home Office,Office Supplies,Binders,1,5,23.2400,7.5530,0.3250
2017-04-01,2017,4,West,California,Home Office,Office Supplies,Fasteners,1,1,1.8100,0.6516,0.3600
2017-04-01,2017,4,West,California,Home Office,Office Supplies,Paper,2,13,604.2700,293.1589,0.4851
2017-04-01,2017,4,West,Colorado,Consumer,Furniture,Furnishings,1,3,11.6640,3.3534,0.2875
2017-04-01,2017,4,West,Colorado,Consumer,Office Supplies,Envelopes,1,2,18.6880,7.0080,0.3750
2017-04-01,2017,4,West,Colorado,Home Office,Office Supplies,Binders,1,13,42.5880,-31.6322,-0.7427
2017-04-01,2017,4,West,Colorado,Home Office,Office Supplies,Paper,1,4,20.7360,7.2576,0.3500
2017-04-01,2017,4,West,Colorado,Home Office,Technology,Machines,1,5,2549.9850,-3399.9800,-1.3333
2017-04-01,2017,4,West,Nevada,Corporate,Furniture,Furnishings,1,5,196.4500,70.7220,0.3600
2017-04-01,2017,4,West,Washington,Consumer,Furniture,Furnishings,2,10,302.1800,73.2284,0.2423
2017-04-01,2017,4,West,Washington,Consumer,Technology,Accessories,1,1,11.5400,3.4620,0.3000
2017-04-01,2017,4,West,Washington,Corporate,Office Supplies,Binders,1,5,895.9200,302.3730,0.3375
2017-04-01,2017,4,West,Washington,Corporate,Office Supplies,Paper,1,1,5.2800,2.3760,0.4500
2017-04-01,2017,4,West,Washington,Home Office,Office Supplies,Labels,1,8,39.2800,19.2472,0.4900
2017-04-01,2017,4,West,Washington,Home Office,Office Supplies,Paper,1,3,20.3400,9.3564,0.4600
2017-05-01,2017,5,Central,Illinois,Consumer,Furniture,Chairs,1,2,181.9860,-54.5958,-0.3000
2017-05-01,2017,5,Central,Illinois,Consumer,Office Supplies,Binders,1,2,1.5920,-2.6268,-1.6500
2017-05-01,2017,5,Central,Illinois,Consumer,Office Supplies,Paper,1,2,56.7040,19.1376,0.3375
2017-05-01,2017,5,Central,Illinois,Consumer,Office Supplies,Supplies,1,3,22.3440,2.5137,0.1125
2017-05-01,2017,5,Central,Illinois,Consumer,Technology,Accessories,1,4,191.9680,28.7952,0.1500
2017-05-01,2017,5,Central,Illinois,Consumer,Technology,Phones,1,2,11.1200,3.4750,0.3125
2017-05-01,2017,5,Central,Illinois,Corporate,Furniture,Chairs,1,3,106.8690,-29.0073,-0.2714
2017-05-01,2017,5,Central,Illinois,Corporate,Furniture,Furnishings,1,4,24.5000,-11.1669,-0.4558
2017-05-01,2017,5,Central,Illinois,Corporate,Office Supplies,Binders,1,3,3.5640,-6.2370,-1.7500
2017-05-01,2017,5,Central,Illinois,Corporate,Office Supplies,Paper,1,6,38.0160,13.7808,0.3625
2017-05-01,2017,5,Central,Illinois,Home Office,Office Supplies,Art,1,3,6.4080,0.6408,0.1000
2017-05-01,2017,5,Central,Illinois,Home Office,Technology,Accessories,1,7,408.7440,76.6395,0.1875
2017-05-01,2017,5,Central,Indiana,Consumer,Furniture,Furnishings,1,3,6.2400,2.6208,0.4200
2017-05-01,2017,5,Central,Indiana,Consumer,Office Supplies,Appliances,1,2,465.1600,120.9416,0.2600
2017-05-01,2017,5,Central,Indiana,Consumer,Office Supplies,Binders,1,1,43.4100,19.9686,0.4600
2017-05-01,2017,5,Central,Indiana,Consumer,Office Supplies,Paper,1,1,7.9800,3.9900,0.5000
2017-05-01,2017,5,Central,Indiana,Corporate,Office Supplies,Binders,1,3,914.9700,411.7365,0.4500
2017-05-01,2017,5,Central,Indiana,Corporate,Office Supplies,Envelopes,1,2,180.9600,81.4320,0.4500
2017-05-01,2017,5,Central,Indiana,Corporate,Office Supplies,Paper,1,3,14.9400,7.3206,0.4900
2017-05-01,2017,5,Central,Indiana,Corporate,Office Supplies,Storage,1,2,530.3400,95.4612,0.1800
2017-05-01,2017,5,Central,Indiana,Corporate,Technology,Phones,1,3,587.9700,158.7519,0.2700
2017-05-01,2017,5,Central,Michigan,Corporate,Furniture,Chairs,1,8,1962.0900,549.6677,0.2801
2017-05-01,2017,5,Central,Michigan,Corporate,Office Supplies,Appliances,1,2,87.4440,18.4604,0.2111
2017-05-01,2017,5,Central,Michigan,Corporate,Office Supplies,Binders,1,2,41.2800,19.8144,0.4800
2017-05-01,2017,5,Central,Missouri,Home Office,Office Supplies,Appliances,1,7,706.8600,197.9208,0.2800
2017-05-01,2017,5,Central,Missouri,Home Office,Office Supplies,Binders,1,7,43.1900,20.7312,0.4800
2017-05-01,2017,5,Central,Missouri,Home Office,Technology,Phones,1,5,114.9500,2.2990,0.0200
2017-05-01,2017,5,Central,Nebraska,Home Office,Office Supplies,Fasteners,1,5,23.5500,1.1775,0.0500
2017-05-01,2017,5,Central,North Dakota,Consumer,Office Supplies,Art,1,17,179.3600,51.0132,0.2844
2017-05-01,2017,5,Central,North Dakota,Consumer,Office Supplies,Fasteners,1,3,7.4100,3.4827,0.4700
2017-05-01,2017,5,Central,North Dakota,Consumer,Office Supplies,Storage,1,4,704.7600,162.0948,0.2300
2017-05-01,2017,5,Central,Oklahoma,Consumer,Furniture,Furnishings,1,5,477.3000,138.4170,0.2900
2017-05-01,2017,5,Central,Texas,Consumer,Furniture,Bookcases,1,1,204.6664,-6.0196,-0.0294
2017-05-01,2017,5,Central,Texas,Consumer,Furniture,Chairs,1,5,899.4300,-12.8490,-0.0143
2017-05-01,2017,5,Central,Texas,Consumer,Furniture,Furnishings,1,4,65.4240,-52.3392,-0.8000
2017-05-01,2017,5,Central,Texas,Consumer,Office Supplies,Appliances,1,5,18.3200,-46.7160,-2.5500
2017-05-01,2017,5,Central,Texas,Consumer,Office Supplies,Art,1,5,46.2000,5.7750,0.1250
2017-05-01,2017,5,Central,Texas,Consumer,Office Supplies,Binders,1,1,1.1880,-1.9602,-1.6500
2017-05-01,2017,5,Central,Texas,Consumer,Office Supplies,Fasteners,1,2,1.8240,0.6156,0.3375
2017-05-01,2017,5,Central,Texas,Consumer,Office Supplies,Labels,1,4,13.2160,4.2952,0.3250
2017-05-01,2017,5,Central,Texas,Consumer,Office Supplies,Paper,2,10,150.7360,52.4822,0.3482
2017-05-01,2017,5,Central,Texas,Consumer,Office Supplies,Storage,3,9,152.3760,-18.1998,-0.1194
2017-05-01,2017,5,Central,Texas,Consumer,Technology,Phones,3,6,158.3520,14.3761,0.0908
2017-05-01,2017,5,Central,Texas,Corporate,Furniture,Bookcases,1,7,623.4648,-119.1918,-0.1912
2017-05-01,2017,5,Central,Texas,Corporate,Office Supplies,Binders,3,22,54.1700,-85.8221,-1.5843
2017-05-01,2017,5,Central,Texas,Corporate,Office Supplies,Paper,1,8,41.4720,14.5152,0.3500
2017-05-01,2017,5,Central,Texas,Corporate,Office Supplies,Storage,3,12,909.5280,-73.2714,-0.0806
2017-05-01,2017,5,Central,Texas,Home Office,Furniture,Furnishings,1,1,7.9960,-6.9965,-0.8750
2017-05-01,2017,5,Central,Texas,Home Office,Office Supplies,Art,1,2,5.2480,0.5904,0.1125
2017-05-01,2017,5,Central,Texas,Home Office,Office Supplies,Paper,1,2,6.8480,2.1400,0.3125
2017-05-01,2017,5,Central,Texas,Home Office,Office Supplies,Storage,1,2,74.4160,-14.8832,-0.2000
2017-05-01,2017,5,East,Delaware,Home Office,Office Supplies,Binders,1,9,299.5200,149.7600,0.5000
2017-05-01,2017,5,East,Maryland,Corporate,Furniture,Chairs,1,2,261.9600,23.5764,0.0900
2017-05-01,2017,5,East,Maryland,Corporate,Furniture,Furnishings,1,2,27.4600,9.8856,0.3600
2017-05-01,2017,5,East,Maryland,Corporate,Office Supplies,Appliances,1,3,125.1300,36.2877,0.2900
2017-05-01,2017,5,East,Maryland,Corporate,Office Supplies,Art,1,12,55.6600,17.0054,0.3055
2017-05-01,2017,5,East,Maryland,Corporate,Office Supplies,Labels,1,5,74.0000,37.0000,0.5000
2017-05-01,2017,5,East,Maryland,Corporate,Technology,Accessories,1,3,89.9700,18.8937,0.2100
2017-05-01,2017,5,East,Massachusetts,Consumer,Office Supplies,Paper,1,5,87.6000,42.0480,0.4800
2017-05-01,2017,5,East,New Hampshire,Corporate,Furniture,Furnishings,1,8,247.4400,101.4504,0.4100
2017-05-01,2017,5,East,New Jersey,Consumer,Furniture,Furnishings,1,5,42.8500,15.4260,0.3600
2017-05-01,2017,5,East,New Jersey,Consumer,Office Supplies,Labels,1,2,6.1600,2.9568,0.4800
2017-05-01,2017,5,East,New Jersey,Consumer,Office Supplies,Supplies,1,2,17.0000,4.4200,0.2600
2017-05-01,2017,5,East,New Jersey,Consumer,Technology,Accessories,1,5,87.4000,34.9600,0.4000
2017-05-01,2017,5,East,New Jersey,Corporate,Furniture,Furnishings,1,3,129.9300,12.9930,0.1000
2017-05-01,2017,5,East,New York,Consumer,Furniture,Furnishings,2,5,33.4000,12.2896,0.3680
2017-05-01,2017,5,East,New York,Consumer,Office Supplies,Art,1,3,43.9200,12.7368,0.2900
2017-05-01,2017,5,East,New York,Consumer,Office Supplies,Binders,2,6,666.9680,208.5037,0.3126
2017-05-01,2017,5,East,New York,Consumer,Office Supplies,Fasteners,1,1,3.2900,1.4805,0.4500
2017-05-01,2017,5,East,New York,Consumer,Office Supplies,Labels,1,4,59.2000,29.6000,0.5000
2017-05-01,2017,5,East,New York,Consumer,Office Supplies,Paper,1,1,6.6800,3.2064,0.4800
2017-05-01,2017,5,East,New York,Consumer,Office Supplies,Storage,1,2,22.5800,5.8708,0.2600
2017-05-01,2017,5,East,New York,Consumer,Technology,Accessories,1,8,120.0000,13.2000,0.1100
2017-05-01,2017,5,East,New York,Consumer,Technology,Phones,1,3,539.9700,134.9925,0.2500
2017-05-01,2017,5,East,New York,Corporate,Furniture,Furnishings,1,5,520.0500,72.8070,0.1400
2017-05-01,2017,5,East,New York,Corporate,Office Supplies,Appliances,1,6,281.3400,109.7226,0.3900
2017-05-01,2017,5,East,New York,Corporate,Office Supplies,Art,1,3,17.9700,5.2113,0.2900
2017-05-01,2017,5,East,New York,Corporate,Technology,Accessories,1,3,299.9700,113.9886,0.3800
2017-05-01,2017,5,East,New York,Corporate,Technology,Phones,1,2,307.9800,89.3142,0.2900
2017-05-01,2017,5,East,Ohio,Consumer,Furniture,Chairs,1,2,47.9920,-2.0568,-0.0429
2017-05-01,2017,5,East,Ohio,Consumer,Office Supplies,Binders,2,6,60.4830,-48.4635,-0.8013
2017-05-01,2017,5,East,Ohio,Consumer,Office Supplies,Labels,2,4,10.9440,3.7566,0.3433
2017-05-01,2017,5,East,Ohio,Consumer,Office Supplies,Paper,1,1,24.7840,7.7450,0.3125
2017-05-01,2017,5,East,Ohio,Consumer,Office Supplies,Storage,1,2,221.0240,-55.2560,-0.2500
2017-05-01,2017,5,East,Ohio,Corporate,Furniture,Bookcases,1,4,115.9600,-64.9376,-0.5600
2017-05-01,2017,5,East,Ohio,Corporate,Office Supplies,Paper,1,3,13.8720,5.0286,0.3625
2017-05-01,2017,5,East,Ohio,Home Office,Office Supplies,Art,1,3,10.2720,1.1556,0.1125
2017-05-01,2017,5,East,Pennsylvania,Consumer,Technology,Accessories,1,3,36.0480,-0.9012,-0.0250
2017-05-01,2017,5,East,Pennsylvania,Corporate,Furniture,Chairs,1,3,128.0580,-23.7822,-0.1857
2017-05-01,2017,5,East,Pennsylvania,Corporate,Furniture,Furnishings,1,2,32.4480,7.3008,0.2250
2017-05-01,2017,5,East,Pennsylvania,Corporate,Furniture,Tables,1,5,373.4700,-112.0410,-0.3000
2017-05-01,2017,5,East,Pennsylvania,Corporate,Office Supplies,Binders,2,14,102.1860,-71.5902,-0.7006
2017-05-01,2017,5,East,Pennsylvania,Corporate,Office Supplies,Fasteners,1,2,8.0000,2.8000,0.3500
2017-05-01,2017,5,East,Pennsylvania,Home Office,Furniture,Chairs,1,5,458.4300,-124.4310,-0.2714
2017-05-01,2017,5,South,Alabama,Corporate,Office Supplies,Binders,1,4,26.1600,12.8184,0.4900
2017-05-01,2017,5,South,Arkansas,Home Office,Technology,Accessories,1,5,48.9000,18.0930,0.3700
2017-05-01,2017,5,South,Florida,Consumer,Furniture,Bookcases,1,3,314.3520,-15.7176,-0.0500
2017-05-01,2017,5,South,Florida,Consumer,Furniture,Chairs,1,5,2803.9200,0.0000,0.0000
2017-05-01,2017,5,South,Florida,Consumer,Furniture,Tables,1,4,933.2620,-458.1468,-0.4909
2017-05-01,2017,5,South,Florida,Consumer,Office Supplies,Labels,1,2,4.6080,1.4976,0.3250
2017-05-01,2017,5,South,Florida,Consumer,Office Supplies,Supplies,1,2,3.3280,0.4160,0.1250
2017-05-01,2017,5,South,Georgia,Consumer,Furniture,Bookcases,1,9,1628.8200,374.6286,0.2300
2017-05-01,2017,5,South,Georgia,Consumer,Office Supplies,Paper,2,11,482.5700,232.5465,0.4819
2017-05-01,2017,5,South,Georgia,Consumer,Technology,Accessories,1,4,67.8000,4.0680,0.0600
2017-05-01,2017,5,South,Georgia,Consumer,Technology,Phones,1,3,377.9700,98.2722,0.2600
2017-05-01,2017,5,South,Georgia,Corporate,Furniture,Bookcases,1,3,302.9400,75.7350,0.2500
2017-05-01,2017,5,South,Georgia,Corporate,Office Supplies,Appliances,1,2,17.2400,4.4824,0.2600
2017-05-01,2017,5,South,Georgia,Corporate,Office Supplies,Binders,2,9,148.4400,70.2162,0.4730
2017-05-01,2017,5,South,Georgia,Corporate,Technology,Phones,1,7,90.7300,31.3119,0.3451
2017-05-01,2017,5,South,Georgia,Home Office,Office Supplies,Binders,1,2,29.8400,13.4280,0.4500
2017-05-01,2017,5,South,Kentucky,Corporate,Office Supplies,Appliances,1,3,208.4400,62.5320,0.3000
2017-05-01,2017,5,South,Kentucky,Corporate,Office Supplies,Supplies,1,2,25.7600,0.7728,0.0300
2017-05-01,2017,5,South,Kentucky,Home Office,Office Supplies,Binders,1,2,58.3400,28.0032,0.4800
2017-05-01,2017,5,South,Kentucky,Home Office,Technology,Phones,1,3,539.9700,134.9925,0.2500
2017-05-01,2017,5,South,Louisiana,Consumer,Furniture,Bookcases,1,2,241.9600,33.8744,0.1400
2017-05-01,2017,5,South,Louisiana,Consumer,Furniture,Furnishings,1,3,8.0100,3.0438,0.3800
2017-05-01,2017,5,South,Louisiana,Consumer,Office Supplies,Binders,1,1,3.8900,1.8672,0.4800
2017-05-01,2017,5,South,Mississippi,Consumer,Office Supplies,Envelopes,1,9,48.6900,23.8581,0.4900
2017-05-01,2017,5,South,North Carolina,Consumer,Office Supplies,Binders,1,11,68.5410,-52.5481,-0.7667
2017-05-01,2017,5,South,North Carolina,Consumer,Office Supplies,Labels,1,5,122.1200,39.6890,0.3250
2017-05-01,2017,5,South,North Carolina,Consumer,Technology,Phones,1,4,627.1680,70.5564,0.1125
2017-05-01,2017,5,South,North Carolina,Corporate,Furniture,Chairs,1,3,207.0000,25.8750,0.1250
2017-05-01,2017,5,South,North Carolina,Corporate,Office Supplies,Binders,1,5,12.0600,-10.0500,-0.8333
2017-05-01,2017,5,South,North Carolina,Corporate,Office Supplies,Envelopes,1,3,65.2320,22.0158,0.3375
2017-05-01,2017,5,South,North Carolina,Corporate,Technology,Accessories,1,3,27.1920,0.3399,0.0125
2017-05-01,2017,5,South,South Carolina,Consumer,Furniture,Chairs,1,2,301.9600,33.2156,0.1100
2017-05-01,2017,5,South,Tennessee,Consumer,Office Supplies,Paper,1,5,25.9200,9.0720,0.3500
2017-05-01,2017,5,South,Tennessee,Corporate,Furniture,Chairs,1,3,314.3520,-35.3646,-0.1125
2017-05-01,2017,5,South,Tennessee,Corporate,Office Supplies,Appliances,1,2,20.7680,2.3364,0.1125
2017-05-01,2017,5,South,Tennessee,Corporate,Office Supplies,Paper,1,7,27.8880,10.1094,0.3625
2017-05-01,2017,5,South,Virginia,Consumer,Office Supplies,Art,1,6,54.6600,18.0378,0.3300
2017-05-01,2017,5,South,Virginia,Consumer,Office Supplies,Paper,1,6,41.5100,19.6515,0.4734
2017-05-01,2017,5,South,Virginia,Consumer,Office Supplies,Storage,1,5,588.3500,170.2833,0.2894
2017-05-01,2017,5,South,Virginia,Consumer,Technology,Accessories,1,2,23.0800,6.9240,0.3000
2017-05-01,2017,5,West,Arizona,Consumer,Office Supplies,Binders,1,2,4.7520,-3.1680,-0.6667
2017-05-01,2017,5,West,Arizona,Consumer,Office Supplies,Paper,2,7,99.9680,33.0728,0.3308
2017-05-01,2017,5,West,Arizona,Consumer,Technology,Phones,1,1,29.5920,2.5893,0.0875
2017-05-01,2017,5,West,Arizona,Corporate,Furniture,Bookcases,1,7,209.9790,-356.9643,-1.7000
2017-05-01,2017,5,West,Arizona,Corporate,Office Supplies,Paper,1,3,15.5520,5.4432,0.3500
2017-05-01,2017,5,West,Arizona,Corporate,Technology,Accessories,1,4,271.9680,54.3936,0.2000
2017-05-01,2017,5,West,Arizona,Corporate,Technology,Phones,1,5,195.9600,19.5960,0.1000
2017-05-01,2017,5,West,California,Consumer,Furniture,Furnishings,1,2,18.2800,6.2152,0.3400
2017-05-01,2017,5,West,California,Consumer,Furniture,Tables,1,3,171.2880,-6.4233,-0.0375
2017-05-01,2017,5,West,California,Consumer,Office Supplies,Appliances,3,9,477.1800,136.9442,0.2870
2017-05-01,2017,5,West,California,Consumer,Office Supplies,Art,4,23,167.1400,51.1454,0.3060
2017-05-01,2017,5,West,California,Consumer,Office Supplies,Binders,1,5,133.1200,49.9200,0.3750
2017-05-01,2017,5,West,California,Consumer,Office Supplies,Envelopes,1,2,23.1600,11.5800,0.5000
2017-05-01,2017,5,West,California,Consumer,Office Supplies,Paper,3,16,88.9800,41.5514,0.4670
2017-05-01,2017,5,West,California,Consumer,Technology,Accessories,2,14,1468.3900,627.3001,0.4272
2017-05-01,2017,5,West,California,Consumer,Technology,Phones,1,7,419.9440,52.4930,0.1250
2017-05-01,2017,5,West,California,Corporate,Furniture,Tables,2,6,586.3840,0.5784,0.0010
2017-05-01,2017,5,West,California,Corporate,Office Supplies,Appliances,1,1,7.7700,2.0979,0.2700
2017-05-01,2017,5,West,California,Corporate,Office Supplies,Binders,1,4,19.1680,6.4692,0.3375
2017-05-01,2017,5,West,California,Corporate,Office Supplies,Paper,2,7,55.1300,26.4624,0.4800
2017-05-01,2017,5,West,California,Corporate,Office Supplies,Storage,1,10,832.9600,65.2720,0.0784
2017-05-01,2017,5,West,California,Corporate,Office Supplies,Supplies,1,2,238.6200,4.7724,0.0200
2017-05-01,2017,5,West,California,Corporate,Technology,Accessories,1,4,159.5600,59.0372,0.3700
2017-05-01,2017,5,West,California,Corporate,Technology,Phones,1,5,183.9600,20.6955,0.1125
2017-05-01,2017,5,West,California,Home Office,Furniture,Chairs,2,20,1199.6800,-54.5880,-0.0455
2017-05-01,2017,5,West,California,Home Office,Furniture,Furnishings,1,1,6.9800,3.3504,0.4800
2017-05-01,2017,5,West,California,Home Office,Office Supplies,Art,2,7,21.7200,5.9922,0.2759
2017-05-01,2017,5,West,California,Home Office,Office Supplies,Labels,1,8,58.4800,27.4856,0.4700
2017-05-01,2017,5,West,California,Home Office,Technology,Accessories,2,2,116.3100,39.6924,0.3413
2017-05-01,2017,5,West,California,Home Office,Technology,Copiers,1,6,3359.9520,1049.9850,0.3125
2017-05-01,2017,5,West,California,Home Office,Technology,Machines,1,1,343.2000,38.6100,0.1125
2017-05-01,2017,5,West,Colorado,Consumer,Furniture,Bookcases,1,3,89.9910,-152.9847,-1.7000
2017-05-01,2017,5,West,Colorado,Consumer,Office Supplies,Binders,1,8,9.5520,-7.3232,-0.7667
2017-05-01,2017,5,West,Colorado,Consumer,Office Supplies,Envelopes,1,9,21.2400,7.4340,0.3500
2017-05-01,2017,5,West,Idaho,Consumer,Furniture,Furnishings,1,4,35.0000,14.7000,0.4200
2017-05-01,2017,5,West,Idaho,Consumer,Office Supplies,Storage,1,5,477.1500,28.6290,0.0600
2017-05-01,2017,5,West,Idaho,Consumer,Technology,Phones,1,3,302.3760,22.6782,0.0750
2017-05-01,2017,5,West,Nevada,Consumer,Office Supplies,Appliances,1,5,64.9000,18.8210,0.2900
2017-05-01,2017,5,West,Nevada,Consumer,Office Supplies,Binders,1,2,8.2880,3.0044,0.3625
2017-05-01,2017,5,West,Nevada,Consumer,Technology,Phones,1,9,1123.1280,70.1955,0.0625
2017-05-01,2017,5,West,Oregon,Consumer,Technology,Phones,1,2,344.7040,38.7792,0.1125
2017-05-01,2017,5,West,Oregon,Home Office,Furniture,Furnishings,1,1,13.5920,-0.3398,-0.0250
2017-05-01,2017,5,West,Oregon,Home Office,Technology,Accessories,1,2,35.3600,-3.0940,-0.0875
2017-05-01,2017,5,West,Oregon,Home Office,Technology,Phones,1,1,156.7920,17.6391,0.1125
2017-05-01,2017,5,West,Washington,Consumer,Furniture,Chairs,1,3,263.5840,29.1204,0.1105
2017-05-01,2017,5,West,Washington,Consumer,Furniture,Furnishings,1,2,39.9600,17.1828,0.4300
2017-05-01,2017,5,West,Washington,Consumer,Office Supplies,Appliances,1,2,97.1600,28.1764,0.2900
2017-05-01,2017,5,West,Washington,Consumer,Office Supplies,Binders,1,2,26.0320,9.4366,0.3625
2017-05-01,2017,5,West,Washington,Consumer,Office Supplies,Labels,1,3,37.5900,17.6673,0.4700
2017-05-01,2017,5,West,Washington,Consumer,Office Supplies,Paper,1,6,37.4400,16.8480,0.4500
2017-05-01,2017,5,West,Washington,Corporate,Office Supplies,Art,1,3,31.4400,7.8600,0.2500
2017-05-01,2017,5,West,Washington,Corporate,Office Supplies,Paper,1,9,440.1900,206.8893,0.4700
2017-05-01,2017,5,West,Washington,Corporate,Office Supplies,Supplies,1,5,64.4000,1.9320,0.0300
2017-05-01,2017,5,West,Washington,Corporate,Technology,Accessories,1,6,98.1600,9.8160,0.1000
2017-05-01,2017,5,West,Washington,Home Office,Furniture,Tables,1,1,286.8500,63.1070,0.2200
2017-05-01,2017,5,West,Washington,Home Office,Office Supplies,Binders,1,5,147.9200,46.2250,0.3125
2017-05-01,2017,5,West,Washington,Home Office,Office Supplies,Storage,1,7,171.2400,28.7484,0.1679
2017-05-01,2017,5,West,Washington,Home Office,Technology,Accessories,1,2,199.9800,87.9912,0.4400
2017-06-01,2017,6,Central,Illinois,Consumer,Furniture,Furnishings,1,3,8.8560,-6.8634,-0.7750
2017-06-01,2017,6,Central,Illinois,Consumer,Office Supplies,Art,1,5,19.5600,1.7115,0.0875
2017-06-01,2017,6,Central,Illinois,Consumer,Office Supplies,Binders,2,7,15.2120,-23.8822,-1.5700
2017-06-01,2017,6,Central,Illinois,Consumer,Technology,Phones,1,2,148.4800,16.7040,0.1125
2017-06-01,2017,6,Central,Illinois,Corporate,Office Supplies,Binders,3,18,200.5940,-349.0947,-1.7403
2017-06-01,2017,6,Central,Illinois,Corporate,Office Supplies,Paper,2,5,22.4960,7.6412,0.3397
2017-06-01,2017,6,Central,Illinois,Home Office,Furniture,Chairs,2,10,1039.3600,-266.1886,-0.2561
2017-06-01,2017,6,Central,Illinois,Home Office,Furniture,Furnishings,2,5,38.2000,-24.6980,-0.6465
2017-06-01,2017,6,Central,Illinois,Home Office,Furniture,Tables,1,1,108.9250,-71.8905,-0.6600
2017-06-01,2017,6,Central,Illinois,Home Office,Office Supplies,Paper,1,8,36.3520,11.3600,0.3125
2017-06-01,2017,6,Central,Illinois,Home Office,Office Supplies,Storage,1,4,164.7360,-39.1248,-0.2375
2017-06-01,2017,6,Central,Illinois,Home Office,Technology,Phones,2,4,1049.5680,131.1960,0.1250
2017-06-01,2017,6,Central,Indiana,Consumer,Furniture,Furnishings,1,5,526.4500,31.5870,0.0600
2017-06-01,2017,6,Central,Indiana,Corporate,Furniture,Chairs,1,6,1925.8800,539.2464,0.2800
2017-06-01,2017,6,Central,Indiana,Corporate,Office Supplies,Appliances,1,8,2405.2000,793.7160,0.3300
2017-06-01,2017,6,Central,Indiana,Corporate,Office Supplies,Binders,1,2,17.3800,8.6900,0.5000
2017-06-01,2017,6,Central,Indiana,Corporate,Technology,Accessories,1,4,123.8600,30.7136,0.2480
2017-06-01,2017,6,Central,Michigan,Consumer,Technology,Accessories,1,4,132.5200,54.3332,0.4100
2017-06-01,2017,6,Central,Michigan,Home Office,Furniture,Chairs,1,2,487.9600,146.3880,0.3000
2017-06-01,2017,6,Central,Michigan,Home Office,Office Supplies,Art,1,4,15.9200,5.4128,0.3400
2017-06-01,2017,6,Central,Michigan,Home Office,Office Supplies,Paper,1,1,4.5400,2.0430,0.4500
2017-06-01,2017,6,Central,Michigan,Home Office,Technology,Phones,1,8,543.9200,135.9800,0.2500
2017-06-01,2017,6,Central,Minnesota,Consumer,Office Supplies,Appliances,1,3,362.9400,90.7350,0.2500
2017-06-01,2017,6,Central,Minnesota,Consumer,Office Supplies,Art,1,3,8.6400,2.5056,0.2900
2017-06-01,2017,6,Central,Minnesota,Consumer,Office Supplies,Binders,1,2,11.5400,5.7700,0.5000
2017-06-01,2017,6,Central,Minnesota,Home Office,Office Supplies,Labels,1,3,44.4000,22.2000,0.5000
2017-06-01,2017,6,Central,Minnesota,Home Office,Office Supplies,Paper,1,3,17.9400,8.7906,0.4900
2017-06-01,2017,6,Central,Minnesota,Home Office,Office Supplies,Storage,1,5,84.5500,22.8285,0.2700
2017-06-01,2017,6,Central,Nebraska,Consumer,Office Supplies,Paper,1,3,20.0700,9.2322,0.4600
2017-06-01,2017,6,Central,Nebraska,Corporate,Office Supplies,Binders,1,5,53.9000,25.8720,0.4800
2017-06-01,2017,6,Central,Texas,Consumer,Furniture,Bookcases,1,3,409.9992,-96.4704,-0.2353
2017-06-01,2017,6,Central,Texas,Consumer,Furniture,Furnishings,1,6,30.3360,-17.4432,-0.5750
2017-06-01,2017,6,Central,Texas,Consumer,Furniture,Tables,1,3,307.3140,-39.5118,-0.1286
2017-06-01,2017,6,Central,Texas,Consumer,Office Supplies,Appliances,2,4,24.1000,-60.8668,-2.5256
2017-06-01,2017,6,Central,Texas,Consumer,Office Supplies,Paper,2,10,156.8640,51.2480,0.3267
2017-06-01,2017,6,Central,Texas,Consumer,Office Supplies,Storage,1,2,153.5840,-32.6366,-0.2125
2017-06-01,2017,6,Central,Texas,Consumer,Office Supplies,Supplies,1,1,11.1840,0.8388,0.0750
2017-06-01,2017,6,Central,Texas,Consumer,Technology,Phones,1,3,470.3760,52.9173,0.1125
2017-06-01,2017,6,Central,Texas,Corporate,Office Supplies,Appliances,1,2,1.6240,-4.4660,-2.7500
2017-06-01,2017,6,Central,Texas,Corporate,Office Supplies,Binders,1,7,6.3700,-9.5550,-1.5000
2017-06-01,2017,6,Central,Texas,Corporate,Office Supplies,Paper,2,4,90.2400,30.5208,0.3382
2017-06-01,2017,6,Central,Texas,Corporate,Office Supplies,Storage,1,5,720.7600,54.0570,0.0750
2017-06-01,2017,6,Central,Texas,Corporate,Office Supplies,Supplies,1,3,23.7600,2.0790,0.0875
2017-06-01,2017,6,Central,Texas,Corporate,Technology,Phones,1,3,381.5760,28.6182,0.0750
2017-06-01,2017,6,Central,Texas,Home Office,Furniture,Tables,1,3,457.4850,-84.9615,-0.1857
2017-06-01,2017,6,Central,Texas,Home Office,Office Supplies,Binders,1,3,6.8880,-11.0208,-1.6000
2017-06-01,2017,6,Central,Texas,Home Office,Office Supplies,Paper,1,3,74.3520,23.2350,0.3125
2017-06-01,2017,6,East,Connecticut,Consumer,Office Supplies,Binders,1,2,10.3600,5.0764,0.4900
2017-06-01,2017,6,East,Connecticut,Corporate,Furniture,Bookcases,1,9,638.8200,185.2578,0.2900
2017-06-01,2017,6,East,Connecticut,Corporate,Furniture,Furnishings,1,2,25.1600,8.5544,0.3400
2017-06-01,2017,6,East,Connecticut,Corporate,Office Supplies,Supplies,1,3,30.6900,7.9794,0.2600
2017-06-01,2017,6,East,New Jersey,Consumer,Office Supplies,Labels,1,2,9.8200,4.8118,0.4900
2017-06-01,2017,6,East,New Jersey,Consumer,Technology,Accessories,1,3,239.9700,71.9910,0.3000
2017-06-01,2017,6,East,New York,Consumer,Furniture,Bookcases,1,1,400.7840,-5.0098,-0.0125
2017-06-01,2017,6,East,New York,Consumer,Furniture,Chairs,2,6,1031.0040,175.6732,0.1704
2017-06-01,2017,6,East,New York,Consumer,Furniture,Furnishings,2,4,298.9200,59.5854,0.1993
2017-06-01,2017,6,East,New York,Consumer,Furniture,Tables,1,5,1044.6300,-295.9785,-0.2833
2017-06-01,2017,6,East,New York,Consumer,Office Supplies,Art,1,3,64.1400,16.6764,0.2600
2017-06-01,2017,6,East,New York,Consumer,Office Supplies,Binders,2,6,64.4400,22.8672,0.3549
2017-06-01,2017,6,East,New York,Consumer,Office Supplies,Paper,1,4,19.0400,9.3296,0.4900
2017-06-01,2017,6,East,New York,Consumer,Office Supplies,Storage,2,10,521.5100,67.1139,0.1287
2017-06-01,2017,6,East,New York,Consumer,Technology,Accessories,1,5,149.9500,14.9950,0.1000
2017-06-01,2017,6,East,New York,Consumer,Technology,Phones,1,3,239.9700,67.1916,0.2800
2017-06-01,2017,6,East,New York,Corporate,Furniture,Tables,1,2,384.7680,-115.4304,-0.3000
2017-06-01,2017,6,East,New York,Corporate,Office Supplies,Art,1,5,8.4000,4.2000,0.5000
2017-06-01,2017,6,East,New York,Corporate,Office Supplies,Binders,2,5,113.9360,40.8680,0.3587
2017-06-01,2017,6,East,New York,Corporate,Office Supplies,Fasteners,1,3,14.1300,0.7065,0.0500
2017-06-01,2017,6,East,New York,Corporate,Office Supplies,Paper,3,9,211.7000,99.7210,0.4710
2017-06-01,2017,6,East,New York,Corporate,Office Supplies,Storage,3,13,1928.6000,502.8382,0.2607
2017-06-01,2017,6,East,New York,Corporate,Office Supplies,Supplies,1,5,28.4000,8.2360,0.2900
2017-06-01,2017,6,East,New York,Corporate,Technology,Accessories,1,8,103.1200,10.3120,0.1000
2017-06-01,2017,6,East,New York,Corporate,Technology,Machines,1,6,78.6600,36.1836,0.4600
2017-06-01,2017,6,East,New York,Home Office,Furniture,Chairs,1,3,191.6460,31.9410,0.1667
2017-06-01,2017,6,East,New York,Home Office,Technology,Accessories,1,3,101.3400,8.1072,0.0800
2017-06-01,2017,6,East,New York,Home Office,Technology,Machines,1,5,3404.5000,1668.2050,0.4900
2017-06-01,2017,6,East,Ohio,Consumer,Furniture,Furnishings,1,5,17.9200,2.4640,0.1375
2017-06-01,2017,6,East,Ohio,Consumer,Office Supplies,Art,2,7,29.1680,2.3844,0.0817
2017-06-01,2017,6,East,Ohio,Consumer,Office Supplies,Binders,2,8,45.0540,-37.0386,-0.8221
2017-06-01,2017,6,East,Ohio,Consumer,Office Supplies,Paper,3,15,80.5920,27.7386,0.3442
2017-06-01,2017,6,East,Ohio,Consumer,Technology,Accessories,2,8,543.8720,127.1652,0.2338
2017-06-01,2017,6,East,Ohio,Consumer,Technology,Phones,1,4,158.3760,-34.3148,-0.2167
2017-06-01,2017,6,East,Ohio,Corporate,Furniture,Chairs,1,6,760.1160,-43.4352,-0.0571
2017-06-01,2017,6,East,Ohio,Corporate,Furniture,Furnishings,1,3,38.7840,7.2720,0.1875
2017-06-01,2017,6,East,Ohio,Corporate,Office Supplies,Appliances,1,5,17.4800,1.3110,0.0750
2017-06-01,2017,6,East,Ohio,Corporate,Technology,Accessories,1,9,122.3280,1.5291,0.0125
2017-06-01,2017,6,East,Ohio,Home Office,Office Supplies,Storage,1,2,27.4400,2.4010,0.0875
2017-06-01,2017,6,East,Ohio,Home Office,Technology,Phones,1,1,2.9700,-0.6435,-0.2167
2017-06-01,2017,6,East,Pennsylvania,Consumer,Office Supplies,Paper,1,6,40.0320,15.0120,0.3750
2017-06-01,2017,6,East,Pennsylvania,Consumer,Office Supplies,Storage,1,3,324.7440,-77.1267,-0.2375
2017-06-01,2017,6,East,Pennsylvania,Consumer,Technology,Phones,1,17,904.1160,114.5788,0.1267
2017-06-01,2017,6,East,Pennsylvania,Home Office,Office Supplies,Binders,1,8,41.4870,-31.4623,-0.7584
2017-06-01,2017,6,East,Pennsylvania,Home Office,Office Supplies,Storage,1,2,8.9280,0.6696,0.0750
2017-06-01,2017,6,East,Rhode Island,Consumer,Office Supplies,Binders,1,3,102.9300,48.3771,0.4700
2017-06-01,2017,6,East,West Virginia,Home Office,Office Supplies,Binders,1,7,88.6400,43.4336,0.4900
2017-06-01,2017,6,East,West Virginia,Home Office,Office Supplies,Paper,1,8,447.8400,219.4416,0.4900
2017-06-01,2017,6,South,Alabama,Consumer,Office Supplies,Paper,1,2,12.4800,5.6160,0.4500
2017-06-01,2017,6,South,Alabama,Home Office,Office Supplies,Art,1,2,3.7600,1.0904,0.2900
2017-06-01,2017,6,South,Arkansas,Home Office,Office Supplies,Binders,1,10,117.6200,58.4284,0.4968
2017-06-01,2017,6,South,Florida,Consumer,Furniture,Bookcases,1,2,241.5680,0.0000,0.0000
2017-06-01,2017,6,South,Florida,Consumer,Furniture,Furnishings,1,2,17.0880,1.0680,0.0625
2017-06-01,2017,6,South,Florida,Consumer,Office Supplies,Appliances,1,9,29.6720,2.4204,0.0816
2017-06-01,2017,6,South,Florida,Consumer,Office Supplies,Binders,1,3,4.5540,-3.4914,-0.7667
2017-06-01,2017,6,South,Florida,Consumer,Office Supplies,Envelopes,1,3,37.6080,12.6927,0.3375
2017-06-01,2017,6,South,Florida,Consumer,Office Supplies,Paper,1,3,15.5520,5.4432,0.3500
2017-06-01,2017,6,South,Florida,Consumer,Office Supplies,Storage,1,1,4.4640,0.3348,0.0750
2017-06-01,2017,6,South,Florida,Consumer,Technology,Accessories,1,3,316.3920,-6.7149,-0.0212
2017-06-01,2017,6,South,Florida,Consumer,Technology,Phones,1,5,503.9600,50.3960,0.1000
2017-06-01,2017,6,South,Florida,Corporate,Furniture,Chairs,1,3,273.5520,-13.6776,-0.0500
2017-06-01,2017,6,South,Florida,Corporate,Office Supplies,Labels,1,6,13.8720,4.6818,0.3375
2017-06-01,2017,6,South,Florida,Corporate,Office Supplies,Paper,1,4,20.7360,7.2576,0.3500
2017-06-01,2017,6,South,Florida,Corporate,Office Supplies,Storage,1,8,1347.5200,84.2200,0.0625
2017-06-01,2017,6,South,Georgia,Home Office,Furniture,Tables,1,3,452.9400,67.9410,0.1500
2017-06-01,2017,6,South,Georgia,Home Office,Office Supplies,Binders,1,3,91.2000,41.9520,0.4600
2017-06-01,2017,6,South,Kentucky,Consumer,Furniture,Chairs,1,2,301.9600,90.5880,0.3000
2017-06-01,2017,6,South,Kentucky,Consumer,Office Supplies,Appliances,1,3,180.6600,50.5848,0.2800
2017-06-01,2017,6,South,Kentucky,Consumer,Technology,Phones,1,3,257.9700,68.9920,0.2674
2017-06-01,2017,6,South,North Carolina,Consumer,Furniture,Bookcases,1,2,77.7280,-3.8864,-0.0500
2017-06-01,2017,6,South,North Carolina,Consumer,Furniture,Chairs,1,3,698.3520,52.3764,0.0750
2017-06-01,2017,6,South,North Carolina,Consumer,Office Supplies,Binders,1,4,4.5720,-3.8100,-0.8333
2017-06-01,2017,6,South,North Carolina,Consumer,Office Supplies,Paper,1,4,25.3440,9.1872,0.3625
2017-06-01,2017,6,South,North Carolina,Corporate,Furniture,Furnishings,1,2,31.9840,1.9990,0.0625
2017-06-01,2017,6,South,North Carolina,Corporate,Office Supplies,Art,1,3,14.0160,4.7304,0.3375
2017-06-01,2017,6,South,North Carolina,Corporate,Technology,Phones,1,2,71.9840,25.1944,0.3500
2017-06-01,2017,6,South,Tennessee,Corporate,Furniture,Furnishings,3,13,85.8560,24.3896,0.2841
2017-06-01,2017,6,South,Tennessee,Corporate,Furniture,Tables,1,2,120.9600,-28.2240,-0.2333
2017-06-01,2017,6,South,Tennessee,Corporate,Office Supplies,Appliances,1,8,76.6080,6.7032,0.0875
2017-06-01,2017,6,South,Tennessee,Corporate,Office Supplies,Paper,1,5,91.3600,29.6920,0.3250
2017-06-01,2017,6,South,Tennessee,Corporate,Office Supplies,Storage,1,1,142.7760,17.8470,0.1250
2017-06-01,2017,6,South,Tennessee,Corporate,Technology,Phones,1,11,2479.9120,250.9909,0.1012
2017-06-01,2017,6,South,Virginia,Consumer,Office Supplies,Art,1,7,181.8600,50.9208,0.2800
2017-06-01,2017,6,South,Virginia,Consumer,Office Supplies,Paper,2,9,81.5200,38.6384,0.4740
2017-06-01,2017,6,South,Virginia,Consumer,Technology,Phones,1,4,503.9600,125.9900,0.2500
2017-06-01,2017,6,West,Arizona,Consumer,Office Supplies,Binders,1,2,72.5880,-48.3920,-0.6667
2017-06-01,2017,6,West,Arizona,Consumer,Office Supplies,Envelopes,1,5,43.9200,15.9210,0.3625
2017-06-01,2017,6,West,Arizona,Consumer,Office Supplies,Paper,1,6,25.3440,7.9200,0.3125
2017-06-01,2017,6,West,Arizona,Consumer,Office Supplies,Storage,1,2,35.1680,-8.3524,-0.2375
2017-06-01,2017,6,West,Arizona,Consumer,Technology,Accessories,1,7,89.5440,12.3123,0.1375
2017-06-01,2017,6,West,Arizona,Home Office,Furniture,Chairs,1,1,280.7920,35.0990,0.1250
2017-06-01,2017,6,West,Arizona,Home Office,Office Supplies,Art,1,6,103.9120,8.5870,0.0826
2017-06-01,2017,6,West,Arizona,Home Office,Office Supplies,Storage,1,7,284.0400,-40.8078,-0.1437
2017-06-01,2017,6,West,California,Consumer,Furniture,Bookcases,2,12,1353.9225,80.7231,0.0596
2017-06-01,2017,6,West,California,Consumer,Furniture,Chairs,1,7,1212.9600,90.9720,0.0750
2017-06-01,2017,6,West,California,Consumer,Furniture,Furnishings,1,4,50.3200,21.1344,0.4200
2017-06-01,2017,6,West,California,Consumer,Office Supplies,Appliances,1,3,61.4400,16.5888,0.2700
2017-06-01,2017,6,West,California,Consumer,Office Supplies,Art,4,16,128.2600,35.4378,0.2763
2017-06-01,2017,6,West,California,Consumer,Office Supplies,Binders,3,17,1259.7840,421.9116,0.3349
2017-06-01,2017,6,West,California,Consumer,Office Supplies,Fasteners,1,1,2.8800,1.3536,0.4700
2017-06-01,2017,6,West,California,Consumer,Office Supplies,Paper,5,18,409.9000,199.9890,0.4879
2017-06-01,2017,6,West,California,Consumer,Office Supplies,Storage,2,15,214.4700,40.8882,0.1906
2017-06-01,2017,6,West,California,Consumer,Technology,Accessories,1,3,62.3100,22.4316,0.3600
2017-06-01,2017,6,West,California,Consumer,Technology,Phones,1,3,47.9760,4.7976,0.1000
2017-06-01,2017,6,West,California,Corporate,Office Supplies,Art,2,24,436.1200,127.7606,0.2929
2017-06-01,2017,6,West,California,Corporate,Office Supplies,Binders,1,1,3.9120,1.2714,0.3250
2017-06-01,2017,6,West,California,Corporate,Office Supplies,Paper,1,2,11.9600,5.3820,0.4500
2017-06-01,2017,6,West,California,Corporate,Office Supplies,Storage,1,2,1295.7800,310.9872,0.2400
2017-06-01,2017,6,West,California,Corporate,Technology,Accessories,1,5,44.7500,8.5025,0.1900
2017-06-01,2017,6,West,California,Corporate,Technology,Phones,1,1,119.9600,7.4975,0.0625
2017-06-01,2017,6,West,California,Home Office,Furniture,Bookcases,2,7,2011.8310,110.7118,0.0550
2017-06-01,2017,6,West,California,Home Office,Furniture,Furnishings,1,1,4.9500,2.1780,0.4400
2017-06-01,2017,6,West,California,Home Office,Office Supplies,Labels,1,2,29.6000,14.8000,0.5000
2017-06-01,2017,6,West,California,Home Office,Office Supplies,Storage,1,5,26.4000,0.0000,0.0000
2017-06-01,2017,6,West,California,Home Office,Technology,Phones,2,7,297.4800,13.9935,0.0470
2017-06-01,2017,6,West,Colorado,Consumer,Office Supplies,Storage,1,3,146.3520,-32.9292,-0.2250
2017-06-01,2017,6,West,Colorado,Consumer,Technology,Accessories,1,9,431.9280,64.7892,0.1500
2017-06-01,2017,6,West,Nevada,Home Office,Office Supplies,Binders,1,3,75.7920,25.5798,0.3375
2017-06-01,2017,6,West,New Mexico,Home Office,Office Supplies,Paper,1,7,211.6000,101.5680,0.4800
2017-06-01,2017,6,West,New Mexico,Home Office,Office Supplies,Supplies,1,2,16.6800,4.3368,0.2600
2017-06-01,2017,6,West,Oregon,Home Office,Office Supplies,Art,1,2,5.3440,0.7348,0.1375
2017-06-01,2017,6,West,Oregon,Home Office,Office Supplies,Fasteners,1,3,11.3040,-2.1195,-0.1875
2017-06-01,2017,6,West,Oregon,Home Office,Office Supplies,Labels,1,6,71.0400,26.6400,0.3750
2017-06-01,2017,6,West,Washington,Consumer,Furniture,Bookcases,1,3,174.4200,41.8608,0.2400
2017-06-01,2017,6,West,Washington,Consumer,Furniture,Furnishings,1,3,155.2500,46.5750,0.3000
2017-06-01,2017,6,West,Washington,Consumer,Furniture,Tables,1,4,871.4000,148.1380,0.1700
2017-06-01,2017,6,West,Washington,Consumer,Office Supplies,Binders,1,6,18.2880,6.6294,0.3625
2017-06-01,2017,6,West,Washington,Consumer,Office Supplies,Labels,1,4,11.5600,5.4332,0.4700
2017-06-01,2017,6,West,Washington,Consumer,Office Supplies,Paper,2,5,57.3800,27.5424,0.4800
2017-06-01,2017,6,West,Washington,Consumer,Office Supplies,Storage,3,4,132.5700,8.9933,0.0678
2017-06-01,2017,6,West,Washington,Consumer,Technology,Machines,1,5,385.8000,130.2075,0.3375
2017-06-01,2017,6,West,Washington,Consumer,Technology,Phones,2,6,160.7520,16.7649,0.1043
2017-06-01,2017,6,West,Washington,Corporate,Furniture,Furnishings,1,3,126.3000,40.4160,0.3200
2017-06-01,2017,6,West,Washington,Corporate,Office Supplies,Paper,1,3,19.4400,9.3312,0.4800
2017-06-01,2017,6,West,Washington,Corporate,Technology,Accessories,2,15,2386.9500,607.4505,0.2545
2017-06-01,2017,6,West,Washington,Home Office,Furniture,Chairs,1,4,291.1360,-25.4744,-0.0875
2017-06-01,2017,6,West,Washington,Home Office,Office Supplies,Storage,1,9,136.2600,5.4504,0.0400
2017-07-01,2017,7,Central,Illinois,Consumer,Furniture,Chairs,1,4,526.3440,-75.1920,-0.1429
2017-07-01,2017,7,Central,Illinois,Consumer,Furniture,Furnishings,1,1,8.7920,-5.7148,-0.6500
2017-07-01,2017,7,Central,Illinois,Consumer,Office Supplies,Art,1,4,121.5360,15.1920,0.1250
2017-07-01,2017,7,Central,Illinois,Consumer,Office Supplies,Binders,1,2,2.1120,-3.3792,-1.6000
2017-07-01,2017,7,Central,Illinois,Consumer,Office Supplies,Storage,2,7,298.6320,23.0215,0.0771
2017-07-01,2017,7,Central,Illinois,Consumer,Technology,Phones,1,1,36.7920,4.1391,0.1125
2017-07-01,2017,7,Central,Illinois,Corporate,Office Supplies,Appliances,1,9,58.4640,-146.1600,-2.5000
2017-07-01,2017,7,Central,Illinois,Corporate,Office Supplies,Art,1,5,8.8400,2.9835,0.3375
2017-07-01,2017,7,Central,Illinois,Corporate,Office Supplies,Binders,1,11,97.0560,-169.4184,-1.7456
2017-07-01,2017,7,Central,Illinois,Corporate,Office Supplies,Paper,1,3,63.3120,20.5764,0.3250
2017-07-01,2017,7,Central,Illinois,Home Office,Office Supplies,Art,1,2,2.9120,0.9100,0.3125
2017-07-01,2017,7,Central,Illinois,Home Office,Office Supplies,Storage,1,6,298.4640,26.1156,0.0875
2017-07-01,2017,7,Central,Indiana,Consumer,Office Supplies,Art,1,2,11.6800,5.4896,0.4700
2017-07-01,2017,7,Central,Indiana,Consumer,Technology,Accessories,1,5,159.7500,11.1825,0.0700
2017-07-01,2017,7,Central,Indiana,Home Office,Furniture,Furnishings,1,5,526.4500,31.5870,0.0600
2017-07-01,2017,7,Central,Indiana,Home Office,Office Supplies,Binders,1,1,169.9900,78.1954,0.4600
2017-07-01,2017,7,Central,Indiana,Home Office,Office Supplies,Paper,1,4,25.9200,12.4416,0.4800
2017-07-01,2017,7,Central,Indiana,Home Office,Office Supplies,Storage,1,4,443.9200,13.3176,0.0300
2017-07-01,2017,7,Central,Iowa,Consumer,Office Supplies,Art,1,4,30.3200,11.8248,0.3900
2017-07-01,2017,7,Central,Kansas,Corporate,Office Supplies,Paper,1,2,13.5600,6.2376,0.4600
2017-07-01,2017,7,Central,Kansas,Corporate,Office Supplies,Storage,1,2,360.3800,93.6988,0.2600
2017-07-01,2017,7,Central,Minnesota,Corporate,Office Supplies,Binders,1,2,735.9800,331.1910,0.4500
2017-07-01,2017,7,Central,Nebraska,Corporate,Technology,Phones,1,4,79.9600,22.3888,0.2800
2017-07-01,2017,7,Central,Oklahoma,Consumer,Furniture,Chairs,1,3,302.6700,72.6408,0.2400
2017-07-01,2017,7,Central,Oklahoma,Consumer,Office Supplies,Appliances,1,2,137.6200,60.5528,0.4400
2017-07-01,2017,7,Central,Oklahoma,Consumer,Office Supplies,Binders,1,2,33.4800,16.4052,0.4900
2017-07-01,2017,7,Central,Oklahoma,Consumer,Technology,Phones,1,3,461.9700,133.9713,0.2900
2017-07-01,2017,7,Central,South Dakota,Consumer,Office Supplies,Labels,1,7,20.2300,9.5081,0.4700
2017-07-01,2017,7,Central,South Dakota,Corporate,Furniture,Chairs,1,3,182.9400,27.4410,0.1500
2017-07-01,2017,7,Central,South Dakota,Corporate,Office Supplies,Appliances,1,2,416.3200,112.4064,0.2700
2017-07-01,2017,7,Central,South Dakota,Corporate,Office Supplies,Binders,1,12,103.8300,50.6250,0.4876
2017-07-01,2017,7,Central,South Dakota,Corporate,Office Supplies,Labels,1,2,14.6200,6.8714,0.4700
2017-07-01,2017,7,Central,South Dakota,Corporate,Technology,Accessories,1,3,389.9700,132.5898,0.3400
2017-07-01,2017,7,Central,Texas,Consumer,Furniture,Tables,1,4,124.4040,-21.3264,-0.1714
2017-07-01,2017,7,Central,Texas,Consumer,Technology,Phones,1,4,167.9680,62.9880,0.3750
2017-07-01,2017,7,Central,Texas,Corporate,Furniture,Furnishings,1,9,332.0280,-348.6294,-1.0500
2017-07-01,2017,7,Central,Texas,Corporate,Office Supplies,Binders,1,10,17.7100,-28.0821,-1.5857
2017-07-01,2017,7,Central,Texas,Corporate,Office Supplies,Fasteners,1,2,2.8960,0.4706,0.1625
2017-07-01,2017,7,Central,Texas,Corporate,Office Supplies,Paper,2,16,320.5520,109.3527,0.3411
2017-07-01,2017,7,Central,Texas,Corporate,Technology,Machines,1,3,597.1320,49.7610,0.0833
2017-07-01,2017,7,Central,Texas,Corporate,Technology,Phones,1,1,124.7920,15.5990,0.1250
2017-07-01,2017,7,Central,Texas,Home Office,Furniture,Tables,1,6,298.1160,-4.2588,-0.0143
2017-07-01,2017,7,Central,Texas,Home Office,Office Supplies,Binders,1,4,5.2320,-8.1096,-1.5500
2017-07-01,2017,7,Central,Texas,Home Office,Office Supplies,Paper,1,5,163.9600,59.4355,0.3625
2017-07-01,2017,7,Central,Wisconsin,Corporate,Office Supplies,Appliances,1,6,155.8800,54.5580,0.3500
2017-07-01,2017,7,Central,Wisconsin,Corporate,Office Supplies,Binders,1,4,17.5200,8.4096,0.4800
2017-07-01,2017,7,Central,Wisconsin,Home Office,Technology,Accessories,1,5,399.9500,143.9820,0.3600
2017-07-01,2017,7,East,Connecticut,Consumer,Office Supplies,Art,1,6,119.0400,48.8064,0.4100
2017-07-01,2017,7,East,Connecticut,Consumer,Office Supplies,Paper,1,5,274.8000,134.6520,0.4900
2017-07-01,2017,7,East,Connecticut,Consumer,Office Supplies,Storage,1,4,195.6400,3.9128,0.0200
2017-07-01,2017,7,East,Connecticut,Consumer,Technology,Phones,1,2,257.9800,74.8142,0.2900
2017-07-01,2017,7,East,Delaware,Consumer,Furniture,Tables,1,3,310.4430,-48.7839,-0.1571
2017-07-01,2017,7,East,Delaware,Consumer,Office Supplies,Binders,1,3,26.5500,13.0095,0.4900
2017-07-01,2017,7,East,Delaware,Corporate,Furniture,Furnishings,1,6,123.9000,15.0698,0.1216
2017-07-01,2017,7,East,Delaware,Corporate,Office Supplies,Art,1,12,203.8600,54.1600,0.2657
2017-07-01,2017,7,East,Delaware,Corporate,Technology,Accessories,1,5,141.9000,58.1790,0.4100
2017-07-01,2017,7,East,Delaware,Home Office,Office Supplies,Binders,1,8,860.9600,396.3719,0.4604
2017-07-01,2017,7,East,Delaware,Home Office,Office Supplies,Paper,1,1,11.5400,5.5392,0.4800
2017-07-01,2017,7,East,Maryland,Consumer,Technology,Phones,1,5,89.9500,43.1760,0.4800
2017-07-01,2017,7,East,Massachusetts,Consumer,Office Supplies,Art,1,5,20.5200,7.2468,0.3532
2017-07-01,2017,7,East,Massachusetts,Consumer,Office Supplies,Paper,1,2,24.5600,11.5432,0.4700
2017-07-01,2017,7,East,Massachusetts,Home Office,Office Supplies,Paper,1,2,24.5600,11.5432,0.4700
2017-07-01,2017,7,East,Massachusetts,Home Office,Technology,Accessories,1,10,258.9000,93.2040,0.3600
2017-07-01,2017,7,East,New Hampshire,Consumer,Furniture,Furnishings,1,1,102.3000,26.5980,0.2600
2017-07-01,2017,7,East,New Jersey,Home Office,Office Supplies,Paper,1,1,6.4800,3.1752,0.4900
2017-07-01,2017,7,East,New York,Consumer,Furniture,Chairs,1,6,664.1460,88.5528,0.1333
2017-07-01,2017,7,East,New York,Consumer,Furniture,Furnishings,1,1,14.8900,4.0203,0.2700
2017-07-01,2017,7,East,New York,Consumer,Office Supplies,Appliances,1,4,17.4800,4.5448,0.2600
2017-07-01,2017,7,East,New York,Consumer,Office Supplies,Art,2,11,66.6800,24.1468,0.3621
2017-07-01,2017,7,East,New York,Consumer,Office Supplies,Binders,1,3,17.4720,6.3336,0.3625
2017-07-01,2017,7,East,New York,Consumer,Office Supplies,Labels,1,3,7.8300,3.6018,0.4600
2017-07-01,2017,7,East,New York,Consumer,Office Supplies,Paper,1,2,8.9600,4.3904,0.4900
2017-07-01,2017,7,East,New York,Consumer,Technology,Accessories,2,8,174.5000,26.0370,0.1492
2017-07-01,2017,7,East,New York,Consumer,Technology,Phones,1,8,543.9200,135.9800,0.2500
2017-07-01,2017,7,East,New York,Corporate,Furniture,Chairs,1,2,163.7640,25.4744,0.1556
2017-07-01,2017,7,East,New York,Corporate,Furniture,Furnishings,1,4,183.9200,31.2664,0.1700
2017-07-01,2017,7,East,New York,Corporate,Office Supplies,Binders,1,3,13.1280,4.2666,0.3250
2017-07-01,2017,7,East,New York,Corporate,Office Supplies,Labels,1,4,41.4000,19.8720,0.4800
2017-07-01,2017,7,East,New York,Corporate,Office Supplies,Paper,1,2,13.3600,6.4128,0.4800
2017-07-01,2017,7,East,New York,Corporate,Technology,Phones,1,3,29.9700,14.0859,0.4700
2017-07-01,2017,7,East,New York,Home Office,Furniture,Furnishings,1,4,39.0800,14.4596,0.3700
2017-07-01,2017,7,East,New York,Home Office,Office Supplies,Binders,1,3,13.9200,4.3500,0.3125
2017-07-01,2017,7,East,New York,Home Office,Office Supplies,Paper,1,5,99.9000,47.9520,0.4800
2017-07-01,2017,7,East,New York,Home Office,Technology,Phones,1,2,269.9800,67.4950,0.2500
2017-07-01,2017,7,East,Ohio,Consumer,Furniture,Furnishings,1,5,396.9200,148.8450,0.3750
2017-07-01,2017,7,East,Ohio,Consumer,Office Supplies,Art,1,5,13.1200,2.1320,0.1625
2017-07-01,2017,7,East,Ohio,Consumer,Office Supplies,Paper,2,3,13.0640,4.5449,0.3479
2017-07-01,2017,7,East,Ohio,Consumer,Office Supplies,Storage,1,12,301.4960,22.6122,0.0750
2017-07-01,2017,7,East,Ohio,Consumer,Technology,Phones,1,9,1889.9460,-377.9892,-0.2000
2017-07-01,2017,7,East,Ohio,Home Office,Furniture,Tables,1,2,215.1480,-103.9882,-0.4833
2017-07-01,2017,7,East,Ohio,Home Office,Office Supplies,Binders,2,7,110.7060,-76.3632,-0.6898
2017-07-01,2017,7,East,Ohio,Home Office,Office Supplies,Paper,1,10,63.8560,22.3254,0.3496
2017-07-01,2017,7,East,Ohio,Home Office,Office Supplies,Storage,1,7,222.3200,25.0110,0.1125
2017-07-01,2017,7,East,Ohio,Home Office,Technology,Phones,1,6,210.5640,-52.6410,-0.2500
2017-07-01,2017,7,East,Pennsylvania,Consumer,Furniture,Bookcases,1,3,87.2100,-45.3492,-0.5200
2017-07-01,2017,7,East,Pennsylvania,Consumer,Furniture,Chairs,2,6,270.1160,-15.2156,-0.0563
2017-07-01,2017,7,East,Pennsylvania,Consumer,Furniture,Furnishings,2,13,111.1040,22.3536,0.2012
2017-07-01,2017,7,East,Pennsylvania,Consumer,Furniture,Tables,1,1,138.5880,-34.6470,-0.2500
2017-07-01,2017,7,East,Pennsylvania,Consumer,Office Supplies,Labels,1,1,3.3040,1.0738,0.3250
2017-07-01,2017,7,East,Pennsylvania,Consumer,Office Supplies,Paper,2,7,36.2880,12.7008,0.3500
2017-07-01,2017,7,East,Pennsylvania,Consumer,Office Supplies,Storage,2,8,273.3120,-24.9876,-0.0914
2017-07-01,2017,7,East,Pennsylvania,Consumer,Office Supplies,Supplies,2,5,46.9360,5.3951,0.1149
2017-07-01,2017,7,East,Pennsylvania,Consumer,Technology,Accessories,1,5,544.6960,90.6101,0.1663
2017-07-01,2017,7,East,Pennsylvania,Consumer,Technology,Copiers,1,5,599.9700,69.9965,0.1167
2017-07-01,2017,7,East,Pennsylvania,Consumer,Technology,Phones,3,7,1009.1580,-178.3721,-0.1768
2017-07-01,2017,7,East,Pennsylvania,Corporate,Office Supplies,Binders,1,2,2.9460,-2.2586,-0.7667
2017-07-01,2017,7,East,Pennsylvania,Corporate,Office Supplies,Paper,2,6,70.8720,23.6355,0.3335
2017-07-01,2017,7,East,Rhode Island,Corporate,Technology,Accessories,1,4,252.0000,93.2400,0.3700
2017-07-01,2017,7,South,Florida,Consumer,Furniture,Chairs,1,1,239.2400,23.9240,0.1000
2017-07-01,2017,7,South,Florida,Consumer,Furniture,Furnishings,2,5,98.9360,-0.1022,-0.0010
2017-07-01,2017,7,South,Florida,Home Office,Technology,Accessories,1,2,41.4240,8.2848,0.2000
2017-07-01,2017,7,South,Georgia,Consumer,Furniture,Furnishings,2,4,42.8300,13.4305,0.3136
2017-07-01,2017,7,South,Georgia,Consumer,Technology,Phones,1,3,287.9700,77.7519,0.2700
2017-07-01,2017,7,South,Georgia,Corporate,Office Supplies,Appliances,1,3,41.9100,10.8966,0.2600
2017-07-01,2017,7,South,North Carolina,Consumer,Furniture,Chairs,2,7,437.2000,27.3250,0.0625
2017-07-01,2017,7,South,North Carolina,Consumer,Office Supplies,Appliances,1,2,34.8480,6.5340,0.1875
2017-07-01,2017,7,South,North Carolina,Consumer,Office Supplies,Art,1,3,4.3680,0.3822,0.0875
2017-07-01,2017,7,South,North Carolina,Consumer,Technology,Accessories,1,2,24.0000,-2.7000,-0.1125
2017-07-01,2017,7,South,North Carolina,Consumer,Technology,Phones,1,5,22.0000,1.3750,0.0625
2017-07-01,2017,7,South,North Carolina,Corporate,Office Supplies,Art,1,3,9.5520,1.5522,0.1625
2017-07-01,2017,7,South,Virginia,Consumer,Furniture,Bookcases,1,3,302.9400,69.6762,0.2300
2017-07-01,2017,7,South,Virginia,Consumer,Furniture,Furnishings,1,5,8.8000,3.8720,0.4400
2017-07-01,2017,7,South,Virginia,Consumer,Office Supplies,Art,1,12,121.6200,35.2698,0.2900
2017-07-01,2017,7,South,Virginia,Consumer,Office Supplies,Binders,1,3,14.9400,7.1712,0.4800
2017-07-01,2017,7,South,Virginia,Consumer,Office Supplies,Supplies,1,2,231.7200,11.5860,0.0500
2017-07-01,2017,7,South,Virginia,Consumer,Technology,Phones,1,4,271.9600,67.9900,0.2500
2017-07-01,2017,7,South,Virginia,Corporate,Furniture,Tables,1,3,872.9400,157.1292,0.1800
2017-07-01,2017,7,South,Virginia,Corporate,Office Supplies,Appliances,1,3,179.9400,50.3832,0.2800
2017-07-01,2017,7,South,Virginia,Corporate,Office Supplies,Paper,1,2,12.9600,6.2208,0.4800
2017-07-01,2017,7,West,Arizona,Consumer,Furniture,Chairs,1,5,473.5440,-32.7987,-0.0693
2017-07-01,2017,7,West,Arizona,Consumer,Furniture,Tables,1,5,801.6000,-448.8960,-0.5600
2017-07-01,2017,7,West,Arizona,Consumer,Office Supplies,Binders,1,4,7.6560,-6.1248,-0.8000
2017-07-01,2017,7,West,Arizona,Consumer,Office Supplies,Paper,1,2,16.0960,5.2312,0.3250
2017-07-01,2017,7,West,California,Consumer,Furniture,Chairs,2,5,347.4320,8.7893,0.0253
2017-07-01,2017,7,West,California,Consumer,Furniture,Furnishings,3,16,461.8800,123.5184,0.2674
2017-07-01,2017,7,West,California,Consumer,Office Supplies,Art,1,4,71.9200,20.8568,0.2900
2017-07-01,2017,7,West,California,Consumer,Office Supplies,Binders,3,8,69.9920,24.5759,0.3511
2017-07-01,2017,7,West,California,Consumer,Office Supplies,Fasteners,2,7,10.9000,2.4500,0.2248
2017-07-01,2017,7,West,California,Consumer,Office Supplies,Labels,2,13,101.4300,47.9346,0.4726
2017-07-01,2017,7,West,California,Consumer,Office Supplies,Paper,2,11,74.6600,35.6734,0.4778
2017-07-01,2017,7,West,California,Consumer,Office Supplies,Storage,3,8,474.8800,102.0544,0.2149
2017-07-01,2017,7,West,California,Consumer,Technology,Accessories,1,3,140.9700,19.7358,0.1400
2017-07-01,2017,7,West,California,Consumer,Technology,Phones,1,3,470.3760,52.9173,0.1125
2017-07-01,2017,7,West,California,Corporate,Furniture,Bookcases,1,5,1194.1650,210.7350,0.1765
2017-07-01,2017,7,West,California,Corporate,Furniture,Chairs,1,3,362.3520,45.2940,0.1250
2017-07-01,2017,7,West,California,Corporate,Office Supplies,Appliances,1,5,168.1000,43.7060,0.2600
2017-07-01,2017,7,West,California,Corporate,Office Supplies,Art,1,2,3.5200,1.6896,0.4800
2017-07-01,2017,7,West,California,Corporate,Office Supplies,Binders,2,9,39.7840,12.9317,0.3250
2017-07-01,2017,7,West,California,Corporate,Office Supplies,Envelopes,1,5,57.9000,28.9500,0.5000
2017-07-01,2017,7,West,California,Corporate,Office Supplies,Labels,1,3,8.6700,4.0749,0.4700
2017-07-01,2017,7,West,California,Corporate,Office Supplies,Paper,1,5,32.4000,15.5520,0.4800
2017-07-01,2017,7,West,California,Corporate,Office Supplies,Storage,2,3,25.5400,4.1944,0.1642
2017-07-01,2017,7,West,California,Corporate,Technology,Accessories,2,10,2937.4000,904.5955,0.3080
2017-07-01,2017,7,West,California,Corporate,Technology,Copiers,1,5,2399.9600,839.9860,0.3500
2017-07-01,2017,7,West,California,Corporate,Technology,Phones,3,19,2843.7440,227.6008,0.0800
2017-07-01,2017,7,West,California,Home Office,Furniture,Furnishings,1,5,145.9000,62.7370,0.4300
2017-07-01,2017,7,West,California,Home Office,Technology,Copiers,1,2,479.9840,89.9970,0.1875
2017-07-01,2017,7,West,New Mexico,Consumer,Furniture,Furnishings,1,9,545.8500,114.6285,0.2100
2017-07-01,2017,7,West,Oregon,Consumer,Office Supplies,Binders,1,2,1.0800,-0.7920,-0.7333
2017-07-01,2017,7,West,Utah,Consumer,Office Supplies,Art,1,1,25.9900,7.5371,0.2900
2017-07-01,2017,7,West,Utah,Consumer,Technology,Phones,1,9,71.9280,6.2937,0.0875
2017-07-01,2017,7,West,Washington,Consumer,Furniture,Bookcases,1,2,115.9600,25.5112,0.2200
2017-07-01,2017,7,West,Washington,Consumer,Furniture,Furnishings,2,5,222.3400,109.7372,0.4936
2017-07-01,2017,7,West,Washington,Consumer,Office Supplies,Binders,1,2,23.1680,7.8192,0.3375
2017-07-01,2017,7,West,Washington,Consumer,Office Supplies,Labels,1,8,786.4800,385.3752,0.4900
2017-07-01,2017,7,West,Washington,Consumer,Office Supplies,Paper,1,6,39.1600,18.2728,0.4666
2017-07-01,2017,7,West,Washington,Consumer,Technology,Accessories,3,10,375.5200,55.1671,0.1469
2017-07-01,2017,7,West,Washington,Home Office,Furniture,Furnishings,1,3,15.8400,4.9104,0.3100
2017-07-01,2017,7,West,Washington,Home Office,Office Supplies,Art,1,7,31.3600,10.5312,0.3358
2017-07-01,2017,7,West,Washington,Home Office,Office Supplies,Binders,1,3,86.3760,30.2316,0.3500
2017-07-01,2017,7,West,Washington,Home Office,Office Supplies,Paper,1,2,52.7600,24.2696,0.4600
2017-07-01,2017,7,West,Washington,Home Office,Technology,Accessories,1,6,1747.7800,769.0232,0.4400
2017-07-01,2017,7,West,Washington,Home Office,Technology,Machines,1,6,2395.2000,209.5800,0.0875
2017-07-01,2017,7,West,Washington,Home Office,Technology,Phones,1,1,7.9920,2.6973,0.3375
2017-08-01,2017,8,Central,Illinois,Consumer,Furniture,Bookcases,1,2,183.3720,-36.6744,-0.2000
2017-08-01,2017,8,Central,Illinois,Consumer,Furniture,Furnishings,1,5,64.9600,-43.8480,-0.6750
2017-08-01,2017,8,Central,Illinois,Consumer,Office Supplies,Binders,1,2,2.2960,-3.9032,-1.7000
2017-08-01,2017,8,Central,Illinois,Consumer,Office Supplies,Paper,1,11,52.0640,17.2720,0.3317
2017-08-01,2017,8,Central,Illinois,Consumer,Technology,Accessories,1,3,39.8160,7.4655,0.1875
2017-08-01,2017,8,Central,Illinois,Consumer,Technology,Phones,1,2,95.9840,5.9990,0.0625
2017-08-01,2017,8,Central,Illinois,Corporate,Office Supplies,Binders,1,9,3.2400,-5.1840,-1.6000
2017-08-01,2017,8,Central,Illinois,Corporate,Office Supplies,Labels,1,4,47.3600,17.7600,0.3750
2017-08-01,2017,8,Central,Illinois,Corporate,Office Supplies,Storage,1,2,27.4400,2.4010,0.0875
2017-08-01,2017,8,Central,Indiana,Consumer,Furniture,Furnishings,1,2,121.3000,25.4730,0.2100
2017-08-01,2017,8,Central,Indiana,Consumer,Office Supplies,Appliances,1,9,638.7300,166.0698,0.2600
2017-08-01,2017,8,Central,Indiana,Consumer,Office Supplies,Binders,1,6,125.8800,60.4224,0.4800
2017-08-01,2017,8,Central,Indiana,Consumer,Office Supplies,Envelopes,1,6,70.0800,35.0400,0.5000
2017-08-01,2017,8,Central,Indiana,Consumer,Office Supplies,Labels,1,9,133.2000,66.6000,0.5000
2017-08-01,2017,8,Central,Indiana,Consumer,Technology,Accessories,1,2,79.7800,29.5186,0.3700
2017-08-01,2017,8,Central,Indiana,Consumer,Technology,Phones,1,9,1454.4900,378.1674,0.2600
2017-08-01,2017,8,Central,Indiana,Corporate,Office Supplies,Paper,1,5,177.2000,83.2840,0.4700
2017-08-01,2017,8,Central,Michigan,Home Office,Office Supplies,Storage,1,4,53.7200,13.9672,0.2600
2017-08-01,2017,8,Central,Minnesota,Consumer,Office Supplies,Envelopes,1,2,15.2800,7.4872,0.4900
2017-08-01,2017,8,Central,Minnesota,Consumer,Office Supplies,Fasteners,1,7,35.0000,16.8000,0.4800
2017-08-01,2017,8,Central,Minnesota,Consumer,Office Supplies,Supplies,1,4,37.2400,10.7996,0.2900
2017-08-01,2017,8,Central,Minnesota,Consumer,Technology,Accessories,1,4,63.9600,19.8276,0.3100
2017-08-01,2017,8,Central,Minnesota,Corporate,Office Supplies,Labels,1,8,50.4000,23.1840,0.4600
2017-08-01,2017,8,Central,Texas,Consumer,Office Supplies,Art,1,1,5.9520,0.3720,0.0625
2017-08-01,2017,8,Central,Texas,Consumer,Office Supplies,Binders,1,9,28.1240,-44.6038,-1.5860
2017-08-01,2017,8,Central,Texas,Consumer,Office Supplies,Storage,2,5,318.2240,-12.6050,-0.0396
2017-08-01,2017,8,Central,Texas,Consumer,Technology,Accessories,1,3,119.4480,-13.4379,-0.1125
2017-08-01,2017,8,Central,Texas,Corporate,Office Supplies,Art,1,7,9.1840,2.8700,0.3125
2017-08-01,2017,8,Central,Texas,Corporate,Office Supplies,Binders,2,11,16.1820,-28.1526,-1.7397
2017-08-01,2017,8,Central,Texas,Corporate,Office Supplies,Paper,3,14,181.2480,63.0660,0.3480
2017-08-01,2017,8,Central,Texas,Corporate,Technology,Machines,1,3,1439.9820,-263.9967,-0.1833
2017-08-01,2017,8,Central,Texas,Corporate,Technology,Phones,1,2,153.5840,13.4386,0.0875
2017-08-01,2017,8,Central,Texas,Home Office,Furniture,Chairs,1,4,74.5920,-2.1312,-0.0286
2017-08-01,2017,8,Central,Texas,Home Office,Furniture,Furnishings,1,2,16.7840,-22.2388,-1.3250
2017-08-01,2017,8,Central,Texas,Home Office,Office Supplies,Appliances,1,4,38.8640,-99.1032,-2.5500
2017-08-01,2017,8,Central,Texas,Home Office,Office Supplies,Art,1,3,8.0160,1.0020,0.1250
2017-08-01,2017,8,Central,Texas,Home Office,Office Supplies,Storage,1,9,151.0560,7.5528,0.0500
2017-08-01,2017,8,Central,Texas,Home Office,Office Supplies,Supplies,1,2,5.5520,-1.0410,-0.1875
2017-08-01,2017,8,Central,Wisconsin,Home Office,Office Supplies,Appliances,1,5,91.6000,26.5640,0.2900
2017-08-01,2017,8,Central,Wisconsin,Home Office,Office Supplies,Supplies,1,3,21.8100,5.8887,0.2700
2017-08-01,2017,8,East,Maryland,Corporate,Furniture,Chairs,1,5,1779.9000,373.7790,0.2100
2017-08-01,2017,8,East,Maryland,Corporate,Office Supplies,Art,1,8,237.4200,64.6290,0.2722
2017-08-01,2017,8,East,Maryland,Home Office,Furniture,Furnishings,1,6,117.0800,39.8072,0.3400
2017-08-01,2017,8,East,Maryland,Home Office,Office Supplies,Paper,1,5,277.4000,133.1520,0.4800
2017-08-01,2017,8,East,Massachusetts,Consumer,Office Supplies,Paper,1,3,19.4400,9.3312,0.4800
2017-08-01,2017,8,East,Massachusetts,Consumer,Technology,Accessories,1,2,23.1800,7.6494,0.3300
2017-08-01,2017,8,East,Massachusetts,Corporate,Furniture,Tables,1,7,1488.4240,-297.6848,-0.2000
2017-08-01,2017,8,East,Massachusetts,Corporate,Office Supplies,Binders,1,1,387.9900,182.3553,0.4700
2017-08-01,2017,8,East,Massachusetts,Corporate,Office Supplies,Storage,1,3,40.2900,10.4754,0.2600
2017-08-01,2017,8,East,New Hampshire,Home Office,Office Supplies,Art,1,6,227.8800,68.3640,0.3000
2017-08-01,2017,8,East,New Hampshire,Home Office,Office Supplies,Labels,1,8,24.6400,11.8272,0.4800
2017-08-01,2017,8,East,New Hampshire,Home Office,Technology,Phones,1,5,824.9500,247.4850,0.3000
2017-08-01,2017,8,East,New Jersey,Consumer,Office Supplies,Appliances,1,2,97.8400,25.4384,0.2600
2017-08-01,2017,8,East,New York,Consumer,Office Supplies,Art,1,12,116.4800,31.6896,0.2721
2017-08-01,2017,8,East,New York,Consumer,Office Supplies,Binders,1,13,4337.6400,1464.3546,0.3376
2017-08-01,2017,8,East,New York,Consumer,Office Supplies,Supplies,1,4,70.1200,21.0360,0.3000
2017-08-01,2017,8,East,New York,Corporate,Furniture,Chairs,1,2,462.5640,97.6524,0.2111
2017-08-01,2017,8,East,New York,Corporate,Furniture,Furnishings,1,7,138.4400,46.1548,0.3334
2017-08-01,2017,8,East,New York,Corporate,Office Supplies,Binders,3,19,1031.7600,344.9634,0.3343
2017-08-01,2017,8,East,New York,Corporate,Technology,Phones,1,1,37.9100,10.9939,0.2900
2017-08-01,2017,8,East,New York,Home Office,Office Supplies,Binders,1,6,37.0080,11.5650,0.3125
2017-08-01,2017,8,East,New York,Home Office,Office Supplies,Paper,1,4,25.9200,12.4416,0.4800
2017-08-01,2017,8,East,New York,Home Office,Office Supplies,Storage,1,8,63.8400,16.5984,0.2600
2017-08-01,2017,8,East,New York,Home Office,Technology,Phones,1,3,347.9700,100.9113,0.2900
2017-08-01,2017,8,East,Ohio,Consumer,Office Supplies,Appliances,1,8,646.2720,64.6272,0.1000
2017-08-01,2017,8,East,Ohio,Consumer,Office Supplies,Art,1,3,9.9120,1.2390,0.1250
2017-08-01,2017,8,East,Ohio,Consumer,Office Supplies,Binders,1,3,10.7820,-7.9068,-0.7333
2017-08-01,2017,8,East,Ohio,Consumer,Office Supplies,Labels,1,5,16.5200,5.3690,0.3250
2017-08-01,2017,8,East,Ohio,Consumer,Office Supplies,Paper,1,2,10.3680,3.7584,0.3625
2017-08-01,2017,8,East,Ohio,Consumer,Office Supplies,Storage,1,2,25.6960,1.9272,0.0750
2017-08-01,2017,8,East,Pennsylvania,Consumer,Furniture,Bookcases,1,2,130.9800,-89.0664,-0.6800
2017-08-01,2017,8,East,Pennsylvania,Consumer,Furniture,Chairs,1,9,4416.1740,-630.8820,-0.1429
2017-08-01,2017,8,East,Pennsylvania,Corporate,Office Supplies,Art,1,7,9.4080,0.7056,0.0750
2017-08-01,2017,8,East,Pennsylvania,Corporate,Office Supplies,Labels,1,3,17.5440,5.9211,0.3375
2017-08-01,2017,8,East,Pennsylvania,Corporate,Office Supplies,Paper,1,3,12.6720,3.9600,0.3125
2017-08-01,2017,8,East,Pennsylvania,Corporate,Office Supplies,Storage,1,6,1801.6320,-337.8060,-0.1875
2017-08-01,2017,8,East,Pennsylvania,Corporate,Technology,Accessories,1,14,1119.8880,209.9790,0.1875
2017-08-01,2017,8,East,Pennsylvania,Home Office,Furniture,Tables,1,2,314.5320,-83.8752,-0.2667
2017-08-01,2017,8,South,Florida,Consumer,Furniture,Furnishings,1,2,2.7840,0.4176,0.1500
2017-08-01,2017,8,South,Florida,Consumer,Office Supplies,Appliances,2,10,175.7120,12.9992,0.0740
2017-08-01,2017,8,South,Florida,Consumer,Office Supplies,Paper,2,11,79.0240,25.6906,0.3251
2017-08-01,2017,8,South,Florida,Consumer,Technology,Phones,1,13,4367.8960,327.5922,0.0750
2017-08-01,2017,8,South,Florida,Corporate,Office Supplies,Envelopes,1,1,2.8960,0.9774,0.3375
2017-08-01,2017,8,South,Georgia,Home Office,Technology,Accessories,1,2,71.9800,15.1158,0.2100
2017-08-01,2017,8,South,Kentucky,Corporate,Office Supplies,Paper,1,2,13.7600,6.3296,0.4600
2017-08-01,2017,8,South,Kentucky,Home Office,Office Supplies,Binders,1,3,102.9300,48.3771,0.4700
2017-08-01,2017,8,South,Kentucky,Home Office,Technology,Accessories,1,6,98.1600,9.8160,0.1000
2017-08-01,2017,8,South,Louisiana,Consumer,Furniture,Bookcases,1,3,145.7400,23.3184,0.1600
2017-08-01,2017,8,South,Louisiana,Consumer,Furniture,Furnishings,1,5,15.4000,7.3920,0.4800
2017-08-01,2017,8,South,Louisiana,Consumer,Technology,Accessories,1,2,659.9000,217.7670,0.3300
2017-08-01,2017,8,South,Louisiana,Home Office,Office Supplies,Binders,1,11,477.5100,219.6546,0.4600
2017-08-01,2017,8,South,Mississippi,Consumer,Furniture,Chairs,1,4,866.4000,225.2640,0.2600
2017-08-01,2017,8,South,North Carolina,Consumer,Office Supplies,Paper,2,12,421.7040,150.4657,0.3568
2017-08-01,2017,8,South,North Carolina,Consumer,Technology,Accessories,1,1,79.9920,21.9978,0.2750
2017-08-01,2017,8,South,North Carolina,Consumer,Technology,Phones,1,5,271.9600,16.9975,0.0625
2017-08-01,2017,8,South,North Carolina,Home Office,Technology,Phones,1,1,35.9600,3.5960,0.1000
2017-08-01,2017,8,South,Tennessee,Consumer,Furniture,Chairs,1,2,423.6480,47.6604,0.1125
2017-08-01,2017,8,South,Tennessee,Consumer,Furniture,Furnishings,1,1,31.9840,0.0000,0.0000
2017-08-01,2017,8,South,Tennessee,Consumer,Office Supplies,Appliances,1,7,272.0480,30.6054,0.1125
2017-08-01,2017,8,South,Tennessee,Consumer,Office Supplies,Art,1,2,9.7280,1.7024,0.1750
2017-08-01,2017,8,South,Tennessee,Consumer,Office Supplies,Binders,2,9,1628.0100,-1249.0362,-0.7672
2017-08-01,2017,8,South,Tennessee,Consumer,Office Supplies,Envelopes,1,5,14.7600,4.7970,0.3250
2017-08-01,2017,8,South,Tennessee,Consumer,Office Supplies,Fasteners,1,5,24.3200,9.1200,0.3750
2017-08-01,2017,8,South,Tennessee,Consumer,Office Supplies,Paper,2,2,8.6080,2.8844,0.3351
2017-08-01,2017,8,South,Tennessee,Consumer,Office Supplies,Storage,1,4,67.1360,-0.8392,-0.0125
2017-08-01,2017,8,South,Tennessee,Consumer,Technology,Accessories,1,2,1.5840,0.4752,0.3000
2017-08-01,2017,8,West,Arizona,Consumer,Furniture,Furnishings,1,8,120.5760,33.1584,0.2750
2017-08-01,2017,8,West,Arizona,Consumer,Office Supplies,Fasteners,1,3,8.3760,2.7222,0.3250
2017-08-01,2017,8,West,Arizona,Consumer,Office Supplies,Storage,1,1,10.7440,0.8058,0.0750
2017-08-01,2017,8,West,Arizona,Corporate,Office Supplies,Paper,1,1,83.8800,29.3580,0.3500
2017-08-01,2017,8,West,California,Consumer,Furniture,Chairs,1,1,207.1840,25.8980,0.1250
2017-08-01,2017,8,West,California,Consumer,Furniture,Furnishings,4,12,360.5500,56.8462,0.1577
2017-08-01,2017,8,West,California,Consumer,Furniture,Tables,3,7,1197.0320,36.2902,0.0303
2017-08-01,2017,8,West,California,Consumer,Office Supplies,Appliances,4,18,2303.3500,642.0649,0.2788
2017-08-01,2017,8,West,California,Consumer,Office Supplies,Art,3,13,93.3200,24.7768,0.2655
2017-08-01,2017,8,West,California,Consumer,Office Supplies,Binders,4,22,413.1040,140.6789,0.3405
2017-08-01,2017,8,West,California,Consumer,Office Supplies,Labels,3,12,109.2600,52.5024,0.4805
2017-08-01,2017,8,West,California,Consumer,Office Supplies,Paper,3,11,295.0300,138.9233,0.4709
2017-08-01,2017,8,West,California,Consumer,Office Supplies,Storage,4,12,511.8000,92.5209,0.1808
2017-08-01,2017,8,West,California,Consumer,Office Supplies,Supplies,1,4,31.9200,9.2568,0.2900
2017-08-01,2017,8,West,California,Consumer,Technology,Accessories,1,4,55.7600,7.8064,0.1400
2017-08-01,2017,8,West,California,Consumer,Technology,Phones,3,12,1299.8080,100.0352,0.0770
2017-08-01,2017,8,West,California,Corporate,Furniture,Chairs,1,3,230.2800,23.0280,0.1000
2017-08-01,2017,8,West,California,Corporate,Furniture,Furnishings,2,5,346.4800,140.6756,0.4060
2017-08-01,2017,8,West,California,Corporate,Office Supplies,Appliances,2,13,2840.2100,751.3314,0.2645
2017-08-01,2017,8,West,California,Corporate,Office Supplies,Binders,4,18,1167.4640,407.0256,0.3486
2017-08-01,2017,8,West,California,Corporate,Office Supplies,Envelopes,1,2,23.3600,11.6800,0.5000
2017-08-01,2017,8,West,California,Corporate,Office Supplies,Paper,2,5,124.8400,60.8292,0.4873
2017-08-01,2017,8,West,California,Corporate,Office Supplies,Storage,3,14,1122.0300,221.7300,0.1976
2017-08-01,2017,8,West,California,Corporate,Office Supplies,Supplies,2,8,45.6200,13.4020,0.2938
2017-08-01,2017,8,West,California,Corporate,Technology,Copiers,1,2,879.9840,329.9940,0.3750
2017-08-01,2017,8,West,California,Corporate,Technology,Phones,2,6,179.8560,19.7850,0.1100
2017-08-01,2017,8,West,California,Home Office,Office Supplies,Binders,1,3,6.6720,2.1684,0.3250
2017-08-01,2017,8,West,California,Home Office,Technology,Phones,1,4,689.4080,77.5584,0.1125
2017-08-01,2017,8,West,Colorado,Consumer,Furniture,Furnishings,1,3,22.7520,7.1100,0.3125
2017-08-01,2017,8,West,Colorado,Consumer,Office Supplies,Paper,1,1,6.6720,2.0850,0.3125
2017-08-01,2017,8,West,Colorado,Consumer,Office Supplies,Storage,1,3,237.0960,20.7459,0.0875
2017-08-01,2017,8,West,Colorado,Corporate,Office Supplies,Envelopes,1,1,8.7840,3.1842,0.3625
2017-08-01,2017,8,West,Colorado,Corporate,Office Supplies,Paper,1,2,7.9680,2.8884,0.3625
2017-08-01,2017,8,West,Oregon,Home Office,Office Supplies,Supplies,1,2,6.2080,0.6984,0.1125
2017-08-01,2017,8,West,Utah,Consumer,Office Supplies,Binders,1,3,102.7200,37.2360,0.3625
2017-08-01,2017,8,West,Washington,Consumer,Office Supplies,Binders,1,6,100.7040,37.7640,0.3750
2017-08-01,2017,8,West,Washington,Consumer,Office Supplies,Paper,1,4,192.1600,92.2368,0.4800
2017-08-01,2017,8,West,Washington,Consumer,Office Supplies,Storage,1,3,46.7400,11.6850,0.2500
2017-08-01,2017,8,West,Washington,Consumer,Technology,Accessories,1,5,174.9500,12.2465,0.0700
2017-08-01,2017,8,West,Washington,Consumer,Technology,Copiers,1,1,299.9900,89.9970,0.3000
2017-08-01,2017,8,West,Washington,Consumer,Technology,Phones,1,8,242.6240,27.2952,0.1125
2017-08-01,2017,8,West,Washington,Corporate,Furniture,Chairs,2,8,958.2720,45.9900,0.0480
2017-08-01,2017,8,West,Washington,Corporate,Furniture,Furnishings,1,3,65.9400,22.4196,0.3400
2017-08-01,2017,8,West,Washington,Corporate,Office Supplies,Binders,1,9,2793.5280,942.8157,0.3375
2017-08-01,2017,8,West,Washington,Corporate,Office Supplies,Storage,4,21,1738.3900,371.9579,0.2140
2017-08-01,2017,8,West,Washington,Corporate,Technology,Accessories,2,13,2373.2400,607.3530,0.2559
2017-08-01,2017,8,West,Washington,Home Office,Furniture,Tables,1,5,1137.7500,250.3050,0.2200
2017-08-01,2017,8,West,Washington,Home Office,Office Supplies,Art,1,2,5.5600,1.4456,0.2600
2017-08-01,2017,8,West,Washington,Home Office,Office Supplies,Binders,1,5,99.6800,32.3960,0.3250
2017-08-01,2017,8,West,Washington,Home Office,Office Supplies,Storage,1,2,323.1000,61.3890,0.1900
2017-08-01,2017,8,West,Washington,Home Office,Technology,Phones,1,4,35.1680,11.4296,0.3250
2017-09-01,2017,9,Central,Illinois,Consumer,Furniture,Chairs,1,2,520.4640,-14.8704,-0.0286
2017-09-01,2017,9,Central,Illinois,Consumer,Furniture,Tables,1,7,765.6250,-566.5625,-0.7400
2017-09-01,2017,9,Central,Illinois,Consumer,Office Supplies,Appliances,1,6,73.1760,-197.5752,-2.7000
2017-09-01,2017,9,Central,Illinois,Consumer,Office Supplies,Binders,1,7,42.6160,-68.1856,-1.6000
2017-09-01,2017,9,Central,Illinois,Consumer,Office Supplies,Fasteners,1,4,10.5280,3.2900,0.3125
2017-09-01,2017,9,Central,Illinois,Consumer,Office Supplies,Paper,3,13,52.7040,17.3904,0.3300
2017-09-01,2017,9,Central,Illinois,Consumer,Technology,Accessories,1,3,40.6800,-7.1190,-0.1750
2017-09-01,2017,9,Central,Illinois,Consumer,Technology,Phones,2,5,363.9600,11.2521,0.0309
2017-09-01,2017,9,Central,Illinois,Corporate,Furniture,Bookcases,1,9,825.1740,-117.8820,-0.1429
2017-09-01,2017,9,Central,Illinois,Corporate,Office Supplies,Appliances,1,2,5.5880,-15.0876,-2.7000
2017-09-01,2017,9,Central,Illinois,Corporate,Office Supplies,Art,1,3,6.9120,0.8640,0.1250
2017-09-01,2017,9,Central,Illinois,Corporate,Office Supplies,Fasteners,1,4,16.0000,5.6000,0.3500
2017-09-01,2017,9,Central,Illinois,Corporate,Office Supplies,Paper,2,6,26.6640,8.8890,0.3334
2017-09-01,2017,9,Central,Illinois,Corporate,Office Supplies,Storage,1,5,235.9200,-44.2350,-0.1875
2017-09-01,2017,9,Central,Illinois,Corporate,Technology,Accessories,1,2,100.8000,21.4200,0.2125
2017-09-01,2017,9,Central,Illinois,Corporate,Technology,Phones,1,4,147.1680,16.5564,0.1125
2017-09-01,2017,9,Central,Illinois,Home Office,Office Supplies,Binders,1,3,762.5940,-1143.8910,-1.5000
2017-09-01,2017,9,Central,Illinois,Home Office,Office Supplies,Paper,1,9,73.0080,26.4654,0.3625
2017-09-01,2017,9,Central,Michigan,Consumer,Furniture,Chairs,1,7,498.2600,134.5302,0.2700
2017-09-01,2017,9,Central,Michigan,Consumer,Office Supplies,Envelopes,1,2,17.4800,8.2156,0.4700
2017-09-01,2017,9,Central,Michigan,Consumer,Office Supplies,Paper,1,3,19.0500,8.7630,0.4600
2017-09-01,2017,9,Central,Michigan,Home Office,Furniture,Bookcases,1,2,241.9600,41.1332,0.1700
2017-09-01,2017,9,Central,Michigan,Home Office,Office Supplies,Labels,1,9,27.7200,13.3056,0.4800
2017-09-01,2017,9,Central,Michigan,Home Office,Office Supplies,Storage,1,2,352.3800,81.0474,0.2300
2017-09-01,2017,9,Central,Michigan,Home Office,Technology,Accessories,1,7,1928.7800,829.3754,0.4300
2017-09-01,2017,9,Central,Michigan,Home Office,Technology,Phones,1,4,1199.8000,323.9460,0.2700
2017-09-01,2017,9,Central,Minnesota,Consumer,Furniture,Chairs,1,3,269.9700,51.2943,0.1900
2017-09-01,2017,9,Central,Minnesota,Consumer,Office Supplies,Binders,2,9,28.4200,13.7606,0.4842
2017-09-01,2017,9,Central,Minnesota,Corporate,Furniture,Chairs,1,4,603.9200,181.1760,0.3000
2017-09-01,2017,9,Central,Minnesota,Corporate,Technology,Accessories,1,9,727.9000,288.4380,0.3963
2017-09-01,2017,9,Central,Missouri,Consumer,Furniture,Furnishings,1,5,135.3000,37.8840,0.2800
2017-09-01,2017,9,Central,Missouri,Consumer,Office Supplies,Appliances,1,5,58.1700,21.8697,0.3760
2017-09-01,2017,9,Central,Missouri,Consumer,Office Supplies,Binders,1,6,29.9100,14.3568,0.4800
2017-09-01,2017,9,Central,Missouri,Consumer,Office Supplies,Paper,1,5,24.9000,11.7030,0.4700
2017-09-01,2017,9,Central,Missouri,Consumer,Office Supplies,Storage,1,3,286.2900,17.1774,0.0600
2017-09-01,2017,9,Central,Missouri,Consumer,Technology,Accessories,2,15,523.1700,106.7442,0.2040
2017-09-01,2017,9,Central,Missouri,Home Office,Office Supplies,Binders,1,3,1577.9400,757.4112,0.4800
2017-09-01,2017,9,Central,Nebraska,Consumer,Office Supplies,Paper,1,2,15.9600,7.9800,0.5000
2017-09-01,2017,9,Central,Oklahoma,Consumer,Technology,Accessories,1,4,291.9600,102.1860,0.3500
2017-09-01,2017,9,Central,Texas,Consumer,Furniture,Furnishings,1,5,108.4000,-105.6900,-0.9750
2017-09-01,2017,9,Central,Texas,Consumer,Furniture,Tables,1,5,512.1900,-65.8530,-0.1286
2017-09-01,2017,9,Central,Texas,Consumer,Office Supplies,Appliances,1,2,1.5560,-4.2012,-2.7000
2017-09-01,2017,9,Central,Texas,Consumer,Office Supplies,Art,3,16,63.9840,15.8478,0.2477
2017-09-01,2017,9,Central,Texas,Consumer,Office Supplies,Envelopes,1,2,17.5680,6.3684,0.3625
2017-09-01,2017,9,Central,Texas,Consumer,Office Supplies,Paper,1,3,10.2720,3.2100,0.3125
2017-09-01,2017,9,Central,Texas,Consumer,Office Supplies,Storage,2,3,64.3680,-3.1838,-0.0495
2017-09-01,2017,9,Central,Texas,Consumer,Office Supplies,Supplies,1,1,1.7440,-0.3488,-0.2000
2017-09-01,2017,9,Central,Texas,Consumer,Technology,Phones,1,1,55.9920,5.5992,0.1000
2017-09-01,2017,9,Central,Texas,Corporate,Furniture,Chairs,1,5,213.4300,-39.6370,-0.1857
2017-09-01,2017,9,Central,Texas,Corporate,Furniture,Furnishings,1,2,21.1840,-11.6512,-0.5500
2017-09-01,2017,9,Central,Texas,Corporate,Office Supplies,Binders,2,14,53.8440,-86.7118,-1.6104
2017-09-01,2017,9,Central,Texas,Corporate,Office Supplies,Envelopes,1,3,13.3920,5.0220,0.3750
2017-09-01,2017,9,Central,Texas,Corporate,Office Supplies,Fasteners,1,5,45.9200,15.4980,0.3375
2017-09-01,2017,9,Central,Texas,Corporate,Office Supplies,Labels,1,4,9.8560,3.4496,0.3500
2017-09-01,2017,9,Central,Texas,Corporate,Office Supplies,Paper,3,14,61.8560,22.1636,0.3583
2017-09-01,2017,9,Central,Texas,Corporate,Technology,Accessories,1,6,85.2000,20.2350,0.2375
2017-09-01,2017,9,Central,Texas,Corporate,Technology,Copiers,1,2,319.9840,107.9946,0.3375
2017-09-01,2017,9,Central,Texas,Home Office,Furniture,Chairs,1,5,318.4300,-77.3330,-0.2429
2017-09-01,2017,9,Central,Texas,Home Office,Office Supplies,Art,2,4,40.2960,7.0194,0.1742
2017-09-01,2017,9,Central,Texas,Home Office,Office Supplies,Binders,2,14,17.4460,-27.6190,-1.5831
2017-09-01,2017,9,Central,Texas,Home Office,Office Supplies,Envelopes,2,8,142.8160,45.3292,0.3174
2017-09-01,2017,9,Central,Texas,Home Office,Office Supplies,Labels,1,2,7.9680,2.5896,0.3250
2017-09-01,2017,9,Central,Texas,Home Office,Technology,Machines,1,3,336.5100,44.8680,0.1333
2017-09-01,2017,9,Central,Texas,Home Office,Technology,Phones,1,6,1415.7600,88.4850,0.0625
2017-09-01,2017,9,Central,Wisconsin,Consumer,Technology,Accessories,1,1,13.4800,1.8872,0.1400
2017-09-01,2017,9,Central,Wisconsin,Corporate,Office Supplies,Binders,1,8,33.0400,15.5288,0.4700
2017-09-01,2017,9,Central,Wisconsin,Corporate,Office Supplies,Paper,2,8,242.5600,117.9456,0.4863
2017-09-01,2017,9,Central,Wisconsin,Corporate,Technology,Accessories,1,6,98.1600,9.8160,0.1000
2017-09-01,2017,9,Central,Wisconsin,Corporate,Technology,Phones,1,3,86.9700,25.2213,0.2900
2017-09-01,2017,9,East,Connecticut,Consumer,Office Supplies,Paper,1,7,226.7400,110.9724,0.4894
2017-09-01,2017,9,East,Connecticut,Consumer,Office Supplies,Storage,1,1,10.9000,2.8340,0.2600
2017-09-01,2017,9,East,Connecticut,Home Office,Office Supplies,Storage,1,2,38.6200,10.8136,0.2800
2017-09-01,2017,9,East,Connecticut,Home Office,Technology,Accessories,1,2,59.9800,10.7964,0.1800
2017-09-01,2017,9,East,Delaware,Consumer,Technology,Phones,1,2,391.9800,113.6742,0.2900
2017-09-01,2017,9,East,Maryland,Consumer,Office Supplies,Appliances,1,7,90.8600,26.3494,0.2900
2017-09-01,2017,9,East,Maryland,Consumer,Office Supplies,Paper,2,13,299.6300,146.2692,0.4882
2017-09-01,2017,9,East,Massachusetts,Consumer,Furniture,Bookcases,1,3,782.9400,203.5644,0.2600
2017-09-01,2017,9,East,Massachusetts,Consumer,Office Supplies,Art,1,2,16.2800,6.5120,0.4000
2017-09-01,2017,9,East,Massachusetts,Consumer,Office Supplies,Binders,1,7,242.4800,116.3904,0.4800
2017-09-01,2017,9,East,Massachusetts,Consumer,Technology,Phones,1,1,39.9900,11.5971,0.2900
2017-09-01,2017,9,East,Massachusetts,Corporate,Office Supplies,Art,1,2,14.8800,3.7200,0.2500
2017-09-01,2017,9,East,Massachusetts,Corporate,Technology,Phones,1,5,829.8300,241.1094,0.2906
2017-09-01,2017,9,East,New Hampshire,Consumer,Office Supplies,Fasteners,1,6,14.8200,6.9654,0.4700
2017-09-01,2017,9,East,New Hampshire,Home Office,Office Supplies,Storage,1,5,67.4000,17.5240,0.2600
2017-09-01,2017,9,East,New Jersey,Consumer,Office Supplies,Art,1,3,70.9500,18.4470,0.2600
2017-09-01,2017,9,East,New Jersey,Consumer,Office Supplies,Storage,1,3,34.0500,9.5340,0.2800
2017-09-01,2017,9,East,New Jersey,Consumer,Technology,Machines,1,4,480.0000,225.6000,0.4700
2017-09-01,2017,9,East,New Jersey,Corporate,Furniture,Chairs,1,4,512.9600,143.6288,0.2800
2017-09-01,2017,9,East,New Jersey,Corporate,Furniture,Furnishings,1,5,47.4000,18.9600,0.4000
2017-09-01,2017,9,East,New Jersey,Corporate,Office Supplies,Storage,1,2,81.9600,0.0000,0.0000
2017-09-01,2017,9,East,New Jersey,Corporate,Technology,Phones,1,6,395.9400,102.9444,0.2600
2017-09-01,2017,9,East,New York,Consumer,Furniture,Chairs,2,23,5984.8200,1098.5966,0.1836
2017-09-01,2017,9,East,New York,Consumer,Furniture,Furnishings,3,14,174.0900,63.7819,0.3664
2017-09-01,2017,9,East,New York,Consumer,Office Supplies,Art,1,2,5.5600,1.4456,0.2600
2017-09-01,2017,9,East,New York,Consumer,Office Supplies,Binders,1,3,11.7840,3.9771,0.3375
2017-09-01,2017,9,East,New York,Consumer,Office Supplies,Envelopes,1,3,23.3400,10.9698,0.4700
2017-09-01,2017,9,East,New York,Consumer,Office Supplies,Fasteners,1,2,4.3600,1.7876,0.4100
2017-09-01,2017,9,East,New York,Consumer,Office Supplies,Labels,1,2,20.7000,9.9360,0.4800
2017-09-01,2017,9,East,New York,Consumer,Office Supplies,Paper,5,27,175.1100,82.7357,0.4725
2017-09-01,2017,9,East,New York,Consumer,Office Supplies,Storage,1,4,45.4000,12.7120,0.2800
2017-09-01,2017,9,East,New York,Consumer,Technology,Accessories,3,20,1508.3700,348.8446,0.2313
2017-09-01,2017,9,East,New York,Consumer,Technology,Phones,1,5,1404.5100,379.2177,0.2700
2017-09-01,2017,9,East,New York,Corporate,Furniture,Chairs,1,5,1282.4100,213.7350,0.1667
2017-09-01,2017,9,East,New York,Corporate,Furniture,Furnishings,2,4,21.3600,6.7026,0.3138
2017-09-01,2017,9,East,New York,Corporate,Furniture,Tables,1,1,254.5260,-93.3262,-0.3667
2017-09-01,2017,9,East,New York,Corporate,Office Supplies,Appliances,1,1,12.9800,3.7642,0.2900
2017-09-01,2017,9,East,New York,Corporate,Office Supplies,Art,1,5,28.0200,8.6820,0.3099
2017-09-01,2017,9,East,New York,Corporate,Office Supplies,Binders,2,11,66.6080,23.4846,0.3526
2017-09-01,2017,9,East,New York,Corporate,Office Supplies,Envelopes,1,3,7.9800,3.9102,0.4900
2017-09-01,2017,9,East,New York,Corporate,Office Supplies,Labels,1,6,18.9000,9.0720,0.4800
2017-09-01,2017,9,East,New York,Corporate,Office Supplies,Paper,2,7,36.5600,17.0352,0.4660
2017-09-01,2017,9,East,New York,Corporate,Office Supplies,Storage,2,12,543.2000,150.7936,0.2776
2017-09-01,2017,9,East,New York,Corporate,Technology,Accessories,1,5,405.9700,78.3928,0.1931
2017-09-01,2017,9,East,New York,Corporate,Technology,Phones,1,3,197.9700,57.4113,0.2900
2017-09-01,2017,9,East,New York,Home Office,Furniture,Chairs,2,8,861.9750,-0.5028,-0.0006
2017-09-01,2017,9,East,New York,Home Office,Furniture,Furnishings,1,7,35.5600,12.0904,0.3400
2017-09-01,2017,9,East,New York,Home Office,Office Supplies,Art,2,7,35.5100,10.9095,0.3072
2017-09-01,2017,9,East,New York,Home Office,Office Supplies,Paper,1,4,419.4000,201.3120,0.4800
2017-09-01,2017,9,East,New York,Home Office,Office Supplies,Storage,1,1,70.9800,3.5490,0.0500
2017-09-01,2017,9,East,New York,Home Office,Technology,Phones,1,3,1079.8500,323.9550,0.3000
2017-09-01,2017,9,East,Ohio,Consumer,Furniture,Furnishings,2,5,169.1680,15.3854,0.0909
2017-09-01,2017,9,East,Ohio,Consumer,Office Supplies,Art,3,15,44.7840,5.4354,0.1214
2017-09-01,2017,9,East,Ohio,Consumer,Office Supplies,Binders,2,12,41.0460,-32.2846,-0.7865
2017-09-01,2017,9,East,Ohio,Consumer,Office Supplies,Labels,1,6,17.7120,5.9778,0.3375
2017-09-01,2017,9,East,Ohio,Consumer,Office Supplies,Paper,1,4,11.5200,3.7440,0.3250
2017-09-01,2017,9,East,Ohio,Consumer,Technology,Accessories,2,9,157.0160,44.7888,0.2852
2017-09-01,2017,9,East,Ohio,Consumer,Technology,Phones,1,2,259.8960,-56.3108,-0.2167
2017-09-01,2017,9,East,Ohio,Corporate,Furniture,Furnishings,1,3,15.0720,4.1448,0.2750
2017-09-01,2017,9,East,Ohio,Corporate,Office Supplies,Envelopes,1,4,24.4480,8.8624,0.3625
2017-09-01,2017,9,East,Ohio,Corporate,Office Supplies,Paper,1,3,85.0560,28.7064,0.3375
2017-09-01,2017,9,East,Ohio,Corporate,Office Supplies,Storage,1,2,51.1680,-6.3960,-0.1250
2017-09-01,2017,9,East,Ohio,Corporate,Technology,Accessories,3,12,1021.8720,225.6828,0.2209
2017-09-01,2017,9,East,Ohio,Home Office,Furniture,Chairs,1,1,63.6860,-15.4666,-0.2429
2017-09-01,2017,9,East,Ohio,Home Office,Furniture,Furnishings,1,4,21.2480,7.4368,0.3500
2017-09-01,2017,9,East,Ohio,Home Office,Furniture,Tables,1,2,344.2200,-189.3210,-0.5500
2017-09-01,2017,9,East,Ohio,Home Office,Office Supplies,Paper,1,5,24.0000,8.0832,0.3368
2017-09-01,2017,9,East,Ohio,Home Office,Technology,Accessories,1,3,239.9760,65.9934,0.2750
2017-09-01,2017,9,East,Ohio,Home Office,Technology,Phones,1,3,1169.6940,-253.4337,-0.2167
2017-09-01,2017,9,East,Pennsylvania,Consumer,Furniture,Chairs,1,2,113.3720,-29.1528,-0.2571
2017-09-01,2017,9,East,Pennsylvania,Consumer,Furniture,Furnishings,2,11,150.4480,7.0488,0.0469
2017-09-01,2017,9,East,Pennsylvania,Consumer,Office Supplies,Binders,4,13,571.3470,-435.9917,-0.7631
2017-09-01,2017,9,East,Pennsylvania,Consumer,Office Supplies,Envelopes,1,3,4.8960,1.6524,0.3375
2017-09-01,2017,9,East,Pennsylvania,Consumer,Office Supplies,Labels,1,5,29.2400,9.8685,0.3375
2017-09-01,2017,9,East,Pennsylvania,Consumer,Office Supplies,Paper,3,12,48.2880,15.9780,0.3309
2017-09-01,2017,9,East,Pennsylvania,Consumer,Office Supplies,Supplies,1,7,4663.7360,-1049.3406,-0.2250
2017-09-01,2017,9,East,Pennsylvania,Consumer,Technology,Accessories,3,11,218.9840,55.7560,0.2546
2017-09-01,2017,9,East,Pennsylvania,Consumer,Technology,Machines,1,3,253.7550,-186.8575,-0.7364
2017-09-01,2017,9,East,Pennsylvania,Consumer,Technology,Phones,1,2,258.5280,-47.3968,-0.1833
2017-09-01,2017,9,East,Pennsylvania,Corporate,Furniture,Chairs,1,2,141.3720,-48.4704,-0.3429
2017-09-01,2017,9,East,Pennsylvania,Corporate,Furniture,Furnishings,1,2,17.0240,1.7024,0.1000
2017-09-01,2017,9,East,Pennsylvania,Corporate,Office Supplies,Art,1,1,4.6720,1.5768,0.3375
2017-09-01,2017,9,East,Pennsylvania,Corporate,Office Supplies,Binders,3,9,18.7890,-14.0915,-0.7500
2017-09-01,2017,9,East,Pennsylvania,Corporate,Office Supplies,Labels,1,7,20.6640,6.9741,0.3375
2017-09-01,2017,9,East,Pennsylvania,Corporate,Office Supplies,Supplies,1,2,190.8960,-42.9516,-0.2250
2017-09-01,2017,9,East,Pennsylvania,Corporate,Technology,Accessories,1,6,354.5760,93.4380,0.2635
2017-09-01,2017,9,East,Pennsylvania,Corporate,Technology,Phones,1,7,1931.9580,-386.3916,-0.2000
2017-09-01,2017,9,East,Pennsylvania,Home Office,Office Supplies,Binders,1,3,4.8420,-3.3894,-0.7000
2017-09-01,2017,9,East,Pennsylvania,Home Office,Office Supplies,Paper,1,4,20.7360,7.2576,0.3500
2017-09-01,2017,9,East,Rhode Island,Consumer,Office Supplies,Paper,1,7,56.8600,26.5552,0.4670
2017-09-01,2017,9,East,Rhode Island,Corporate,Office Supplies,Binders,1,3,45.7800,22.8900,0.5000
2017-09-01,2017,9,East,Rhode Island,Corporate,Office Supplies,Paper,1,7,45.3600,21.7728,0.4800
2017-09-01,2017,9,South,Arkansas,Consumer,Office Supplies,Binders,1,4,691.9600,318.3016,0.4600
2017-09-01,2017,9,South,Arkansas,Consumer,Office Supplies,Paper,1,2,12.9600,6.2208,0.4800
2017-09-01,2017,9,South,Arkansas,Consumer,Technology,Accessories,2,10,234.9000,79.3620,0.3379
2017-09-01,2017,9,South,Florida,Consumer,Furniture,Chairs,1,2,97.1840,6.0740,0.0625
2017-09-01,2017,9,South,Florida,Consumer,Furniture,Furnishings,1,1,34.5040,6.0382,0.1750
2017-09-01,2017,9,South,Florida,Consumer,Office Supplies,Binders,1,1,12.2940,-8.6058,-0.7000
2017-09-01,2017,9,South,Florida,Consumer,Office Supplies,Envelopes,1,4,24.4480,8.8624,0.3625
2017-09-01,2017,9,South,Florida,Consumer,Office Supplies,Labels,1,3,235.9440,85.5297,0.3625
2017-09-01,2017,9,South,Florida,Consumer,Office Supplies,Paper,2,5,262.0080,91.7028,0.3500
2017-09-01,2017,9,South,Florida,Consumer,Technology,Accessories,1,3,17.8800,2.4585,0.1375
2017-09-01,2017,9,South,Florida,Corporate,Office Supplies,Paper,1,2,10.3680,3.6288,0.3500
2017-09-01,2017,9,South,Florida,Corporate,Office Supplies,Storage,1,2,95.6160,9.5616,0.1000
2017-09-01,2017,9,South,Florida,Home Office,Furniture,Chairs,1,4,419.1360,-57.6312,-0.1375
2017-09-01,2017,9,South,Florida,Home Office,Office Supplies,Binders,1,3,15.5700,-11.4180,-0.7333
2017-09-01,2017,9,South,Florida,Home Office,Office Supplies,Storage,2,7,208.8640,-24.0398,-0.1151
2017-09-01,2017,9,South,Florida,Home Office,Technology,Phones,2,8,542.3360,52.2539,0.0963
2017-09-01,2017,9,South,Georgia,Consumer,Office Supplies,Appliances,1,1,80.4800,24.1440,0.3000
2017-09-01,2017,9,South,Georgia,Consumer,Office Supplies,Art,1,3,17.9400,6.4584,0.3600
2017-09-01,2017,9,South,Georgia,Consumer,Office Supplies,Binders,2,8,41.4900,19.1688,0.4620
2017-09-01,2017,9,South,Georgia,Consumer,Office Supplies,Paper,1,2,12.9600,6.2208,0.4800
2017-09-01,2017,9,South,Georgia,Consumer,Office Supplies,Storage,1,3,40.2900,10.0725,0.2500
2017-09-01,2017,9,South,Georgia,Corporate,Furniture,Furnishings,1,4,20.3200,6.9088,0.3400
2017-09-01,2017,9,South,Georgia,Corporate,Office Supplies,Art,1,3,113.9400,34.1820,0.3000
2017-09-01,2017,9,South,Georgia,Corporate,Office Supplies,Paper,1,16,321.4300,151.8409,0.4724
2017-09-01,2017,9,South,Georgia,Corporate,Office Supplies,Supplies,1,2,34.4800,9.9992,0.2900
2017-09-01,2017,9,South,Georgia,Corporate,Technology,Phones,1,10,507.6600,146.2646,0.2881
2017-09-01,2017,9,South,Georgia,Home Office,Furniture,Chairs,1,4,723.9200,188.2192,0.2600
2017-09-01,2017,9,South,Georgia,Home Office,Office Supplies,Art,2,12,62.4000,22.1256,0.3546
2017-09-01,2017,9,South,Georgia,Home Office,Office Supplies,Labels,1,5,15.7500,7.5600,0.4800
2017-09-01,2017,9,South,Georgia,Home Office,Office Supplies,Paper,2,10,290.9800,134.9140,0.4637
2017-09-01,2017,9,South,Georgia,Home Office,Office Supplies,Storage,1,1,15.5100,3.8775,0.2500
2017-09-01,2017,9,South,Georgia,Home Office,Technology,Phones,1,2,89.9000,25.1720,0.2800
2017-09-01,2017,9,South,Kentucky,Consumer,Office Supplies,Appliances,1,4,195.6800,50.8768,0.2600
2017-09-01,2017,9,South,Kentucky,Consumer,Office Supplies,Binders,1,3,1577.9400,757.4112,0.4800
2017-09-01,2017,9,South,Kentucky,Consumer,Office Supplies,Fasteners,1,4,14.2000,6.6740,0.4700
2017-09-01,2017,9,South,Kentucky,Home Office,Technology,Accessories,1,1,18.0000,3.2400,0.1800
2017-09-01,2017,9,South,North Carolina,Consumer,Office Supplies,Art,1,5,15.9200,2.7860,0.1750
2017-09-01,2017,9,South,North Carolina,Corporate,Office Supplies,Appliances,1,4,942.7840,94.2784,0.1000
2017-09-01,2017,9,South,North Carolina,Corporate,Office Supplies,Paper,1,3,74.3520,23.2350,0.3125
2017-09-01,2017,9,South,South Carolina,Corporate,Office Supplies,Storage,1,12,685.2600,27.2532,0.0398
2017-09-01,2017,9,South,Tennessee,Consumer,Furniture,Furnishings,1,3,14.1360,4.2408,0.3000
2017-09-01,2017,9,South,Tennessee,Consumer,Office Supplies,Art,1,5,71.9600,7.1960,0.1000
2017-09-01,2017,9,South,Tennessee,Consumer,Office Supplies,Paper,3,12,357.0480,127.0163,0.3557
2017-09-01,2017,9,South,Tennessee,Consumer,Office Supplies,Storage,2,7,502.4000,-58.1130,-0.1157
2017-09-01,2017,9,South,Tennessee,Consumer,Office Supplies,Supplies,1,3,8.8320,-1.9872,-0.2250
2017-09-01,2017,9,South,Tennessee,Consumer,Technology,Accessories,1,4,89.5680,-1.1196,-0.0125
2017-09-01,2017,9,South,Tennessee,Corporate,Office Supplies,Appliances,1,2,81.5680,7.1372,0.0875
2017-09-01,2017,9,South,Virginia,Consumer,Office Supplies,Appliances,1,5,67.9000,20.3700,0.3000
2017-09-01,2017,9,South,Virginia,Consumer,Office Supplies,Storage,1,5,177.5500,47.9385,0.2700
2017-09-01,2017,9,West,Arizona,Consumer,Office Supplies,Binders,1,4,18.1800,-13.9380,-0.7667
2017-09-01,2017,9,West,Arizona,Consumer,Office Supplies,Paper,1,2,6.3680,2.3880,0.3750
2017-09-01,2017,9,West,Arizona,Consumer,Office Supplies,Storage,1,2,12.6240,-2.5248,-0.2000
2017-09-01,2017,9,West,Arizona,Consumer,Technology,Accessories,1,2,89.5840,4.4792,0.0500
2017-09-01,2017,9,West,Arizona,Consumer,Technology,Phones,1,2,471.9200,29.4950,0.0625
2017-09-01,2017,9,West,Arizona,Home Office,Office Supplies,Binders,1,3,7.8570,-6.0237,-0.7667
2017-09-01,2017,9,West,California,Consumer,Furniture,Bookcases,1,2,239.6660,14.0980,0.0588
2017-09-01,2017,9,West,California,Consumer,Furniture,Chairs,6,16,1476.1920,-4.8224,-0.0033
2017-09-01,2017,9,West,California,Consumer,Furniture,Furnishings,7,22,699.3100,151.2956,0.2163
2017-09-01,2017,9,West,California,Consumer,Furniture,Tables,2,10,1714.8000,89.4354,0.0522
2017-09-01,2017,9,West,California,Consumer,Office Supplies,Appliances,4,11,774.3600,218.0832,0.2816
2017-09-01,2017,9,West,California,Consumer,Office Supplies,Art,5,25,221.0300,73.9003,0.3343
2017-09-01,2017,9,West,California,Consumer,Office Supplies,Binders,8,32,3025.6800,1097.3674,0.3627
2017-09-01,2017,9,West,California,Consumer,Office Supplies,Fasteners,1,7,35.0000,16.8000,0.4800
2017-09-01,2017,9,West,California,Consumer,Office Supplies,Labels,2,14,130.7000,63.0820,0.4826
2017-09-01,2017,9,West,California,Consumer,Office Supplies,Paper,4,27,480.8600,227.7092,0.4735
2017-09-01,2017,9,West,California,Consumer,Office Supplies,Storage,2,7,638.9500,170.6300,0.2670
2017-09-01,2017,9,West,California,Consumer,Office Supplies,Supplies,2,9,119.2600,34.3658,0.2882
2017-09-01,2017,9,West,California,Consumer,Technology,Phones,3,10,576.6880,46.6716,0.0809
2017-09-01,2017,9,West,California,Corporate,Furniture,Chairs,1,3,362.3520,27.1764,0.0750
2017-09-01,2017,9,West,California,Corporate,Furniture,Furnishings,1,3,9.2400,2.9568,0.3200
2017-09-01,2017,9,West,California,Corporate,Furniture,Tables,1,3,1322.3520,-99.1764,-0.0750
2017-09-01,2017,9,West,California,Corporate,Office Supplies,Art,4,11,60.8200,16.5228,0.2717
2017-09-01,2017,9,West,California,Corporate,Office Supplies,Binders,3,11,967.2080,326.1877,0.3372
2017-09-01,2017,9,West,California,Corporate,Office Supplies,Envelopes,2,9,82.7400,38.1690,0.4613
2017-09-01,2017,9,West,California,Corporate,Office Supplies,Fasteners,1,5,17.9000,8.7710,0.4900
2017-09-01,2017,9,West,California,Corporate,Office Supplies,Paper,4,14,207.8400,98.5104,0.4740
2017-09-01,2017,9,West,California,Corporate,Office Supplies,Storage,3,8,169.7000,28.3895,0.1673
2017-09-01,2017,9,West,California,Corporate,Technology,Accessories,2,9,309.9100,82.6767,0.2668
2017-09-01,2017,9,West,California,Corporate,Technology,Machines,1,3,506.2800,177.1980,0.3500
2017-09-01,2017,9,West,California,Corporate,Technology,Phones,2,9,1003.1520,93.1740,0.0929
2017-09-01,2017,9,West,California,Home Office,Furniture,Chairs,1,8,2054.2720,256.7840,0.1250
2017-09-01,2017,9,West,California,Home Office,Furniture,Furnishings,1,5,511.5000,132.9900,0.2600
2017-09-01,2017,9,West,California,Home Office,Furniture,Tables,1,1,300.9040,11.2839,0.0375
2017-09-01,2017,9,West,California,Home Office,Office Supplies,Appliances,1,5,43.1000,11.2060,0.2600
2017-09-01,2017,9,West,California,Home Office,Office Supplies,Binders,2,10,230.4800,75.1210,0.3259
2017-09-01,2017,9,West,California,Home Office,Office Supplies,Envelopes,1,2,22.1800,10.8682,0.4900
2017-09-01,2017,9,West,California,Home Office,Office Supplies,Paper,3,10,57.0000,27.6708,0.4855
2017-09-01,2017,9,West,California,Home Office,Office Supplies,Supplies,1,2,7.3000,2.1900,0.3000
2017-09-01,2017,9,West,California,Home Office,Technology,Accessories,2,5,444.9500,133.4850,0.3000
2017-09-01,2017,9,West,California,Home Office,Technology,Phones,1,3,43.1760,15.1116,0.3500
2017-09-01,2017,9,West,Colorado,Consumer,Furniture,Bookcases,1,2,180.5880,-240.7840,-1.3333
2017-09-01,2017,9,West,Colorado,Consumer,Office Supplies,Labels,1,2,11.6960,3.9474,0.3375
2017-09-01,2017,9,West,Colorado,Consumer,Technology,Accessories,1,2,47.9840,0.5998,0.0125
2017-09-01,2017,9,West,Colorado,Corporate,Furniture,Furnishings,1,3,29.3280,3.6660,0.1250
2017-09-01,2017,9,West,Colorado,Home Office,Furniture,Furnishings,1,1,32.7760,3.2776,0.1000
2017-09-01,2017,9,West,Colorado,Home Office,Office Supplies,Appliances,1,2,209.7920,26.2240,0.1250
2017-09-01,2017,9,West,Colorado,Home Office,Office Supplies,Binders,1,4,76.7760,-58.8616,-0.7667
2017-09-01,2017,9,West,Colorado,Home Office,Office Supplies,Envelopes,1,3,14.3520,5.2026,0.3625
2017-09-01,2017,9,West,Colorado,Home Office,Office Supplies,Paper,1,3,14.3520,5.2026,0.3625
2017-09-01,2017,9,West,Colorado,Home Office,Office Supplies,Storage,1,2,147.1840,-29.4368,-0.2000
2017-09-01,2017,9,West,Colorado,Home Office,Technology,Accessories,1,2,54.3840,1.3596,0.0250
2017-09-01,2017,9,West,Idaho,Consumer,Technology,Accessories,1,3,89.9700,37.7874,0.4200
2017-09-01,2017,9,West,Montana,Corporate,Office Supplies,Storage,1,5,39.9000,10.3740,0.2600
2017-09-01,2017,9,West,New Mexico,Consumer,Office Supplies,Binders,1,7,10.0800,3.5280,0.3500
2017-09-01,2017,9,West,New Mexico,Consumer,Technology,Accessories,1,3,101.3400,8.1072,0.0800
2017-09-01,2017,9,West,New Mexico,Corporate,Office Supplies,Paper,1,3,27.1800,12.2310,0.4500
2017-09-01,2017,9,West,Oregon,Consumer,Office Supplies,Storage,1,3,37.6800,2.3550,0.0625
2017-09-01,2017,9,West,Oregon,Consumer,Technology,Accessories,1,7,279.9440,80.4839,0.2875
2017-09-01,2017,9,West,Oregon,Corporate,Furniture,Bookcases,1,2,72.5880,-128.2388,-1.7667
2017-09-01,2017,9,West,Oregon,Corporate,Furniture,Furnishings,1,8,409.2160,61.3824,0.1500
2017-09-01,2017,9,West,Oregon,Corporate,Office Supplies,Appliances,1,1,11.1760,0.8382,0.0750
2017-09-01,2017,9,West,Oregon,Corporate,Office Supplies,Art,1,3,23.8320,6.5538,0.2750
2017-09-01,2017,9,West,Oregon,Corporate,Office Supplies,Binders,1,7,88.0740,-58.7160,-0.6667
2017-09-01,2017,9,West,Oregon,Corporate,Office Supplies,Paper,1,6,31.1040,11.2752,0.3625
2017-09-01,2017,9,West,Oregon,Corporate,Technology,Phones,1,3,191.9760,19.1976,0.1000
2017-09-01,2017,9,West,Oregon,Home Office,Office Supplies,Art,1,1,2.2240,0.5560,0.2500
2017-09-01,2017,9,West,Utah,Consumer,Furniture,Furnishings,1,2,25.1600,10.5672,0.4200
2017-09-01,2017,9,West,Utah,Consumer,Office Supplies,Binders,1,9,295.0560,106.9578,0.3625
2017-09-01,2017,9,West,Utah,Consumer,Technology,Phones,1,4,126.5600,47.4600,0.3750
2017-09-01,2017,9,West,Utah,Corporate,Furniture,Bookcases,1,3,1292.9400,77.5764,0.0600
2017-09-01,2017,9,West,Utah,Corporate,Office Supplies,Binders,1,8,48.1440,16.7283,0.3475
2017-09-01,2017,9,West,Utah,Corporate,Office Supplies,Labels,1,5,14.4000,7.0560,0.4900
2017-09-01,2017,9,West,Utah,Corporate,Office Supplies,Paper,1,3,164.8800,80.7912,0.4900
2017-09-01,2017,9,West,Utah,Corporate,Office Supplies,Storage,1,2,261.7400,65.4350,0.2500
2017-09-01,2017,9,West,Washington,Consumer,Furniture,Chairs,1,2,177.5680,8.8784,0.0500
2017-09-01,2017,9,West,Washington,Consumer,Furniture,Furnishings,2,14,280.7600,106.7408,0.3802
2017-09-01,2017,9,West,Washington,Consumer,Office Supplies,Appliances,1,2,119.9600,33.5888,0.2800
2017-09-01,2017,9,West,Washington,Consumer,Office Supplies,Art,2,4,38.4000,12.4908,0.3253
2017-09-01,2017,9,West,Washington,Consumer,Office Supplies,Binders,3,11,1501.7600,470.3315,0.3132
2017-09-01,2017,9,West,Washington,Consumer,Office Supplies,Paper,2,16,103.6800,49.8960,0.4813
2017-09-01,2017,9,West,Washington,Consumer,Office Supplies,Storage,1,3,31.4400,8.4888,0.2700
2017-09-01,2017,9,West,Washington,Consumer,Technology,Accessories,2,5,171.9500,48.3058,0.2809
2017-09-01,2017,9,West,Washington,Consumer,Technology,Phones,2,7,535.6720,16.1874,0.0302
2017-09-01,2017,9,West,Washington,Corporate,Furniture,Tables,1,4,283.5600,45.3696,0.1600
2017-09-01,2017,9,West,Washington,Corporate,Office Supplies,Appliances,2,5,318.4900,104.8294,0.3291
2017-09-01,2017,9,West,Washington,Corporate,Office Supplies,Paper,1,5,179.7000,88.0530,0.4900
2017-09-01,2017,9,West,Washington,Home Office,Furniture,Chairs,1,3,215.9760,-2.6997,-0.0125
2017-09-01,2017,9,West,Washington,Home Office,Office Supplies,Art,2,2,10.3600,3.6790,0.3551
2017-10-01,2017,10,Central,Illinois,Consumer,Furniture,Chairs,1,3,239.3580,-47.8716,-0.2000
2017-10-01,2017,10,Central,Illinois,Consumer,Furniture,Furnishings,1,3,10.4760,-6.8094,-0.6500
2017-10-01,2017,10,Central,Illinois,Consumer,Furniture,Tables,1,1,91.2750,-67.5435,-0.7400
2017-10-01,2017,10,Central,Illinois,Consumer,Office Supplies,Appliances,1,2,23.9920,-62.3792,-2.6000
2017-10-01,2017,10,Central,Illinois,Consumer,Office Supplies,Art,1,2,19.1520,1.1970,0.0625
2017-10-01,2017,10,Central,Illinois,Consumer,Office Supplies,Binders,1,4,96.7840,-145.1760,-1.5000
2017-10-01,2017,10,Central,Illinois,Consumer,Office Supplies,Paper,1,3,63.3120,20.5764,0.3250
2017-10-01,2017,10,Central,Illinois,Consumer,Office Supplies,Storage,1,2,290.3360,32.6628,0.1125
2017-10-01,2017,10,Central,Illinois,Corporate,Furniture,Tables,1,8,719.0950,-473.2698,-0.6581
2017-10-01,2017,10,Central,Illinois,Corporate,Office Supplies,Envelopes,1,3,9.9120,3.2214,0.3250
2017-10-01,2017,10,Central,Illinois,Corporate,Technology,Phones,1,4,508.7680,38.1576,0.0750
2017-10-01,2017,10,Central,Illinois,Home Office,Furniture,Chairs,1,14,254.6040,-18.1860,-0.0714
2017-10-01,2017,10,Central,Illinois,Home Office,Office Supplies,Art,1,3,7.0560,2.2050,0.3125
2017-10-01,2017,10,Central,Illinois,Home Office,Office Supplies,Binders,1,10,40.8520,-66.0118,-1.6159
2017-10-01,2017,10,Central,Illinois,Home Office,Technology,Phones,1,2,27.1840,2.0388,0.0750
2017-10-01,2017,10,Central,Indiana,Corporate,Office Supplies,Storage,1,8,909.1200,9.0912,0.0100
2017-10-01,2017,10,Central,Michigan,Consumer,Furniture,Furnishings,1,11,157.7400,56.7864,0.3600
2017-10-01,2017,10,Central,Michigan,Consumer,Office Supplies,Art,1,7,56.9800,22.7920,0.4000
2017-10-01,2017,10,Central,Michigan,Consumer,Office Supplies,Binders,1,4,60.9300,28.1142,0.4614
2017-10-01,2017,10,Central,Michigan,Consumer,Office Supplies,Storage,1,2,85.5200,22.2352,0.2600
2017-10-01,2017,10,Central,Minnesota,Consumer,Office Supplies,Binders,1,2,1793.9800,843.1706,0.4700
2017-10-01,2017,10,Central,Minnesota,Consumer,Office Supplies,Labels,1,2,6.1600,2.9568,0.4800
2017-10-01,2017,10,Central,Minnesota,Consumer,Technology,Accessories,1,1,19.9900,6.7966,0.3400
2017-10-01,2017,10,Central,Nebraska,Consumer,Office Supplies,Paper,1,1,104.8500,50.3280,0.4800
2017-10-01,2017,10,Central,Oklahoma,Consumer,Furniture,Tables,1,2,248.9800,54.7756,0.2200
2017-10-01,2017,10,Central,Oklahoma,Consumer,Office Supplies,Storage,1,3,333.0900,23.3163,0.0700
2017-10-01,2017,10,Central,Oklahoma,Home Office,Furniture,Tables,1,1,262.1100,62.9064,0.2400
2017-10-01,2017,10,Central,Oklahoma,Home Office,Office Supplies,Art,1,4,36.4400,12.0252,0.3300
2017-10-01,2017,10,Central,Oklahoma,Home Office,Technology,Phones,1,8,1439.9200,374.3792,0.2600
2017-10-01,2017,10,Central,Texas,Consumer,Furniture,Bookcases,1,3,328.3992,-91.7586,-0.2794
2017-10-01,2017,10,Central,Texas,Consumer,Furniture,Chairs,1,3,254.0580,-32.6646,-0.1286
2017-10-01,2017,10,Central,Texas,Consumer,Furniture,Furnishings,1,2,16.1920,-8.5008,-0.5250
2017-10-01,2017,10,Central,Texas,Consumer,Furniture,Tables,2,7,768.4110,-149.4367,-0.1945
2017-10-01,2017,10,Central,Texas,Consumer,Office Supplies,Art,2,10,77.4160,6.7739,0.0875
2017-10-01,2017,10,Central,Texas,Consumer,Office Supplies,Binders,4,13,19.6380,-31.2505,-1.5913
2017-10-01,2017,10,Central,Texas,Consumer,Office Supplies,Paper,1,3,15.5520,5.4432,0.3500
2017-10-01,2017,10,Central,Texas,Consumer,Office Supplies,Storage,2,11,327.0480,-53.0407,-0.1622
2017-10-01,2017,10,Central,Texas,Consumer,Technology,Accessories,2,5,105.3760,-8.0420,-0.0763
2017-10-01,2017,10,Central,Texas,Consumer,Technology,Phones,2,8,840.6400,56.7100,0.0675
2017-10-01,2017,10,Central,Texas,Corporate,Office Supplies,Appliances,1,8,37.2080,-94.8804,-2.5500
2017-10-01,2017,10,Central,Texas,Corporate,Office Supplies,Art,2,11,27.3120,2.8224,0.1033
2017-10-01,2017,10,Central,Texas,Corporate,Office Supplies,Envelopes,1,2,15.8400,5.5440,0.3500
2017-10-01,2017,10,Central,Texas,Corporate,Office Supplies,Paper,1,2,8.4480,2.6400,0.3125
2017-10-01,2017,10,Central,Texas,Corporate,Technology,Accessories,1,2,39.9840,-1.4994,-0.0375
2017-10-01,2017,10,Central,Texas,Home Office,Office Supplies,Art,1,2,5.2480,0.5904,0.1125
2017-10-01,2017,10,Central,Texas,Home Office,Office Supplies,Paper,2,5,39.8400,13.7052,0.3440
2017-10-01,2017,10,Central,Texas,Home Office,Office Supplies,Storage,1,2,55.6160,5.5616,0.1000
2017-10-01,2017,10,Central,Texas,Home Office,Technology,Accessories,1,3,791.8800,128.6805,0.1625
2017-10-01,2017,10,Central,Texas,Home Office,Technology,Phones,1,7,369.5440,27.7158,0.0750
2017-10-01,2017,10,Central,Wisconsin,Corporate,Office Supplies,Binders,1,11,60.7200,29.9220,0.4928
2017-10-01,2017,10,East,Connecticut,Corporate,Office Supplies,Labels,1,5,13.0500,6.0030,0.4600
2017-10-01,2017,10,East,Maryland,Home Office,Furniture,Furnishings,1,1,19.9800,8.5914,0.4300
2017-10-01,2017,10,East,Maryland,Home Office,Office Supplies,Binders,1,7,37.6600,18.4534,0.4900
2017-10-01,2017,10,East,Massachusetts,Consumer,Office Supplies,Labels,1,3,21.9300,10.3071,0.4700
2017-10-01,2017,10,East,Massachusetts,Corporate,Furniture,Furnishings,1,4,56.5600,14.7056,0.2600
2017-10-01,2017,10,East,Massachusetts,Corporate,Office Supplies,Storage,1,3,32.7000,8.5020,0.2600
2017-10-01,2017,10,East,New Jersey,Consumer,Furniture,Bookcases,1,5,2154.9000,129.2940,0.0600
2017-10-01,2017,10,East,New Jersey,Consumer,Furniture,Furnishings,1,2,40.4800,17.4064,0.4300
2017-10-01,2017,10,East,New Jersey,Consumer,Office Supplies,Fasteners,1,5,17.9000,8.7710,0.4900
2017-10-01,2017,10,East,New Jersey,Consumer,Office Supplies,Paper,1,4,150.1800,72.0864,0.4800
2017-10-01,2017,10,East,New Jersey,Consumer,Technology,Accessories,1,3,45.0000,4.9500,0.1100
2017-10-01,2017,10,East,New York,Consumer,Furniture,Bookcases,1,3,314.3520,-15.7176,-0.0500
2017-10-01,2017,10,East,New York,Consumer,Furniture,Chairs,1,2,145.7640,3.2392,0.0222
2017-10-01,2017,10,East,New York,Consumer,Office Supplies,Appliances,1,5,904.9000,253.3720,0.2800
2017-10-01,2017,10,East,New York,Consumer,Office Supplies,Binders,1,9,31.0560,10.4814,0.3375
2017-10-01,2017,10,East,New York,Consumer,Office Supplies,Paper,3,8,78.0600,36.6882,0.4700
2017-10-01,2017,10,East,New York,Consumer,Office Supplies,Storage,1,2,22.5800,5.8708,0.2600
2017-10-01,2017,10,East,New York,Corporate,Furniture,Chairs,1,2,221.3820,2.4598,0.0111
2017-10-01,2017,10,East,New York,Corporate,Furniture,Furnishings,2,24,616.3800,204.1496,0.3312
2017-10-01,2017,10,East,New York,Corporate,Office Supplies,Envelopes,1,2,47.9800,23.9900,0.5000
2017-10-01,2017,10,East,New York,Corporate,Office Supplies,Paper,3,16,125.9100,60.1703,0.4779
2017-10-01,2017,10,East,New York,Corporate,Technology,Machines,1,4,5199.9600,1351.9896,0.2600
2017-10-01,2017,10,East,New York,Corporate,Technology,Phones,3,8,189.6700,71.1038,0.3749
2017-10-01,2017,10,East,New York,Home Office,Furniture,Furnishings,1,4,83.9200,21.8192,0.2600
2017-10-01,2017,10,East,New York,Home Office,Office Supplies,Art,1,3,6.6300,3.1161,0.4700
2017-10-01,2017,10,East,New York,Home Office,Office Supplies,Binders,1,3,75.7920,25.5798,0.3375
2017-10-01,2017,10,East,New York,Home Office,Office Supplies,Envelopes,1,5,63.9000,28.7550,0.4500
2017-10-01,2017,10,East,New York,Home Office,Office Supplies,Labels,1,5,24.5500,12.0295,0.4900
2017-10-01,2017,10,East,New York,Home Office,Office Supplies,Paper,1,3,17.0400,7.6680,0.4500
2017-10-01,2017,10,East,New York,Home Office,Office Supplies,Storage,1,3,344.9100,10.3473,0.0300
2017-10-01,2017,10,East,New York,Home Office,Technology,Accessories,2,7,691.9300,182.1402,0.2632
2017-10-01,2017,10,East,New York,Home Office,Technology,Copiers,1,4,11199.9680,3919.9888,0.3500
2017-10-01,2017,10,East,New York,Home Office,Technology,Machines,1,11,1704.8900,767.2005,0.4500
2017-10-01,2017,10,East,New York,Home Office,Technology,Phones,2,16,2613.5200,651.6405,0.2493
2017-10-01,2017,10,East,Ohio,Corporate,Furniture,Furnishings,1,4,45.8880,9.1776,0.2000
2017-10-01,2017,10,East,Ohio,Corporate,Furniture,Tables,1,2,284.3640,-75.8304,-0.2667
2017-10-01,2017,10,East,Ohio,Corporate,Office Supplies,Storage,1,2,665.4080,66.5408,0.1000
2017-10-01,2017,10,East,Ohio,Home Office,Office Supplies,Appliances,1,2,161.5680,16.1568,0.1000
2017-10-01,2017,10,East,Ohio,Home Office,Office Supplies,Binders,1,4,6.2160,-4.9728,-0.8000
2017-10-01,2017,10,East,Ohio,Home Office,Office Supplies,Paper,1,1,4.0640,1.3716,0.3375
2017-10-01,2017,10,East,Pennsylvania,Consumer,Furniture,Furnishings,1,2,7.1680,0.9856,0.1375
2017-10-01,2017,10,East,Pennsylvania,Consumer,Office Supplies,Binders,1,3,33.2820,-27.7350,-0.8333
2017-10-01,2017,10,East,Pennsylvania,Consumer,Office Supplies,Labels,1,5,14.7600,4.9815,0.3375
2017-10-01,2017,10,East,Pennsylvania,Consumer,Office Supplies,Paper,1,4,20.7360,7.2576,0.3500
2017-10-01,2017,10,East,Pennsylvania,Consumer,Office Supplies,Storage,2,5,82.5440,-6.9738,-0.0845
2017-10-01,2017,10,East,Pennsylvania,Consumer,Technology,Accessories,1,7,442.4000,-55.3000,-0.1250
2017-10-01,2017,10,East,Pennsylvania,Consumer,Technology,Phones,2,7,448.6380,-57.2222,-0.1275
2017-10-01,2017,10,East,Pennsylvania,Corporate,Office Supplies,Art,1,7,123.2560,9.2442,0.0750
2017-10-01,2017,10,East,Pennsylvania,Corporate,Office Supplies,Binders,1,7,81.4380,-65.1504,-0.8000
2017-10-01,2017,10,East,Pennsylvania,Corporate,Office Supplies,Envelopes,1,4,31.6800,11.0880,0.3500
2017-10-01,2017,10,East,Pennsylvania,Corporate,Office Supplies,Labels,1,3,24.8400,8.6940,0.3500
2017-10-01,2017,10,East,Pennsylvania,Corporate,Office Supplies,Paper,2,10,53.5040,17.3840,0.3249
2017-10-01,2017,10,East,Pennsylvania,Corporate,Office Supplies,Storage,1,6,59.7120,5.9712,0.1000
2017-10-01,2017,10,East,Pennsylvania,Corporate,Technology,Phones,3,10,403.8180,-76.6297,-0.1898
2017-10-01,2017,10,East,Pennsylvania,Home Office,Office Supplies,Paper,1,3,45.5280,15.9348,0.3500
2017-10-01,2017,10,East,Rhode Island,Corporate,Furniture,Furnishings,1,6,245.6800,65.2632,0.2656
2017-10-01,2017,10,East,Rhode Island,Corporate,Furniture,Tables,1,7,878.6400,-141.3360,-0.1609
2017-10-01,2017,10,East,Rhode Island,Corporate,Office Supplies,Appliances,1,1,2.2200,0.6660,0.3000
2017-10-01,2017,10,East,Rhode Island,Corporate,Office Supplies,Paper,2,10,56.4000,27.5064,0.4877
2017-10-01,2017,10,East,Rhode Island,Corporate,Office Supplies,Storage,2,3,92.7200,20.6100,0.2223
2017-10-01,2017,10,East,West Virginia,Consumer,Furniture,Tables,1,3,673.3440,-76.9536,-0.1143
2017-10-01,2017,10,South,Alabama,Corporate,Furniture,Furnishings,1,2,10.1600,3.4544,0.3400
2017-10-01,2017,10,South,Arkansas,Consumer,Office Supplies,Art,1,4,13.3600,4.1416,0.3100
2017-10-01,2017,10,South,Arkansas,Consumer,Office Supplies,Binders,1,5,145.8500,70.0080,0.4800
2017-10-01,2017,10,South,Arkansas,Consumer,Office Supplies,Paper,1,2,39.9600,18.7812,0.4700
2017-10-01,2017,10,South,Florida,Consumer,Furniture,Furnishings,1,4,43.9360,6.0412,0.1375
2017-10-01,2017,10,South,Florida,Consumer,Office Supplies,Appliances,1,5,17.9200,1.1200,0.0625
2017-10-01,2017,10,South,Florida,Consumer,Office Supplies,Art,1,2,4.4480,1.1120,0.2500
2017-10-01,2017,10,South,Florida,Consumer,Office Supplies,Paper,2,4,22.2240,7.9452,0.3575
2017-10-01,2017,10,South,Florida,Consumer,Office Supplies,Storage,1,2,4.7680,-0.7748,-0.1625
2017-10-01,2017,10,South,Florida,Consumer,Technology,Phones,1,3,863.8800,107.9850,0.1250
2017-10-01,2017,10,South,Florida,Corporate,Office Supplies,Art,1,3,6.5760,0.5754,0.0875
2017-10-01,2017,10,South,Florida,Corporate,Office Supplies,Binders,1,3,5.6070,-3.9249,-0.7000
2017-10-01,2017,10,South,Florida,Corporate,Office Supplies,Paper,1,7,56.7840,20.5842,0.3625
2017-10-01,2017,10,South,Florida,Home Office,Furniture,Chairs,1,3,683.9520,42.7470,0.0625
2017-10-01,2017,10,South,Florida,Home Office,Furniture,Furnishings,1,3,45.6960,5.1408,0.1125
2017-10-01,2017,10,South,Florida,Home Office,Office Supplies,Art,1,4,17.8560,2.0088,0.1125
2017-10-01,2017,10,South,Kentucky,Consumer,Office Supplies,Binders,1,5,124.7500,57.3850,0.4600
2017-10-01,2017,10,South,Kentucky,Consumer,Office Supplies,Storage,1,8,348.5600,104.5680,0.3000
2017-10-01,2017,10,South,Kentucky,Home Office,Furniture,Chairs,1,1,33.9400,9.1638,0.2700
2017-10-01,2017,10,South,Kentucky,Home Office,Office Supplies,Labels,1,8,30.0000,14.4000,0.4800
2017-10-01,2017,10,South,Kentucky,Home Office,Office Supplies,Storage,1,7,105.9800,4.2392,0.0400
2017-10-01,2017,10,South,Kentucky,Home Office,Office Supplies,Supplies,1,2,35.0600,10.5180,0.3000
2017-10-01,2017,10,South,Louisiana,Consumer,Furniture,Tables,1,4,1504.5200,346.0396,0.2300
2017-10-01,2017,10,South,Louisiana,Consumer,Office Supplies,Labels,1,3,11.0700,5.2029,0.4700
2017-10-01,2017,10,South,Louisiana,Consumer,Office Supplies,Paper,1,4,25.9200,12.4416,0.4800
2017-10-01,2017,10,South,Mississippi,Consumer,Office Supplies,Fasteners,1,4,11.6800,5.2560,0.4500
2017-10-01,2017,10,South,North Carolina,Consumer,Furniture,Furnishings,1,3,77.9520,15.5904,0.2000
2017-10-01,2017,10,South,North Carolina,Consumer,Office Supplies,Paper,2,7,58.7680,19.6990,0.3352
2017-10-01,2017,10,South,North Carolina,Consumer,Office Supplies,Storage,1,2,147.1840,-29.4368,-0.2000
2017-10-01,2017,10,South,North Carolina,Corporate,Office Supplies,Paper,1,3,14.3520,4.4850,0.3125
2017-10-01,2017,10,South,North Carolina,Corporate,Technology,Phones,1,2,15.9840,1.3986,0.0875
2017-10-01,2017,10,South,North Carolina,Home Office,Furniture,Tables,1,3,154.7640,-36.1116,-0.2333
2017-10-01,2017,10,South,North Carolina,Home Office,Office Supplies,Binders,2,10,1683.6420,-1340.1864,-0.7960
2017-10-01,2017,10,South,North Carolina,Home Office,Office Supplies,Fasteners,1,3,18.9360,5.9175,0.3125
2017-10-01,2017,10,South,North Carolina,Home Office,Office Supplies,Paper,1,2,7.9680,2.6892,0.3375
2017-10-01,2017,10,South,North Carolina,Home Office,Office Supplies,Storage,1,4,580.6720,65.3256,0.1125
2017-10-01,2017,10,South,North Carolina,Home Office,Technology,Phones,1,2,222.3840,16.6788,0.0750
2017-10-01,2017,10,South,Tennessee,Corporate,Furniture,Tables,1,7,1875.2580,-968.8833,-0.5167
2017-10-01,2017,10,South,Tennessee,Corporate,Technology,Accessories,1,2,18.5280,4.4004,0.2375
2017-10-01,2017,10,South,Tennessee,Home Office,Furniture,Furnishings,1,5,41.2240,8.8255,0.2141
2017-10-01,2017,10,South,Tennessee,Home Office,Furniture,Tables,1,7,2314.1160,-1002.7836,-0.4333
2017-10-01,2017,10,South,Tennessee,Home Office,Office Supplies,Binders,1,7,61.5960,-48.1356,-0.7815
2017-10-01,2017,10,South,Tennessee,Home Office,Office Supplies,Paper,1,4,20.7360,7.2576,0.3500
2017-10-01,2017,10,South,Virginia,Consumer,Furniture,Tables,1,5,356.8500,60.6645,0.1700
2017-10-01,2017,10,South,Virginia,Consumer,Office Supplies,Envelopes,1,7,251.5800,113.2110,0.4500
2017-10-01,2017,10,West,Arizona,Consumer,Office Supplies,Art,1,2,9.3440,1.8688,0.2000
2017-10-01,2017,10,West,Arizona,Consumer,Office Supplies,Binders,1,1,8.5590,-6.5619,-0.7667
2017-10-01,2017,10,West,Arizona,Corporate,Office Supplies,Paper,1,7,307.7760,111.5688,0.3625
2017-10-01,2017,10,West,Arizona,Home Office,Office Supplies,Paper,1,1,44.7840,16.2342,0.3625
2017-10-01,2017,10,West,Arizona,Home Office,Technology,Machines,1,5,599.9850,-479.9880,-0.8000
2017-10-01,2017,10,West,California,Consumer,Furniture,Bookcases,1,2,307.6660,-14.4784,-0.0471
2017-10-01,2017,10,West,California,Consumer,Furniture,Chairs,2,5,180.6000,8.6033,0.0476
2017-10-01,2017,10,West,California,Consumer,Furniture,Furnishings,2,4,26.9200,9.6258,0.3576
2017-10-01,2017,10,West,California,Consumer,Office Supplies,Appliances,2,16,1944.0800,571.1260,0.2938
2017-10-01,2017,10,West,California,Consumer,Office Supplies,Art,3,11,36.4200,10.9210,0.2999
2017-10-01,2017,10,West,California,Consumer,Office Supplies,Binders,2,17,102.8400,35.2218,0.3425
2017-10-01,2017,10,West,California,Consumer,Office Supplies,Labels,2,9,58.5900,27.8319,0.4750
2017-10-01,2017,10,West,California,Consumer,Office Supplies,Paper,2,7,42.6200,20.2540,0.4752
2017-10-01,2017,10,West,California,Consumer,Technology,Accessories,3,25,1598.1100,346.9146,0.2171
2017-10-01,2017,10,West,California,Consumer,Technology,Machines,1,11,369.1600,32.3015,0.0875
2017-10-01,2017,10,West,California,Consumer,Technology,Phones,2,19,357.1440,14.7096,0.0412
2017-10-01,2017,10,West,California,Corporate,Furniture,Bookcases,1,5,556.6650,6.5490,0.0118
2017-10-01,2017,10,West,California,Corporate,Furniture,Chairs,1,4,435.1680,-59.8356,-0.1375
2017-10-01,2017,10,West,California,Corporate,Furniture,Furnishings,3,8,126.1800,46.6786,0.3699
2017-10-01,2017,10,West,California,Corporate,Furniture,Tables,5,12,1101.8240,11.2417,0.0102
2017-10-01,2017,10,West,California,Corporate,Office Supplies,Appliances,1,4,15.8000,4.1080,0.2600
2017-10-01,2017,10,West,California,Corporate,Office Supplies,Binders,2,9,5104.8880,1914.0714,0.3749
2017-10-01,2017,10,West,California,Corporate,Office Supplies,Envelopes,1,2,8.9600,4.3008,0.4800
2017-10-01,2017,10,West,California,Corporate,Office Supplies,Fasteners,1,5,14.9000,6.8540,0.4600
2017-10-01,2017,10,West,California,Corporate,Office Supplies,Labels,3,16,187.9000,87.1390,0.4638
2017-10-01,2017,10,West,California,Corporate,Office Supplies,Paper,1,5,204.9500,100.4255,0.4900
2017-10-01,2017,10,West,California,Corporate,Office Supplies,Storage,1,2,40.6800,0.4068,0.0100
2017-10-01,2017,10,West,California,Corporate,Technology,Accessories,2,12,485.9000,161.5494,0.3325
2017-10-01,2017,10,West,California,Corporate,Technology,Phones,6,14,363.7600,52.8677,0.1453
2017-10-01,2017,10,West,California,Home Office,Office Supplies,Art,1,4,87.9200,26.3760,0.3000
2017-10-01,2017,10,West,California,Home Office,Office Supplies,Binders,3,19,273.8160,99.6618,0.3640
2017-10-01,2017,10,West,California,Home Office,Office Supplies,Paper,1,2,61.9600,27.8820,0.4500
2017-10-01,2017,10,West,California,Home Office,Office Supplies,Storage,1,7,1575.1400,204.7682,0.1300
2017-10-01,2017,10,West,California,Home Office,Technology,Accessories,2,6,105.7400,22.4331,0.2122
2017-10-01,2017,10,West,Colorado,Consumer,Furniture,Chairs,1,4,579.1360,-28.9568,-0.0500
2017-10-01,2017,10,West,Colorado,Consumer,Office Supplies,Binders,1,4,3.1680,-2.5344,-0.8000
2017-10-01,2017,10,West,Colorado,Home Office,Technology,Accessories,1,2,63.8240,13.5626,0.2125
2017-10-01,2017,10,West,Idaho,Home Office,Furniture,Furnishings,1,2,41.9600,2.9372,0.0700
2017-10-01,2017,10,West,Idaho,Home Office,Office Supplies,Appliances,1,4,227.8400,66.0736,0.2900
2017-10-01,2017,10,West,Idaho,Home Office,Office Supplies,Paper,1,2,37.9400,18.2112,0.4800
2017-10-01,2017,10,West,New Mexico,Corporate,Office Supplies,Binders,1,3,79.8720,29.9520,0.3750
2017-10-01,2017,10,West,New Mexico,Corporate,Technology,Accessories,1,5,595.0000,95.2000,0.1600
2017-10-01,2017,10,West,Oregon,Consumer,Furniture,Bookcases,1,6,217.7640,-384.7164,-1.7667
2017-10-01,2017,10,West,Oregon,Consumer,Office Supplies,Art,1,7,95.1440,10.7037,0.1125
2017-10-01,2017,10,West,Oregon,Consumer,Office Supplies,Binders,1,7,22.6380,-16.6012,-0.7333
2017-10-01,2017,10,West,Oregon,Consumer,Office Supplies,Supplies,1,6,39.0720,4.3956,0.1125
2017-10-01,2017,10,West,Oregon,Corporate,Furniture,Chairs,1,2,478.4800,47.8480,0.1000
2017-10-01,2017,10,West,Oregon,Corporate,Furniture,Tables,1,5,177.2250,-120.5130,-0.6800
2017-10-01,2017,10,West,Oregon,Corporate,Office Supplies,Paper,1,1,5.1840,1.8144,0.3500
2017-10-01,2017,10,West,Oregon,Corporate,Technology,Accessories,1,2,28.4000,6.7450,0.2375
2017-10-01,2017,10,West,Utah,Corporate,Office Supplies,Art,1,2,11.6800,4.2048,0.3600
2017-10-01,2017,10,West,Washington,Consumer,Furniture,Bookcases,1,2,199.9800,37.9962,0.1900
2017-10-01,2017,10,West,Washington,Consumer,Furniture,Chairs,1,10,711.8400,-29.1332,-0.0409
2017-10-01,2017,10,West,Washington,Consumer,Office Supplies,Binders,1,5,102.6560,32.9490,0.3210
2017-10-01,2017,10,West,Washington,Corporate,Furniture,Chairs,1,3,451.1520,0.0000,0.0000
2017-10-01,2017,10,West,Washington,Corporate,Furniture,Furnishings,1,2,9.6400,3.6632,0.3800
2017-10-01,2017,10,West,Washington,Corporate,Office Supplies,Binders,1,7,81.0880,27.3672,0.3375
2017-10-01,2017,10,West,Washington,Corporate,Office Supplies,Paper,1,11,111.2800,54.3328,0.4883
2017-10-01,2017,10,West,Washington,Home Office,Office Supplies,Fasteners,1,3,8.9400,4.1124,0.4600
2017-10-01,2017,10,West,Washington,Home Office,Technology,Phones,1,2,84.7840,-20.1362,-0.2375
2017-11-01,2017,11,Central,Illinois,Consumer,Furniture,Chairs,1,2,127.3860,-25.4772,-0.2000
2017-11-01,2017,11,Central,Illinois,Consumer,Furniture,Furnishings,1,1,6.4640,-4.0400,-0.6250
2017-11-01,2017,11,Central,Illinois,Consumer,Furniture,Tables,1,3,219.0750,-131.4450,-0.6000
2017-11-01,2017,11,Central,Illinois,Consumer,Office Supplies,Binders,1,8,33.5680,-53.7088,-1.6000
2017-11-01,2017,11,Central,Illinois,Consumer,Office Supplies,Envelopes,1,6,55.5840,20.8440,0.3750
2017-11-01,2017,11,Central,Illinois,Consumer,Office Supplies,Labels,1,5,11.5200,4.1760,0.3625
2017-11-01,2017,11,Central,Illinois,Consumer,Technology,Accessories,1,5,239.9600,83.9860,0.3500
2017-11-01,2017,11,Central,Illinois,Consumer,Technology,Phones,1,2,222.3840,16.6788,0.0750
2017-11-01,2017,11,Central,Illinois,Corporate,Office Supplies,Art,1,4,54.3360,5.4336,0.1000
2017-11-01,2017,11,Central,Illinois,Corporate,Office Supplies,Binders,1,5,16.0300,-25.6480,-1.6000
2017-11-01,2017,11,Central,Illinois,Corporate,Office Supplies,Paper,1,2,10.6880,3.7408,0.3500
2017-11-01,2017,11,Central,Illinois,Home Office,Office Supplies,Storage,1,3,230.3760,-48.9549,-0.2125
2017-11-01,2017,11,Central,Indiana,Corporate,Office Supplies,Binders,1,3,497.9400,224.0730,0.4500
2017-11-01,2017,11,Central,Indiana,Corporate,Office Supplies,Paper,1,6,158.2800,72.8088,0.4600
2017-11-01,2017,11,Central,Indiana,Home Office,Furniture,Chairs,1,3,828.6000,240.2940,0.2900
2017-11-01,2017,11,Central,Indiana,Home Office,Furniture,Furnishings,1,2,27.4600,9.8856,0.3600
2017-11-01,2017,11,Central,Indiana,Home Office,Furniture,Tables,1,3,257.9400,67.0644,0.2600
2017-11-01,2017,11,Central,Indiana,Home Office,Office Supplies,Paper,1,14,240.1500,115.5072,0.4810
2017-11-01,2017,11,Central,Indiana,Home Office,Technology,Phones,1,6,1969.9400,588.3788,0.2987
2017-11-01,2017,11,Central,Iowa,Consumer,Office Supplies,Fasteners,1,4,45.9200,21.5824,0.4700
2017-11-01,2017,11,Central,Kansas,Corporate,Office Supplies,Art,1,6,27.7800,9.1674,0.3300
2017-11-01,2017,11,Central,Kansas,Corporate,Office Supplies,Fasteners,1,3,18.2400,9.1200,0.5000
2017-11-01,2017,11,Central,Kansas,Corporate,Office Supplies,Storage,1,1,33.2900,7.9896,0.2400
2017-11-01,2017,11,Central,Michigan,Consumer,Office Supplies,Art,1,7,181.8600,50.9208,0.2800
2017-11-01,2017,11,Central,Michigan,Consumer,Office Supplies,Supplies,1,2,4.3600,0.1744,0.0400
2017-11-01,2017,11,Central,Michigan,Corporate,Furniture,Furnishings,1,2,28.4000,11.0760,0.3900
2017-11-01,2017,11,Central,Michigan,Corporate,Office Supplies,Binders,1,8,287.9200,138.2016,0.4800
2017-11-01,2017,11,Central,Michigan,Home Office,Furniture,Furnishings,1,4,19.7600,8.2992,0.4200
2017-11-01,2017,11,Central,Michigan,Home Office,Office Supplies,Storage,1,3,501.8100,0.0000,0.0000
2017-11-01,2017,11,Central,Minnesota,Consumer,Office Supplies,Art,1,10,22.0000,9.6800,0.4400
2017-11-01,2017,11,Central,Minnesota,Consumer,Office Supplies,Labels,1,3,14.9400,6.8724,0.4600
2017-11-01,2017,11,Central,Minnesota,Consumer,Office Supplies,Paper,1,2,8.5600,3.8520,0.4500
2017-11-01,2017,11,Central,Minnesota,Consumer,Office Supplies,Storage,1,5,52.4000,14.1480,0.2700
2017-11-01,2017,11,Central,Minnesota,Home Office,Office Supplies,Art,1,5,13.9000,3.6140,0.2600
2017-11-01,2017,11,Central,Minnesota,Home Office,Office Supplies,Envelopes,1,2,15.2800,7.4872,0.4900
2017-11-01,2017,11,Central,Minnesota,Home Office,Office Supplies,Paper,1,1,26.3800,12.1348,0.4600
2017-11-01,2017,11,Central,Missouri,Consumer,Furniture,Furnishings,1,3,126.3000,40.4160,0.3200
2017-11-01,2017,11,Central,Missouri,Consumer,Office Supplies,Appliances,1,10,83.9000,20.9750,0.2500
2017-11-01,2017,11,Central,Missouri,Consumer,Office Supplies,Paper,1,2,11.7600,5.7624,0.4900
2017-11-01,2017,11,Central,Missouri,Consumer,Technology,Accessories,1,2,38.0400,12.1728,0.3200
2017-11-01,2017,11,Central,Oklahoma,Consumer,Office Supplies,Binders,1,9,38.1600,19.0800,0.5000
2017-11-01,2017,11,Central,South Dakota,Consumer,Office Supplies,Supplies,1,3,25.5000,6.6300,0.2600
2017-11-01,2017,11,Central,Texas,Consumer,Furniture,Bookcases,1,2,327.7328,-14.4588,-0.0441
2017-11-01,2017,11,Central,Texas,Consumer,Furniture,Chairs,3,11,1278.0460,-124.0682,-0.0971
2017-11-01,2017,11,Central,Texas,Consumer,Furniture,Furnishings,2,7,46.5520,-33.8570,-0.7273
2017-11-01,2017,11,Central,Texas,Consumer,Office Supplies,Appliances,1,5,67.8400,-179.7760,-2.6500
2017-11-01,2017,11,Central,Texas,Consumer,Office Supplies,Art,5,23,211.6160,23.0600,0.1090
2017-11-01,2017,11,Central,Texas,Consumer,Office Supplies,Binders,4,17,1566.7620,-2354.7894,-1.5030
2017-11-01,2017,11,Central,Texas,Consumer,Office Supplies,Fasteners,2,5,13.1920,3.3995,0.2577
2017-11-01,2017,11,Central,Texas,Consumer,Office Supplies,Labels,1,5,10.4400,3.3930,0.3250
2017-11-01,2017,11,Central,Texas,Consumer,Office Supplies,Paper,2,16,256.0080,80.8053,0.3156
2017-11-01,2017,11,Central,Texas,Consumer,Office Supplies,Storage,2,5,558.2080,-45.4382,-0.0814
2017-11-01,2017,11,Central,Texas,Consumer,Office Supplies,Supplies,1,1,6.6720,0.5004,0.0750
2017-11-01,2017,11,Central,Texas,Consumer,Technology,Accessories,1,6,167.9520,-27.2922,-0.1625
2017-11-01,2017,11,Central,Texas,Consumer,Technology,Phones,4,15,586.2800,56.9908,0.0972
2017-11-01,2017,11,Central,Texas,Corporate,Furniture,Bookcases,1,3,205.9992,-27.2646,-0.1324
2017-11-01,2017,11,Central,Texas,Corporate,Furniture,Chairs,1,2,305.3120,-8.7232,-0.0286
2017-11-01,2017,11,Central,Texas,Corporate,Furniture,Furnishings,1,5,341.9600,-427.4500,-1.2500
2017-11-01,2017,11,Central,Texas,Corporate,Furniture,Tables,2,7,845.9010,-102.8451,-0.1216
2017-11-01,2017,11,Central,Texas,Corporate,Office Supplies,Appliances,1,1,13.7620,-24.7716,-1.8000
2017-11-01,2017,11,Central,Texas,Corporate,Office Supplies,Art,1,4,31.7760,8.7384,0.2750
2017-11-01,2017,11,Central,Texas,Corporate,Office Supplies,Binders,1,2,6.1040,-9.1560,-1.5000
2017-11-01,2017,11,Central,Texas,Corporate,Office Supplies,Paper,1,9,114.5920,42.0648,0.3671
2017-11-01,2017,11,Central,Texas,Corporate,Office Supplies,Storage,1,4,61.7920,6.1792,0.1000
2017-11-01,2017,11,Central,Texas,Corporate,Technology,Accessories,1,3,95.9760,-10.7973,-0.1125
2017-11-01,2017,11,Central,Texas,Corporate,Technology,Phones,1,4,492.7680,55.4364,0.1125
2017-11-01,2017,11,Central,Texas,Home Office,Furniture,Furnishings,1,3,22.8480,-17.7072,-0.7750
2017-11-01,2017,11,Central,Texas,Home Office,Office Supplies,Appliances,1,6,9.3240,-24.7086,-2.6500
2017-11-01,2017,11,Central,Texas,Home Office,Office Supplies,Binders,2,17,43.6480,-67.7744,-1.5527
2017-11-01,2017,11,Central,Texas,Home Office,Office Supplies,Envelopes,1,2,12.2240,4.4312,0.3625
2017-11-01,2017,11,Central,Texas,Home Office,Office Supplies,Labels,1,2,23.6800,8.8800,0.3750
2017-11-01,2017,11,Central,Texas,Home Office,Office Supplies,Storage,2,6,130.7040,-28.1190,-0.2151
2017-11-01,2017,11,Central,Texas,Home Office,Technology,Accessories,1,2,44.7840,-0.5598,-0.0125
2017-11-01,2017,11,Central,Texas,Home Office,Technology,Phones,1,1,67.9920,8.4990,0.1250
2017-11-01,2017,11,Central,Wisconsin,Corporate,Furniture,Furnishings,2,3,52.7600,21.9808,0.4166
2017-11-01,2017,11,Central,Wisconsin,Corporate,Office Supplies,Labels,1,2,7.3800,3.4686,0.4700
2017-11-01,2017,11,Central,Wisconsin,Corporate,Office Supplies,Storage,1,7,130.2800,35.5532,0.2729
2017-11-01,2017,11,Central,Wisconsin,Corporate,Technology,Accessories,1,9,143.7300,56.0547,0.3900
2017-11-01,2017,11,Central,Wisconsin,Home Office,Office Supplies,Binders,1,3,18.2400,8.5728,0.4700
2017-11-01,2017,11,East,Delaware,Consumer,Office Supplies,Appliances,1,7,100.9400,33.3102,0.3300
2017-11-01,2017,11,East,Delaware,Consumer,Office Supplies,Art,1,6,155.9400,45.2226,0.2900
2017-11-01,2017,11,East,Delaware,Consumer,Technology,Copiers,1,3,10499.9700,5039.9856,0.4800
2017-11-01,2017,11,East,Maryland,Consumer,Office Supplies,Binders,1,6,43.8000,20.5860,0.4700
2017-11-01,2017,11,East,Maryland,Corporate,Furniture,Chairs,1,3,272.9700,43.6752,0.1600
2017-11-01,2017,11,East,Maryland,Corporate,Furniture,Furnishings,1,10,274.2000,112.4220,0.4100
2017-11-01,2017,11,East,Maryland,Corporate,Office Supplies,Binders,1,2,9.6400,4.4344,0.4600
2017-11-01,2017,11,East,Maryland,Corporate,Office Supplies,Storage,1,12,2177.5200,631.4808,0.2900
2017-11-01,2017,11,East,Maryland,Corporate,Technology,Accessories,1,3,826.6200,355.4466,0.4300
2017-11-01,2017,11,East,Maryland,Home Office,Furniture,Furnishings,1,10,1070.1000,280.3160,0.2620
2017-11-01,2017,11,East,Maryland,Home Office,Office Supplies,Art,1,1,1.6400,0.7380,0.4500
2017-11-01,2017,11,East,Massachusetts,Consumer,Office Supplies,Art,1,3,50.9400,14.2632,0.2800
2017-11-01,2017,11,East,Massachusetts,Consumer,Office Supplies,Paper,1,11,230.6900,111.1411,0.4818
2017-11-01,2017,11,East,New Jersey,Home Office,Office Supplies,Storage,1,3,46.2600,12.0276,0.2600
2017-11-01,2017,11,East,New York,Consumer,Furniture,Bookcases,2,4,505.5360,-41.3740,-0.0818
2017-11-01,2017,11,East,New York,Consumer,Furniture,Chairs,1,2,128.1240,24.2012,0.1889
2017-11-01,2017,11,East,New York,Consumer,Furniture,Furnishings,4,15,451.8800,164.6398,0.3643
2017-11-01,2017,11,East,New York,Consumer,Furniture,Tables,1,2,166.5000,-66.6000,-0.4000
2017-11-01,2017,11,East,New York,Consumer,Office Supplies,Art,3,15,92.3400,28.7097,0.3109
2017-11-01,2017,11,East,New York,Consumer,Office Supplies,Binders,3,15,292.1760,98.5746,0.3374
2017-11-01,2017,11,East,New York,Consumer,Office Supplies,Envelopes,1,2,167.9600,78.9412,0.4700
2017-11-01,2017,11,East,New York,Consumer,Office Supplies,Paper,6,31,688.3000,330.1308,0.4796
2017-11-01,2017,11,East,New York,Consumer,Office Supplies,Storage,2,2,46.6900,3.3630,0.0720
2017-11-01,2017,11,East,New York,Consumer,Technology,Accessories,2,9,398.6300,174.4516,0.4376
2017-11-01,2017,11,East,New York,Consumer,Technology,Phones,5,21,2534.7900,638.9004,0.2521
2017-11-01,2017,11,East,New York,Corporate,Furniture,Chairs,1,6,977.2920,173.7408,0.1778
2017-11-01,2017,11,East,New York,Corporate,Furniture,Furnishings,2,6,205.9200,40.1646,0.1950
2017-11-01,2017,11,East,New York,Corporate,Office Supplies,Appliances,1,7,2504.7400,626.1850,0.2500
2017-11-01,2017,11,East,New York,Corporate,Office Supplies,Binders,2,8,947.0960,319.6449,0.3375
2017-11-01,2017,11,East,New York,Corporate,Office Supplies,Envelopes,2,5,96.7000,44.3520,0.4587
2017-11-01,2017,11,East,New York,Corporate,Office Supplies,Paper,1,1,5.8800,2.8812,0.4900
2017-11-01,2017,11,East,New York,Corporate,Office Supplies,Storage,2,9,1344.0000,374.3928,0.2786
2017-11-01,2017,11,East,New York,Corporate,Technology,Accessories,1,3,2.9700,1.3365,0.4500
2017-11-01,2017,11,East,New York,Corporate,Technology,Phones,5,23,3654.3100,966.9197,0.2646
2017-11-01,2017,11,East,New York,Home Office,Furniture,Chairs,1,5,1242.9000,262.3900,0.2111
2017-11-01,2017,11,East,New York,Home Office,Furniture,Furnishings,1,7,96.5300,40.5426,0.4200
2017-11-01,2017,11,East,New York,Home Office,Furniture,Tables,1,3,79.9740,-29.3238,-0.3667
2017-11-01,2017,11,East,New York,Home Office,Office Supplies,Appliances,1,7,58.7300,14.6825,0.2500
2017-11-01,2017,11,East,New York,Home Office,Office Supplies,Art,1,5,109.9000,32.9700,0.3000
2017-11-01,2017,11,East,New York,Home Office,Office Supplies,Binders,4,20,261.5040,87.9642,0.3364
2017-11-01,2017,11,East,New York,Home Office,Office Supplies,Paper,1,2,13.3600,6.4128,0.4800
2017-11-01,2017,11,East,New York,Home Office,Office Supplies,Storage,1,7,353.0500,7.0610,0.0200
2017-11-01,2017,11,East,New York,Home Office,Technology,Accessories,1,4,163.9600,70.5028,0.4300
2017-11-01,2017,11,East,New York,Home Office,Technology,Machines,1,4,52.4400,24.1224,0.4600
2017-11-01,2017,11,East,New York,Home Office,Technology,Phones,1,3,546.0600,163.8180,0.3000
2017-11-01,2017,11,East,Ohio,Consumer,Furniture,Furnishings,1,7,82.2560,29.7014,0.3611
2017-11-01,2017,11,East,Ohio,Consumer,Office Supplies,Binders,2,9,63.5610,-48.7301,-0.7667
2017-11-01,2017,11,East,Ohio,Consumer,Technology,Phones,2,18,340.6920,-24.4792,-0.0719
2017-11-01,2017,11,East,Ohio,Corporate,Office Supplies,Appliances,1,10,265.4080,33.7788,0.1273
2017-11-01,2017,11,East,Ohio,Corporate,Office Supplies,Art,2,10,125.2160,13.1698,0.1052
2017-11-01,2017,11,East,Ohio,Corporate,Office Supplies,Binders,2,11,13.0440,-8.8784,-0.6807
2017-11-01,2017,11,East,Ohio,Corporate,Office Supplies,Paper,1,2,10.8480,3.5256,0.3250
2017-11-01,2017,11,East,Ohio,Corporate,Office Supplies,Storage,1,3,194.3520,-43.7292,-0.2250
2017-11-01,2017,11,East,Ohio,Corporate,Office Supplies,Supplies,1,2,384.5920,-81.7258,-0.2125
2017-11-01,2017,11,East,Ohio,Corporate,Technology,Accessories,4,15,290.0880,4.2055,0.0145
2017-11-01,2017,11,East,Ohio,Corporate,Technology,Copiers,1,3,899.9820,74.9985,0.0833
2017-11-01,2017,11,East,Ohio,Corporate,Technology,Machines,1,7,652.9950,-935.9595,-1.4333
2017-11-01,2017,11,East,Ohio,Corporate,Technology,Phones,1,3,370.7820,-92.6955,-0.2500
2017-11-01,2017,11,East,Ohio,Home Office,Furniture,Chairs,1,2,155.3720,-35.5136,-0.2286
2017-11-01,2017,11,East,Ohio,Home Office,Office Supplies,Appliances,1,4,663.9360,82.9920,0.1250
2017-11-01,2017,11,East,Ohio,Home Office,Office Supplies,Paper,1,2,10.3680,3.6288,0.3500
2017-11-01,2017,11,East,Pennsylvania,Consumer,Furniture,Chairs,2,8,1206.6880,-46.3520,-0.0384
2017-11-01,2017,11,East,Pennsylvania,Consumer,Furniture,Furnishings,1,9,24.0480,7.2144,0.3000
2017-11-01,2017,11,East,Pennsylvania,Consumer,Furniture,Tables,1,4,350.3520,-140.1408,-0.4000
2017-11-01,2017,11,East,Pennsylvania,Consumer,Office Supplies,Binders,1,3,11.6730,-7.7820,-0.6667
2017-11-01,2017,11,East,Pennsylvania,Consumer,Office Supplies,Paper,2,5,56.4000,18.8238,0.3338
2017-11-01,2017,11,East,Pennsylvania,Consumer,Office Supplies,Storage,2,6,260.3200,-51.3264,-0.1972
2017-11-01,2017,11,East,Pennsylvania,Consumer,Technology,Accessories,1,3,40.7760,0.5097,0.0125
2017-11-01,2017,11,East,Pennsylvania,Consumer,Technology,Phones,1,5,359.9700,-71.9940,-0.2000
2017-11-01,2017,11,East,Pennsylvania,Corporate,Furniture,Furnishings,1,1,3.3120,0.6624,0.2000
2017-11-01,2017,11,East,Pennsylvania,Corporate,Office Supplies,Appliances,1,3,20.1360,1.2585,0.0625
2017-11-01,2017,11,East,Pennsylvania,Corporate,Office Supplies,Binders,1,1,7.4760,-5.9808,-0.8000
2017-11-01,2017,11,East,Pennsylvania,Corporate,Office Supplies,Envelopes,1,3,8.8560,2.8782,0.3250
2017-11-01,2017,11,East,Pennsylvania,Corporate,Office Supplies,Paper,1,7,229.5440,83.2097,0.3625
2017-11-01,2017,11,East,Pennsylvania,Corporate,Technology,Phones,2,6,949.1880,-201.1580,-0.2119
2017-11-01,2017,11,East,Pennsylvania,Home Office,Furniture,Furnishings,1,13,1523.7200,62.6302,0.0411
2017-11-01,2017,11,East,Pennsylvania,Home Office,Furniture,Tables,1,12,2065.3200,-619.5960,-0.3000
2017-11-01,2017,11,East,Pennsylvania,Home Office,Office Supplies,Paper,1,9,40.8960,13.3632,0.3268
2017-11-01,2017,11,South,Alabama,Consumer,Technology,Accessories,1,8,239.9200,23.9920,0.1000
2017-11-01,2017,11,South,Arkansas,Home Office,Office Supplies,Art,1,2,4.3000,1.4190,0.3300
2017-11-01,2017,11,South,Florida,Consumer,Furniture,Bookcases,1,5,723.9200,-81.4410,-0.1125
2017-11-01,2017,11,South,Florida,Consumer,Furniture,Furnishings,1,8,559.2000,55.0160,0.0984
2017-11-01,2017,11,South,Florida,Consumer,Office Supplies,Art,2,3,58.0480,4.3536,0.0750
2017-11-01,2017,11,South,Florida,Consumer,Office Supplies,Binders,1,2,4.0860,-2.9964,-0.7333
2017-11-01,2017,11,South,Florida,Consumer,Office Supplies,Paper,3,8,81.7920,28.6272,0.3500
2017-11-01,2017,11,South,Florida,Consumer,Office Supplies,Supplies,1,1,2.9440,-0.6624,-0.2250
2017-11-01,2017,11,South,Florida,Consumer,Technology,Copiers,1,2,959.9840,311.9948,0.3250
2017-11-01,2017,11,South,Florida,Corporate,Office Supplies,Appliances,2,9,1547.1760,178.9205,0.1156
2017-11-01,2017,11,South,Florida,Corporate,Office Supplies,Binders,1,8,20.2320,-16.1856,-0.8000
2017-11-01,2017,11,South,Florida,Corporate,Office Supplies,Paper,1,12,62.2080,21.7728,0.3500
2017-11-01,2017,11,South,Florida,Corporate,Office Supplies,Storage,1,5,81.3600,-19.3230,-0.2375
2017-11-01,2017,11,South,Florida,Corporate,Technology,Phones,1,2,361.3760,27.1032,0.0750
2017-11-01,2017,11,South,Florida,Home Office,Office Supplies,Binders,1,5,11.5200,-7.6800,-0.6667
2017-11-01,2017,11,South,Florida,Home Office,Technology,Accessories,1,3,191.9760,38.3952,0.2000
2017-11-01,2017,11,South,Florida,Home Office,Technology,Phones,2,7,571.1440,40.1950,0.0704
2017-11-01,2017,11,South,Georgia,Consumer,Office Supplies,Paper,1,9,48.8700,23.9463,0.4900
2017-11-01,2017,11,South,Georgia,Corporate,Office Supplies,Art,1,3,12.8400,3.7236,0.2900
2017-11-01,2017,11,South,Georgia,Corporate,Office Supplies,Labels,1,3,12.3900,5.6994,0.4600
2017-11-01,2017,11,South,Georgia,Corporate,Technology,Accessories,1,1,79.9900,28.7964,0.3600
2017-11-01,2017,11,South,Georgia,Corporate,Technology,Phones,1,5,206.1000,55.6470,0.2700
2017-11-01,2017,11,South,Kentucky,Consumer,Furniture,Furnishings,1,6,821.8800,213.6888,0.2600
2017-11-01,2017,11,South,Kentucky,Consumer,Office Supplies,Binders,1,2,21.9600,10.7604,0.4900
2017-11-01,2017,11,South,Kentucky,Corporate,Furniture,Chairs,2,6,1677.8800,461.2464,0.2749
2017-11-01,2017,11,South,Kentucky,Corporate,Office Supplies,Envelopes,1,2,5.3200,2.6068,0.4900
2017-11-01,2017,11,South,Kentucky,Corporate,Office Supplies,Paper,2,6,32.1800,14.7122,0.4572
2017-11-01,2017,11,South,Kentucky,Corporate,Office Supplies,Storage,1,4,59.9200,16.7776,0.2800
2017-11-01,2017,11,South,Kentucky,Corporate,Technology,Accessories,1,9,2249.9100,517.4793,0.2300
2017-11-01,2017,11,South,Kentucky,Home Office,Furniture,Furnishings,1,2,27.5800,11.5836,0.4200
2017-11-01,2017,11,South,Kentucky,Home Office,Office Supplies,Binders,1,1,2.8800,1.4112,0.4900
2017-11-01,2017,11,South,Kentucky,Home Office,Office Supplies,Storage,1,12,1443.9600,375.4296,0.2600
2017-11-01,2017,11,South,Mississippi,Consumer,Office Supplies,Storage,1,5,173.8000,43.4500,0.2500
2017-11-01,2017,11,South,North Carolina,Consumer,Furniture,Furnishings,1,2,28.2720,6.3612,0.2250
2017-11-01,2017,11,South,North Carolina,Consumer,Furniture,Tables,1,7,1781.6820,-653.2834,-0.3667
2017-11-01,2017,11,South,North Carolina,Consumer,Office Supplies,Appliances,2,4,543.1680,48.0720,0.0885
2017-11-01,2017,11,South,North Carolina,Consumer,Office Supplies,Art,3,16,64.7600,6.3322,0.0978
2017-11-01,2017,11,South,North Carolina,Consumer,Office Supplies,Binders,1,8,13.2720,-10.6176,-0.8000
2017-11-01,2017,11,South,North Carolina,Consumer,Office Supplies,Paper,3,16,315.6160,110.0588,0.3487
2017-11-01,2017,11,South,North Carolina,Consumer,Office Supplies,Storage,1,4,259.1360,-51.8272,-0.2000
2017-11-01,2017,11,South,North Carolina,Consumer,Technology,Accessories,3,16,889.2480,206.9865,0.2328
2017-11-01,2017,11,South,North Carolina,Consumer,Technology,Phones,1,1,27.9920,2.0994,0.0750
2017-11-01,2017,11,South,North Carolina,Corporate,Furniture,Tables,1,3,523.7640,-192.0468,-0.3667
2017-11-01,2017,11,South,North Carolina,Corporate,Office Supplies,Appliances,1,2,167.4400,14.6510,0.0875
2017-11-01,2017,11,South,North Carolina,Corporate,Office Supplies,Binders,1,8,19.0080,-12.6720,-0.6667
2017-11-01,2017,11,South,North Carolina,Corporate,Technology,Machines,1,4,7999.9800,-3839.9904,-0.4800
2017-11-01,2017,11,South,North Carolina,Corporate,Technology,Phones,1,5,1359.9600,118.9965,0.0875
2017-11-01,2017,11,South,South Carolina,Corporate,Office Supplies,Binders,1,8,327.8400,157.3632,0.4800
2017-11-01,2017,11,South,South Carolina,Corporate,Technology,Phones,1,2,79.1000,39.5500,0.5000
2017-11-01,2017,11,South,Tennessee,Consumer,Furniture,Chairs,2,4,599.9360,25.2196,0.0420
2017-11-01,2017,11,South,Tennessee,Consumer,Furniture,Furnishings,2,10,190.4400,33.4845,0.1758
2017-11-01,2017,11,South,Tennessee,Consumer,Office Supplies,Binders,1,2,3.5640,-2.9700,-0.8333
2017-11-01,2017,11,South,Tennessee,Consumer,Office Supplies,Labels,1,2,4.9280,1.7248,0.3500
2017-11-01,2017,11,South,Tennessee,Consumer,Office Supplies,Paper,1,3,8.9040,3.3390,0.3750
2017-11-01,2017,11,South,Tennessee,Consumer,Office Supplies,Storage,1,4,720.0640,-63.0056,-0.0875
2017-11-01,2017,11,South,Tennessee,Consumer,Technology,Accessories,1,3,95.9760,15.5961,0.1625
2017-11-01,2017,11,South,Tennessee,Consumer,Technology,Phones,1,9,143.9280,-32.3838,-0.2250
2017-11-01,2017,11,South,Tennessee,Corporate,Furniture,Furnishings,1,1,15.9920,0.9995,0.0625
2017-11-01,2017,11,South,Tennessee,Corporate,Office Supplies,Binders,1,3,11.6730,-7.7820,-0.6667
2017-11-01,2017,11,South,Tennessee,Corporate,Office Supplies,Envelopes,1,7,64.8480,24.3180,0.3750
2017-11-01,2017,11,South,Tennessee,Home Office,Office Supplies,Paper,1,2,9.6640,3.2616,0.3375
2017-11-01,2017,11,South,Virginia,Consumer,Office Supplies,Appliances,1,2,35.0400,12.2640,0.3500
2017-11-01,2017,11,South,Virginia,Consumer,Office Supplies,Art,2,9,28.5200,8.1040,0.2842
2017-11-01,2017,11,South,Virginia,Consumer,Office Supplies,Fasteners,1,7,25.0600,12.5300,0.5000
2017-11-01,2017,11,West,Arizona,Consumer,Office Supplies,Binders,2,4,23.1120,-17.0284,-0.7368
2017-11-01,2017,11,West,Arizona,Consumer,Office Supplies,Storage,2,15,659.8640,-11.0882,-0.0168
2017-11-01,2017,11,West,Arizona,Corporate,Furniture,Chairs,1,4,899.1360,-146.1096,-0.1625
2017-11-01,2017,11,West,Arizona,Corporate,Office Supplies,Binders,1,14,38.3880,-25.5920,-0.6667
2017-11-01,2017,11,West,Arizona,Corporate,Technology,Accessories,2,12,302.3040,-46.9044,-0.1552
2017-11-01,2017,11,West,Arizona,Corporate,Technology,Machines,1,2,95.9940,-63.9960,-0.6667
2017-11-01,2017,11,West,Arizona,Corporate,Technology,Phones,1,2,201.5840,15.1188,0.0750
2017-11-01,2017,11,West,Arizona,Home Office,Furniture,Chairs,1,2,113.8880,9.9652,0.0875
2017-11-01,2017,11,West,Arizona,Home Office,Furniture,Furnishings,1,2,113.5680,-5.6784,-0.0500
2017-11-01,2017,11,West,Arizona,Home Office,Office Supplies,Paper,1,5,23.1200,8.3810,0.3625
2017-11-01,2017,11,West,Arizona,Home Office,Technology,Accessories,1,4,41.6000,13.0000,0.3125
2017-11-01,2017,11,West,Arizona,Home Office,Technology,Phones,1,4,679.9040,51.0918,0.0751
2017-11-01,2017,11,West,California,Consumer,Furniture,Bookcases,1,3,359.4990,-29.6058,-0.0824
2017-11-01,2017,11,West,California,Consumer,Furniture,Chairs,1,5,283.9200,-46.1370,-0.1625
2017-11-01,2017,11,West,California,Consumer,Furniture,Furnishings,7,25,285.6600,87.1020,0.3049
2017-11-01,2017,11,West,California,Consumer,Furniture,Tables,2,8,921.5360,43.8024,0.0475
2017-11-01,2017,11,West,California,Consumer,Office Supplies,Appliances,2,6,178.9900,46.5374,0.2600
2017-11-01,2017,11,West,California,Consumer,Office Supplies,Art,4,16,72.8400,23.0256,0.3161
2017-11-01,2017,11,West,California,Consumer,Office Supplies,Binders,4,23,344.9360,115.5862,0.3351
2017-11-01,2017,11,West,California,Consumer,Office Supplies,Envelopes,1,2,15.2800,7.4872,0.4900
2017-11-01,2017,11,West,California,Consumer,Office Supplies,Labels,1,5,62.6500,29.4455,0.4700
2017-11-01,2017,11,West,California,Consumer,Office Supplies,Paper,5,14,87.6200,42.2986,0.4828
2017-11-01,2017,11,West,California,Consumer,Office Supplies,Storage,4,25,1175.6300,104.3977,0.0888
2017-11-01,2017,11,West,California,Consumer,Technology,Accessories,4,30,858.1200,304.9608,0.3554
2017-11-01,2017,11,West,California,Consumer,Technology,Phones,3,13,111.5360,9.5294,0.0854
2017-11-01,2017,11,West,California,Corporate,Furniture,Chairs,3,8,1060.9360,77.7767,0.0733
2017-11-01,2017,11,West,California,Corporate,Office Supplies,Art,1,4,11.7600,3.1752,0.2700
2017-11-01,2017,11,West,California,Corporate,Office Supplies,Binders,2,6,54.7520,19.6724,0.3593
2017-11-01,2017,11,West,California,Corporate,Office Supplies,Paper,3,13,289.1900,135.0265,0.4669
2017-11-01,2017,11,West,California,Corporate,Office Supplies,Storage,1,2,63.5600,3.1780,0.0500
2017-11-01,2017,11,West,California,Corporate,Technology,Accessories,2,9,266.1500,103.8132,0.3901
2017-11-01,2017,11,West,California,Corporate,Technology,Machines,1,3,1919.9760,215.9973,0.1125
2017-11-01,2017,11,West,California,Corporate,Technology,Phones,1,5,39.9600,3.4965,0.0875
2017-11-01,2017,11,West,California,Home Office,Furniture,Chairs,1,2,241.4240,-36.2136,-0.1500
2017-11-01,2017,11,West,California,Home Office,Furniture,Furnishings,3,10,85.7700,31.9383,0.3724
2017-11-01,2017,11,West,California,Home Office,Furniture,Tables,1,12,1673.1840,20.9148,0.0125
2017-11-01,2017,11,West,California,Home Office,Office Supplies,Appliances,1,1,8.6200,2.2412,0.2600
2017-11-01,2017,11,West,California,Home Office,Office Supplies,Art,4,14,45.5200,13.8492,0.3042
2017-11-01,2017,11,West,California,Home Office,Office Supplies,Binders,1,6,590.3520,206.6232,0.3500
2017-11-01,2017,11,West,California,Home Office,Office Supplies,Envelopes,1,7,76.5800,38.2900,0.5000
2017-11-01,2017,11,West,California,Home Office,Office Supplies,Fasteners,2,5,14.6000,3.6852,0.2524
2017-11-01,2017,11,West,California,Home Office,Office Supplies,Labels,1,4,41.4000,19.8720,0.4800
2017-11-01,2017,11,West,California,Home Office,Office Supplies,Paper,1,12,131.7000,63.0702,0.4789
2017-11-01,2017,11,West,California,Home Office,Office Supplies,Storage,2,9,509.1100,37.8987,0.0744
2017-11-01,2017,11,West,California,Home Office,Technology,Accessories,3,9,276.6700,102.7001,0.3712
2017-11-01,2017,11,West,California,Home Office,Technology,Phones,2,10,1421.5200,116.1333,0.0817
2017-11-01,2017,11,West,Colorado,Consumer,Office Supplies,Paper,1,2,88.7680,31.0688,0.3500
2017-11-01,2017,11,West,New Mexico,Consumer,Furniture,Furnishings,1,3,41.3700,17.3754,0.4200
2017-11-01,2017,11,West,New Mexico,Corporate,Technology,Accessories,1,1,159.9900,54.3966,0.3400
2017-11-01,2017,11,West,Oregon,Corporate,Office Supplies,Binders,1,7,4.1580,-3.4650,-0.8333
2017-11-01,2017,11,West,Oregon,Corporate,Office Supplies,Paper,1,3,19.6080,6.6177,0.3375
2017-11-01,2017,11,West,Oregon,Home Office,Office Supplies,Binders,1,1,5.6820,-3.7880,-0.6667
2017-11-01,2017,11,West,Utah,Consumer,Office Supplies,Paper,1,3,19.4400,9.3312,0.4800
2017-11-01,2017,11,West,Washington,Consumer,Furniture,Chairs,1,6,2404.7040,150.2940,0.0625
2017-11-01,2017,11,West,Washington,Consumer,Furniture,Furnishings,1,2,139.9200,23.7864,0.1700
2017-11-01,2017,11,West,Washington,Consumer,Furniture,Tables,2,10,2736.6000,260.4900,0.0952
2017-11-01,2017,11,West,Washington,Consumer,Office Supplies,Appliances,2,7,476.9200,134.2988,0.2816
2017-11-01,2017,11,West,Washington,Consumer,Office Supplies,Art,1,3,9.2100,2.3025,0.2500
2017-11-01,2017,11,West,Washington,Consumer,Office Supplies,Binders,5,24,776.1840,267.4546,0.3446
2017-11-01,2017,11,West,Washington,Consumer,Office Supplies,Fasteners,2,5,21.2000,10.5408,0.4972
2017-11-01,2017,11,West,Washington,Consumer,Office Supplies,Labels,2,5,18.6000,8.8152,0.4739
2017-11-01,2017,11,West,Washington,Consumer,Office Supplies,Paper,2,14,125.5200,59.5128,0.4741
2017-11-01,2017,11,West,Washington,Consumer,Office Supplies,Storage,3,13,643.8200,73.7445,0.1145
2017-11-01,2017,11,West,Washington,Consumer,Office Supplies,Supplies,1,3,27.9300,8.0997,0.2900
2017-11-01,2017,11,West,Washington,Consumer,Technology,Accessories,2,7,176.0200,65.2082,0.3705
2017-11-01,2017,11,West,Washington,Consumer,Technology,Machines,1,1,1039.9920,103.9992,0.1000
2017-11-01,2017,11,West,Washington,Consumer,Technology,Phones,1,3,107.8800,10.7880,0.1000
2017-11-01,2017,11,West,Washington,Corporate,Furniture,Chairs,1,4,307.1360,26.8744,0.0875
2017-11-01,2017,11,West,Washington,Corporate,Office Supplies,Binders,3,9,58.6240,20.0410,0.3419
2017-11-01,2017,11,West,Washington,Corporate,Office Supplies,Paper,2,12,163.7100,76.4667,0.4671
2017-11-01,2017,11,West,Washington,Home Office,Furniture,Chairs,1,2,449.5680,-73.0548,-0.1625
2017-11-01,2017,11,West,Washington,Home Office,Furniture,Tables,1,7,2036.8600,366.6348,0.1800
2017-11-01,2017,11,West,Washington,Home Office,Technology,Accessories,1,3,108.9600,32.6880,0.3000
2017-12-01,2017,12,Central,Illinois,Consumer,Furniture,Chairs,1,2,520.4640,-14.8704,-0.0286
2017-12-01,2017,12,Central,Illinois,Consumer,Furniture,Furnishings,2,10,400.4000,-385.8050,-0.9635
2017-12-01,2017,12,Central,Illinois,Consumer,Office Supplies,Art,1,6,95.2320,24.9984,0.2625
2017-12-01,2017,12,Central,Illinois,Consumer,Office Supplies,Paper,3,13,170.2080,57.1752,0.3359
2017-12-01,2017,12,Central,Illinois,Consumer,Office Supplies,Storage,1,2,61.5680,4.6176,0.0750
2017-12-01,2017,12,Central,Illinois,Consumer,Technology,Accessories,1,3,39.2640,-4.9080,-0.1250
2017-12-01,2017,12,Central,Illinois,Corporate,Furniture,Chairs,1,2,113.3720,-3.2392,-0.0286
2017-12-01,2017,12,Central,Illinois,Corporate,Furniture,Furnishings,1,5,10.9280,-3.7964,-0.3474
2017-12-01,2017,12,Central,Illinois,Corporate,Office Supplies,Art,1,7,10.1920,1.0192,0.1000
2017-12-01,2017,12,Central,Illinois,Corporate,Office Supplies,Binders,3,14,1905.5100,-2954.3165,-1.5504
2017-12-01,2017,12,Central,Illinois,Corporate,Office Supplies,Paper,1,4,175.8720,63.7536,0.3625
2017-12-01,2017,12,Central,Illinois,Corporate,Technology,Accessories,1,7,116.3120,23.2624,0.2000
2017-12-01,2017,12,Central,Illinois,Home Office,Furniture,Furnishings,1,1,2.0320,-1.3208,-0.6500
2017-12-01,2017,12,Central,Illinois,Home Office,Technology,Accessories,1,3,227.9760,28.4970,0.1250
2017-12-01,2017,12,Central,Illinois,Home Office,Technology,Phones,1,3,52.6800,19.7550,0.3750
2017-12-01,2017,12,Central,Indiana,Consumer,Office Supplies,Appliances,1,3,61.4400,16.5888,0.2700
2017-12-01,2017,12,Central,Indiana,Consumer,Office Supplies,Binders,1,5,10.4000,5.0960,0.4900
2017-12-01,2017,12,Central,Indiana,Consumer,Office Supplies,Paper,2,10,72.3500,32.8920,0.4546
2017-12-01,2017,12,Central,Indiana,Consumer,Office Supplies,Storage,1,1,375.3400,18.7670,0.0500
2017-12-01,2017,12,Central,Indiana,Consumer,Technology,Accessories,1,3,99.3900,40.7499,0.4100
2017-12-01,2017,12,Central,Indiana,Home Office,Office Supplies,Appliances,1,2,209.3000,56.5110,0.2700
2017-12-01,2017,12,Central,Indiana,Home Office,Office Supplies,Paper,1,4,28.1600,13.2352,0.4700
2017-12-01,2017,12,Central,Iowa,Consumer,Office Supplies,Paper,1,5,44.7500,20.5850,0.4600
2017-12-01,2017,12,Central,Iowa,Home Office,Office Supplies,Binders,1,3,5.4000,2.5920,0.4800
2017-12-01,2017,12,Central,Iowa,Home Office,Office Supplies,Envelopes,1,1,7.2800,3.4944,0.4800
2017-12-01,2017,12,Central,Michigan,Consumer,Furniture,Chairs,1,7,1586.6900,412.5394,0.2600
2017-12-01,2017,12,Central,Michigan,Consumer,Furniture,Tables,1,2,411.8000,70.0060,0.1700
2017-12-01,2017,12,Central,Michigan,Consumer,Office Supplies,Art,1,5,34.7000,12.4920,0.3600
2017-12-01,2017,12,Central,Michigan,Consumer,Office Supplies,Binders,3,13,104.5400,49.8946,0.4773
2017-12-01,2017,12,Central,Michigan,Consumer,Office Supplies,Fasteners,1,9,52.2900,16.2099,0.3100
2017-12-01,2017,12,Central,Michigan,Consumer,Office Supplies,Paper,1,3,14.9400,7.0218,0.4700
2017-12-01,2017,12,Central,Michigan,Consumer,Office Supplies,Storage,1,5,175.9100,9.5540,0.0543
2017-12-01,2017,12,Central,Michigan,Consumer,Technology,Accessories,2,12,389.8200,136.5324,0.3502
2017-12-01,2017,12,Central,Michigan,Consumer,Technology,Phones,1,2,131.9800,35.6346,0.2700
2017-12-01,2017,12,Central,Michigan,Corporate,Furniture,Chairs,1,3,872.9400,226.9644,0.2600
2017-12-01,2017,12,Central,Michigan,Corporate,Office Supplies,Binders,1,2,41.5400,19.5238,0.4700
2017-12-01,2017,12,Central,Michigan,Corporate,Office Supplies,Paper,2,4,222.6600,106.8768,0.4800
2017-12-01,2017,12,Central,Minnesota,Consumer,Furniture,Tables,1,2,607.5200,97.2032,0.1600
2017-12-01,2017,12,Central,Minnesota,Consumer,Office Supplies,Art,1,5,8.8000,2.5520,0.2900
2017-12-01,2017,12,Central,Minnesota,Consumer,Office Supplies,Storage,1,2,31.1600,7.7900,0.2500
2017-12-01,2017,12,Central,Minnesota,Consumer,Technology,Accessories,1,6,542.7500,173.9700,0.3205
2017-12-01,2017,12,Central,Missouri,Consumer,Office Supplies,Appliances,1,3,839.4300,218.2518,0.2600
2017-12-01,2017,12,Central,Nebraska,Consumer,Technology,Phones,1,4,2479.9600,743.9880,0.3000
2017-12-01,2017,12,Central,Nebraska,Corporate,Office Supplies,Storage,1,2,750.6800,37.5340,0.0500
2017-12-01,2017,12,Central,Nebraska,Home Office,Furniture,Furnishings,1,2,15.9200,7.0048,0.4400
2017-12-01,2017,12,Central,Nebraska,Home Office,Office Supplies,Binders,1,3,34.5000,15.5250,0.4500
2017-12-01,2017,12,Central,North Dakota,Home Office,Office Supplies,Art,1,1,2.4800,0.8680,0.3500
2017-12-01,2017,12,Central,North Dakota,Home Office,Office Supplies,Binders,1,5,25.9000,12.6910,0.4900
2017-12-01,2017,12,Central,Oklahoma,Consumer,Office Supplies,Binders,1,5,10.8000,5.1840,0.4800
2017-12-01,2017,12,Central,Texas,Consumer,Furniture,Bookcases,1,2,78.8528,-11.5960,-0.1471
2017-12-01,2017,12,Central,Texas,Consumer,Furniture,Chairs,1,3,317.0580,-18.1176,-0.0571
2017-12-01,2017,12,Central,Texas,Consumer,Furniture,Furnishings,2,6,22.3440,-17.9912,-0.8052
2017-12-01,2017,12,Central,Texas,Consumer,Furniture,Tables,1,4,974.9880,-97.4988,-0.1000
2017-12-01,2017,12,Central,Texas,Consumer,Office Supplies,Appliances,4,17,391.6080,-1023.4828,-2.6135
2017-12-01,2017,12,Central,Texas,Consumer,Office Supplies,Art,2,4,58.9120,5.0976,0.0865
2017-12-01,2017,12,Central,Texas,Consumer,Office Supplies,Binders,2,22,90.0600,-139.8213,-1.5525
2017-12-01,2017,12,Central,Texas,Consumer,Office Supplies,Paper,3,20,140.8400,49.6524,0.3525
2017-12-01,2017,12,Central,Texas,Consumer,Office Supplies,Storage,1,2,264.3200,19.8240,0.0750
2017-12-01,2017,12,Central,Texas,Consumer,Office Supplies,Supplies,1,7,44.6880,5.0274,0.1125
2017-12-01,2017,12,Central,Texas,Consumer,Technology,Phones,1,5,219.8000,24.7275,0.1125
2017-12-01,2017,12,Central,Texas,Corporate,Furniture,Furnishings,1,3,9.7080,-5.8248,-0.6000
2017-12-01,2017,12,Central,Texas,Corporate,Office Supplies,Art,1,5,12.1600,2.1280,0.1750
2017-12-01,2017,12,Central,Texas,Corporate,Office Supplies,Binders,1,3,1.2480,-1.9344,-1.5500
2017-12-01,2017,12,Central,Texas,Corporate,Office Supplies,Fasteners,1,3,3.5520,1.2432,0.3500
2017-12-01,2017,12,Central,Texas,Corporate,Office Supplies,Paper,3,8,41.9520,14.6832,0.3500
2017-12-01,2017,12,Central,Texas,Corporate,Office Supplies,Storage,1,3,27.2400,2.7240,0.1000
2017-12-01,2017,12,Central,Wisconsin,Consumer,Furniture,Bookcases,1,4,459.9200,41.3928,0.0900
2017-12-01,2017,12,Central,Wisconsin,Consumer,Office Supplies,Appliances,1,3,1089.7500,305.1300,0.2800
2017-12-01,2017,12,Central,Wisconsin,Consumer,Office Supplies,Labels,1,2,61.0600,28.0876,0.4600
2017-12-01,2017,12,Central,Wisconsin,Consumer,Office Supplies,Paper,1,4,27.5200,12.6592,0.4600
2017-12-01,2017,12,Central,Wisconsin,Consumer,Technology,Accessories,1,3,178.1100,32.0598,0.1800
2017-12-01,2017,12,Central,Wisconsin,Corporate,Furniture,Furnishings,1,5,99.9500,22.9885,0.2300
2017-12-01,2017,12,Central,Wisconsin,Corporate,Office Supplies,Storage,1,2,32.5600,8.4656,0.2600
2017-12-01,2017,12,Central,Wisconsin,Corporate,Technology,Accessories,1,3,29.3400,10.8558,0.3700
2017-12-01,2017,12,East,Connecticut,Consumer,Office Supplies,Appliances,1,7,426.7900,123.7691,0.2900
2017-12-01,2017,12,East,Connecticut,Consumer,Office Supplies,Envelopes,1,3,10.8600,5.1042,0.4700
2017-12-01,2017,12,East,Connecticut,Corporate,Furniture,Furnishings,1,3,181.9500,38.2095,0.2100
2017-12-01,2017,12,East,Connecticut,Home Office,Furniture,Chairs,1,3,897.1500,251.2020,0.2800
2017-12-01,2017,12,East,Connecticut,Home Office,Furniture,Furnishings,1,2,27.4600,9.8856,0.3600
2017-12-01,2017,12,East,Connecticut,Home Office,Office Supplies,Paper,1,3,19.4400,9.3312,0.4800
2017-12-01,2017,12,East,Massachusetts,Consumer,Office Supplies,Appliances,1,7,286.8600,80.3208,0.2800
2017-12-01,2017,12,East,Massachusetts,Consumer,Office Supplies,Supplies,1,2,4.3600,0.1744,0.0400
2017-12-01,2017,12,East,Massachusetts,Consumer,Technology,Phones,1,5,979.9500,284.1855,0.2900
2017-12-01,2017,12,East,Massachusetts,Corporate,Office Supplies,Binders,1,5,12.3000,6.1500,0.5000
2017-12-01,2017,12,East,Massachusetts,Corporate,Office Supplies,Paper,1,3,19.4400,9.3312,0.4800
2017-12-01,2017,12,East,Massachusetts,Corporate,Technology,Phones,1,3,128.8500,3.8655,0.0300
2017-12-01,2017,12,East,Massachusetts,Home Office,Furniture,Tables,1,2,526.5820,-52.6582,-0.1000
2017-12-01,2017,12,East,Massachusetts,Home Office,Office Supplies,Fasteners,1,6,17.2800,8.1216,0.4700
2017-12-01,2017,12,East,Massachusetts,Home Office,Office Supplies,Storage,1,1,73.8500,2.2155,0.0300
2017-12-01,2017,12,East,Massachusetts,Home Office,Office Supplies,Supplies,1,3,25.7100,6.6846,0.2600
2017-12-01,2017,12,East,Massachusetts,Home Office,Technology,Copiers,1,2,1199.9800,467.9922,0.3900
2017-12-01,2017,12,East,New Jersey,Consumer,Furniture,Chairs,1,6,485.1600,63.7314,0.1314
2017-12-01,2017,12,East,New Jersey,Consumer,Furniture,Furnishings,1,1,12.9900,1.5588,0.1200
2017-12-01,2017,12,East,New Jersey,Consumer,Office Supplies,Appliances,1,7,22.7500,6.5975,0.2900
2017-12-01,2017,12,East,New Jersey,Consumer,Office Supplies,Binders,1,7,776.1800,349.2810,0.4500
2017-12-01,2017,12,East,New Jersey,Consumer,Office Supplies,Paper,1,3,166.4400,79.8912,0.4800
2017-12-01,2017,12,East,New Jersey,Consumer,Office Supplies,Supplies,1,5,69.5000,20.1550,0.2900
2017-12-01,2017,12,East,New Jersey,Consumer,Technology,Accessories,1,3,31.8000,13.6740,0.4300
2017-12-01,2017,12,East,New Jersey,Consumer,Technology,Phones,1,3,281.9700,78.9516,0.2800
2017-12-01,2017,12,East,New Jersey,Corporate,Office Supplies,Fasteners,1,3,6.5400,2.1582,0.3300
2017-12-01,2017,12,East,New York,Consumer,Furniture,Bookcases,2,6,515.1200,16.9172,0.0328
2017-12-01,2017,12,East,New York,Consumer,Furniture,Chairs,2,11,1413.7020,187.8838,0.1329
2017-12-01,2017,12,East,New York,Consumer,Furniture,Furnishings,4,8,294.7600,80.7396,0.2739
2017-12-01,2017,12,East,New York,Consumer,Office Supplies,Appliances,2,16,1740.4700,521.0637,0.2994
2017-12-01,2017,12,East,New York,Consumer,Office Supplies,Art,1,8,42.0200,18.8450,0.4485
2017-12-01,2017,12,East,New York,Consumer,Office Supplies,Binders,9,36,297.4880,103.3851,0.3475
2017-12-01,2017,12,East,New York,Consumer,Office Supplies,Fasteners,2,7,19.9900,9.3763,0.4690
2017-12-01,2017,12,East,New York,Consumer,Office Supplies,Labels,4,14,96.1200,46.0269,0.4788
2017-12-01,2017,12,East,New York,Consumer,Office Supplies,Paper,3,12,58.9800,27.3402,0.4636
2017-12-01,2017,12,East,New York,Consumer,Office Supplies,Storage,3,12,693.1300,56.6257,0.0817
2017-12-01,2017,12,East,New York,Consumer,Technology,Accessories,2,5,60.3500,20.5190,0.3400
2017-12-01,2017,12,East,New York,Consumer,Technology,Phones,4,13,359.7500,72.9697,0.2028
2017-12-01,2017,12,East,New York,Corporate,Furniture,Bookcases,1,3,287.9760,7.1994,0.0250
2017-12-01,2017,12,East,New York,Corporate,Furniture,Furnishings,3,8,159.5100,42.0004,0.2633
2017-12-01,2017,12,East,New York,Corporate,Office Supplies,Appliances,1,5,254.9000,68.8230,0.2700
2017-12-01,2017,12,East,New York,Corporate,Office Supplies,Binders,2,4,57.3360,19.9803,0.3485
2017-12-01,2017,12,East,New York,Corporate,Office Supplies,Paper,2,9,320.4000,156.9312,0.4898
2017-12-01,2017,12,East,New York,Home Office,Office Supplies,Binders,1,4,33.3760,10.4300,0.3125
2017-12-01,2017,12,East,Ohio,Consumer,Furniture,Tables,1,2,273.0600,-104.6730,-0.3833
2017-12-01,2017,12,East,Ohio,Consumer,Office Supplies,Appliances,1,2,130.1120,13.0112,0.1000
2017-12-01,2017,12,East,Ohio,Consumer,Office Supplies,Binders,3,5,21.9000,-17.7612,-0.8110
2017-12-01,2017,12,East,Ohio,Consumer,Office Supplies,Fasteners,2,16,44.1360,14.5251,0.3291
2017-12-01,2017,12,East,Ohio,Consumer,Office Supplies,Paper,2,8,165.7120,52.9270,0.3194
2017-12-01,2017,12,East,Ohio,Consumer,Technology,Accessories,2,9,286.9120,67.3154,0.2346
2017-12-01,2017,12,East,Ohio,Consumer,Technology,Phones,1,7,629.9580,94.4937,0.1500
2017-12-01,2017,12,East,Ohio,Corporate,Office Supplies,Art,2,13,32.9760,5.3694,0.1628
2017-12-01,2017,12,East,Ohio,Corporate,Office Supplies,Envelopes,1,3,57.5760,21.5910,0.3750
2017-12-01,2017,12,East,Ohio,Corporate,Office Supplies,Storage,1,1,37.2080,-7.4416,-0.2000
2017-12-01,2017,12,East,Ohio,Corporate,Technology,Phones,2,4,315.5760,-60.8154,-0.1927
2017-12-01,2017,12,East,Ohio,Home Office,Furniture,Furnishings,1,2,7.7120,1.7352,0.2250
2017-12-01,2017,12,East,Ohio,Home Office,Office Supplies,Binders,1,2,3.1320,-2.6100,-0.8333
2017-12-01,2017,12,East,Pennsylvania,Consumer,Furniture,Chairs,3,7,678.2020,-96.1008,-0.1417
2017-12-01,2017,12,East,Pennsylvania,Consumer,Furniture,Furnishings,3,12,477.9200,52.5480,0.1100
2017-12-01,2017,12,East,Pennsylvania,Consumer,Office Supplies,Art,1,4,13.2480,3.6432,0.2750
2017-12-01,2017,12,East,Pennsylvania,Consumer,Office Supplies,Binders,5,22,658.8840,-483.5586,-0.7339
2017-12-01,2017,12,East,Pennsylvania,Consumer,Office Supplies,Labels,1,4,15.9360,5.1792,0.3250
2017-12-01,2017,12,East,Pennsylvania,Consumer,Office Supplies,Paper,1,2,10.3680,3.6288,0.3500
2017-12-01,2017,12,East,Pennsylvania,Consumer,Office Supplies,Storage,1,3,37.3920,2.3370,0.0625
2017-12-01,2017,12,East,Pennsylvania,Consumer,Technology,Accessories,1,1,14.2000,3.3725,0.2375
2017-12-01,2017,12,East,Pennsylvania,Consumer,Technology,Phones,1,2,83.9880,-20.9970,-0.2500
2017-12-01,2017,12,East,Pennsylvania,Corporate,Furniture,Chairs,2,17,428.5120,-12.9776,-0.0303
2017-12-01,2017,12,East,Pennsylvania,Corporate,Furniture,Furnishings,2,5,66.1200,9.5421,0.1443
2017-12-01,2017,12,East,Pennsylvania,Corporate,Office Supplies,Art,3,11,34.7200,5.9450,0.1712
2017-12-01,2017,12,East,Pennsylvania,Corporate,Office Supplies,Paper,1,5,23.9200,8.6710,0.3625
2017-12-01,2017,12,East,Pennsylvania,Corporate,Technology,Accessories,1,4,255.9680,-28.7964,-0.1125
2017-12-01,2017,12,East,Pennsylvania,Home Office,Office Supplies,Envelopes,1,5,104.6800,35.3295,0.3375
2017-12-01,2017,12,East,Pennsylvania,Home Office,Technology,Phones,1,7,62.9580,9.4437,0.1500
2017-12-01,2017,12,East,Rhode Island,Corporate,Furniture,Bookcases,1,1,220.9800,50.8254,0.2300
2017-12-01,2017,12,East,Rhode Island,Corporate,Office Supplies,Supplies,1,6,695.1600,34.7580,0.0500
2017-12-01,2017,12,East,Rhode Island,Home Office,Office Supplies,Storage,1,6,592.7400,160.0398,0.2700
2017-12-01,2017,12,East,Vermont,Corporate,Technology,Accessories,1,7,205.0300,67.6599,0.3300
2017-12-01,2017,12,South,Alabama,Home Office,Furniture,Chairs,1,2,141.9600,35.4900,0.2500
2017-12-01,2017,12,South,Alabama,Home Office,Office Supplies,Fasteners,1,2,3.6200,1.1946,0.3300
2017-12-01,2017,12,South,Alabama,Home Office,Office Supplies,Paper,1,8,725.1800,348.0864,0.4800
2017-12-01,2017,12,South,Alabama,Home Office,Technology,Phones,1,2,90.4800,23.5248,0.2600
2017-12-01,2017,12,South,Arkansas,Corporate,Office Supplies,Envelopes,1,3,182.9400,85.9818,0.4700
2017-12-01,2017,12,South,Arkansas,Corporate,Office Supplies,Paper,1,2,44.9600,20.6816,0.4600
2017-12-01,2017,12,South,Arkansas,Corporate,Office Supplies,Storage,1,8,430.0000,32.0896,0.0746
2017-12-01,2017,12,South,Arkansas,Corporate,Technology,Accessories,1,9,204.5500,78.8145,0.3853
2017-12-01,2017,12,South,Arkansas,Corporate,Technology,Phones,1,3,494.9700,148.4910,0.3000
2017-12-01,2017,12,South,Florida,Consumer,Furniture,Furnishings,2,6,40.1040,11.5062,0.2869
2017-12-01,2017,12,South,Florida,Consumer,Office Supplies,Envelopes,1,1,7.8240,2.9340,0.3750
2017-12-01,2017,12,South,Florida,Consumer,Technology,Accessories,1,1,47.9920,7.1988,0.1500
2017-12-01,2017,12,South,Florida,Consumer,Technology,Machines,1,2,120.0000,-7.2000,-0.0600
2017-12-01,2017,12,South,Florida,Corporate,Furniture,Chairs,1,1,64.7840,-12.1470,-0.1875
2017-12-01,2017,12,South,Florida,Corporate,Furniture,Tables,1,6,721.8750,-420.0000,-0.5818
2017-12-01,2017,12,South,Florida,Corporate,Office Supplies,Art,2,6,61.5440,5.5549,0.0903
2017-12-01,2017,12,South,Florida,Corporate,Technology,Phones,1,4,73.5680,-16.5528,-0.2250
2017-12-01,2017,12,South,Florida,Home Office,Office Supplies,Binders,1,5,45.6600,-33.4840,-0.7333
2017-12-01,2017,12,South,Kentucky,Consumer,Furniture,Chairs,2,17,2072.0200,555.0601,0.2679
2017-12-01,2017,12,South,Kentucky,Consumer,Office Supplies,Appliances,1,5,214.9000,62.3210,0.2900
2017-12-01,2017,12,South,Kentucky,Consumer,Office Supplies,Art,1,1,34.5800,10.0282,0.2900
2017-12-01,2017,12,South,Kentucky,Consumer,Office Supplies,Binders,2,7,57.8100,26.8771,0.4649
2017-12-01,2017,12,South,Kentucky,Consumer,Office Supplies,Labels,1,2,5.7600,2.6496,0.4600
2017-12-01,2017,12,South,Kentucky,Consumer,Office Supplies,Storage,2,4,111.0800,10.1996,0.0918
2017-12-01,2017,12,South,Kentucky,Consumer,Technology,Accessories,2,9,217.4500,76.0185,0.3496
2017-12-01,2017,12,South,Kentucky,Consumer,Technology,Copiers,1,2,1399.9800,629.9910,0.4500
2017-12-01,2017,12,South,Louisiana,Consumer,Furniture,Chairs,1,4,232.8800,60.5488,0.2600
2017-12-01,2017,12,South,Louisiana,Consumer,Office Supplies,Supplies,1,2,1665.6200,33.3124,0.0200
2017-12-01,2017,12,South,Louisiana,Consumer,Technology,Machines,1,3,479.9700,239.9850,0.5000
2017-12-01,2017,12,South,Mississippi,Consumer,Office Supplies,Appliances,1,4,320.6400,89.7792,0.2800
2017-12-01,2017,12,South,Mississippi,Consumer,Technology,Accessories,1,4,52.0000,23.4000,0.4500
2017-12-01,2017,12,South,Mississippi,Home Office,Office Supplies,Binders,1,8,45.8400,22.0032,0.4800
2017-12-01,2017,12,South,Mississippi,Home Office,Technology,Accessories,1,3,599.9700,257.9871,0.4300
2017-12-01,2017,12,South,Mississippi,Home Office,Technology,Phones,1,3,38.9700,0.7794,0.0200
2017-12-01,2017,12,South,North Carolina,Consumer,Office Supplies,Appliances,1,3,45.2160,4.5216,0.1000
2017-12-01,2017,12,South,North Carolina,Consumer,Office Supplies,Art,2,10,45.4480,3.8838,0.0855
2017-12-01,2017,12,South,North Carolina,Consumer,Office Supplies,Binders,1,6,28.7820,-21.1068,-0.7333
2017-12-01,2017,12,South,North Carolina,Consumer,Office Supplies,Paper,1,4,24.4480,8.8624,0.3625
2017-12-01,2017,12,South,South Carolina,Consumer,Office Supplies,Binders,1,6,23.8800,11.2236,0.4700
2017-12-01,2017,12,South,South Carolina,Corporate,Furniture,Furnishings,1,2,14.7600,4.2804,0.2900
2017-12-01,2017,12,South,Tennessee,Consumer,Furniture,Furnishings,1,4,72.7040,19.0848,0.2625
2017-12-01,2017,12,South,Tennessee,Consumer,Furniture,Tables,1,6,934.9560,-249.3216,-0.2667
2017-12-01,2017,12,South,Tennessee,Consumer,Office Supplies,Appliances,1,5,59.2400,16.2910,0.2750
2017-12-01,2017,12,South,Tennessee,Consumer,Office Supplies,Art,2,14,35.3920,3.9641,0.1120
2017-12-01,2017,12,South,Tennessee,Consumer,Office Supplies,Storage,2,6,244.5120,-52.6260,-0.2152
2017-12-01,2017,12,South,Tennessee,Consumer,Technology,Accessories,1,2,46.8640,7.6154,0.1625
2017-12-01,2017,12,South,Tennessee,Consumer,Technology,Machines,1,2,649.0000,-272.5800,-0.4200
2017-12-01,2017,12,South,Tennessee,Home Office,Office Supplies,Storage,1,1,64.7840,-12.9568,-0.2000
2017-12-01,2017,12,South,Virginia,Consumer,Furniture,Chairs,2,7,1206.8600,249.2544,0.2065
2017-12-01,2017,12,South,Virginia,Consumer,Furniture,Furnishings,1,6,82.3800,25.5378,0.3100
2017-12-01,2017,12,South,Virginia,Consumer,Office Supplies,Art,1,3,34.6500,10.3950,0.3000
2017-12-01,2017,12,South,Virginia,Consumer,Office Supplies,Storage,1,3,544.3800,157.8702,0.2900
2017-12-01,2017,12,West,Arizona,Consumer,Furniture,Tables,1,2,182.5500,-135.0870,-0.7400
2017-12-01,2017,12,West,Arizona,Consumer,Office Supplies,Binders,1,6,67.8600,-45.2400,-0.6667
2017-12-01,2017,12,West,Arizona,Corporate,Office Supplies,Binders,1,3,13.0050,-9.9705,-0.7667
2017-12-01,2017,12,West,Arizona,Corporate,Office Supplies,Paper,1,5,419.4000,146.7900,0.3500
2017-12-01,2017,12,West,Arizona,Home Office,Furniture,Chairs,1,3,842.3760,105.2970,0.1250
2017-12-01,2017,12,West,Arizona,Home Office,Furniture,Furnishings,1,4,8.5440,1.9224,0.2250
2017-12-01,2017,12,West,California,Consumer,Furniture,Bookcases,2,14,1456.6620,18.7666,0.0129
2017-12-01,2017,12,West,California,Consumer,Furniture,Chairs,2,6,507.1360,-62.7312,-0.1237
2017-12-01,2017,12,West,California,Consumer,Furniture,Furnishings,2,10,329.9400,69.7488,0.2114
2017-12-01,2017,12,West,California,Consumer,Furniture,Tables,1,7,1004.0240,-112.9527,-0.1125
2017-12-01,2017,12,West,California,Consumer,Office Supplies,Appliances,1,4,54.3200,16.2960,0.3000
2017-12-01,2017,12,West,California,Consumer,Office Supplies,Art,3,12,32.6200,11.2166,0.3439
2017-12-01,2017,12,West,California,Consumer,Office Supplies,Binders,4,11,108.7120,36.6101,0.3368
2017-12-01,2017,12,West,California,Consumer,Office Supplies,Labels,2,12,36.9900,17.8416,0.4823
2017-12-01,2017,12,West,California,Consumer,Office Supplies,Paper,10,52,603.8900,287.5470,0.4762
2017-12-01,2017,12,West,California,Consumer,Office Supplies,Storage,2,5,154.1500,42.2163,0.2739
2017-12-01,2017,12,West,California,Consumer,Technology,Accessories,3,12,774.8800,237.8649,0.3070
2017-12-01,2017,12,West,California,Consumer,Technology,Copiers,1,3,1199.9760,434.9913,0.3625
2017-12-01,2017,12,West,California,Consumer,Technology,Phones,5,17,1414.1360,163.4522,0.1156
2017-12-01,2017,12,West,California,Corporate,Furniture,Chairs,3,19,1678.5120,24.6446,0.0147
2017-12-01,2017,12,West,California,Corporate,Furniture,Furnishings,2,10,120.0800,44.9984,0.3747
2017-12-01,2017,12,West,California,Corporate,Office Supplies,Appliances,2,4,148.9500,43.0956,0.2893
2017-12-01,2017,12,West,California,Corporate,Office Supplies,Art,3,16,219.9300,58.7005,0.2669
2017-12-01,2017,12,West,California,Corporate,Office Supplies,Binders,7,32,495.3680,171.5158,0.3462
2017-12-01,2017,12,West,California,Corporate,Office Supplies,Labels,1,3,44.4000,22.2000,0.5000
2017-12-01,2017,12,West,California,Corporate,Office Supplies,Paper,4,12,229.0200,109.2398,0.4770
2017-12-01,2017,12,West,California,Corporate,Office Supplies,Storage,7,28,3090.8600,793.4474,0.2567
2017-12-01,2017,12,West,California,Corporate,Office Supplies,Supplies,1,1,13.9800,3.6348,0.2600
2017-12-01,2017,12,West,California,Corporate,Technology,Accessories,1,10,339.9000,77.0775,0.2268
2017-12-01,2017,12,West,California,Corporate,Technology,Phones,1,1,39.9920,-7.9984,-0.2000
2017-12-01,2017,12,West,California,Home Office,Furniture,Bookcases,1,3,148.2570,15.6978,0.1059
2017-12-01,2017,12,West,California,Home Office,Furniture,Furnishings,2,12,655.8900,118.0638,0.1800
2017-12-01,2017,12,West,California,Home Office,Furniture,Tables,1,9,896.3280,22.4082,0.0250
2017-12-01,2017,12,West,California,Home Office,Office Supplies,Appliances,1,1,189.0000,68.0400,0.3600
2017-12-01,2017,12,West,California,Home Office,Office Supplies,Art,2,4,16.9200,4.4604,0.2636
2017-12-01,2017,12,West,California,Home Office,Office Supplies,Binders,3,19,167.2480,60.9464,0.3644
2017-12-01,2017,12,West,California,Home Office,Office Supplies,Envelopes,1,5,43.7000,20.5390,0.4700
2017-12-01,2017,12,West,California,Home Office,Office Supplies,Paper,2,8,63.4000,31.4328,0.4958
2017-12-01,2017,12,West,California,Home Office,Office Supplies,Storage,1,5,158.9000,7.9450,0.0500
2017-12-01,2017,12,West,California,Home Office,Technology,Copiers,1,6,2879.9520,1007.9832,0.3500
2017-12-01,2017,12,West,Colorado,Consumer,Furniture,Bookcases,1,7,102.0180,-183.6324,-1.8000
2017-12-01,2017,12,West,Colorado,Consumer,Furniture,Furnishings,2,14,69.6480,19.0200,0.2731
2017-12-01,2017,12,West,Colorado,Consumer,Office Supplies,Appliances,1,3,31.1520,3.5046,0.1125
2017-12-01,2017,12,West,Colorado,Consumer,Office Supplies,Art,1,6,13.3440,1.0008,0.0750
2017-12-01,2017,12,West,Colorado,Consumer,Office Supplies,Binders,1,7,6.7830,-4.7481,-0.7000
2017-12-01,2017,12,West,Colorado,Consumer,Office Supplies,Fasteners,1,3,3.0240,-0.6048,-0.2000
2017-12-01,2017,12,West,Colorado,Consumer,Office Supplies,Paper,1,2,10.3200,3.7410,0.3625
2017-12-01,2017,12,West,Colorado,Consumer,Office Supplies,Storage,1,2,78.2560,-17.6076,-0.2250
2017-12-01,2017,12,West,Colorado,Consumer,Office Supplies,Supplies,1,7,47.3200,5.9150,0.1250
2017-12-01,2017,12,West,Colorado,Consumer,Technology,Accessories,1,14,179.0880,24.6246,0.1375
2017-12-01,2017,12,West,Colorado,Consumer,Technology,Phones,1,9,982.3280,92.6335,0.0943
2017-12-01,2017,12,West,Colorado,Corporate,Furniture,Bookcases,1,8,242.3520,-363.5280,-1.5000
2017-12-01,2017,12,West,Colorado,Corporate,Furniture,Chairs,1,5,906.6800,68.0010,0.0750
2017-12-01,2017,12,West,Colorado,Corporate,Furniture,Furnishings,1,6,508.7040,0.0000,0.0000
2017-12-01,2017,12,West,Colorado,Corporate,Office Supplies,Binders,2,10,37.8120,-25.4060,-0.6719
2017-12-01,2017,12,West,Colorado,Corporate,Office Supplies,Storage,1,1,114.2880,12.8574,0.1125
2017-12-01,2017,12,West,Colorado,Corporate,Technology,Phones,1,8,106.9760,-9.3784,-0.0877
2017-12-01,2017,12,West,Idaho,Corporate,Office Supplies,Binders,1,3,21.3120,7.9920,0.3750
2017-12-01,2017,12,West,Nevada,Consumer,Furniture,Tables,1,4,1669.6000,116.8720,0.0700
2017-12-01,2017,12,West,New Mexico,Consumer,Office Supplies,Paper,1,1,4.2800,1.9260,0.4500
2017-12-01,2017,12,West,New Mexico,Consumer,Office Supplies,Storage,1,5,118.2500,34.2925,0.2900
2017-12-01,2017,12,West,New Mexico,Corporate,Office Supplies,Art,1,3,4.1700,1.0842,0.2600
2017-12-01,2017,12,West,New Mexico,Corporate,Office Supplies,Labels,1,5,18.4500,8.6715,0.4700
2017-12-01,2017,12,West,New Mexico,Corporate,Office Supplies,Storage,1,3,37.3200,10.4496,0.2800
2017-12-01,2017,12,West,New Mexico,Corporate,Technology,Phones,1,4,67.0400,6.7040,0.1000
2017-12-01,2017,12,West,Washington,Consumer,Furniture,Bookcases,1,2,141.9600,41.1684,0.2900
2017-12-01,2017,12,West,Washington,Consumer,Furniture,Furnishings,1,2,68.4600,20.5380,0.3000
2017-12-01,2017,12,West,Washington,Consumer,Office Supplies,Binders,1,9,39.7920,13.8042,0.3469
2017-12-01,2017,12,West,Washington,Consumer,Office Supplies,Fasteners,1,5,19.6000,9.6040,0.4900
2017-12-01,2017,12,West,Washington,Consumer,Office Supplies,Paper,1,7,41.8600,18.8370,0.4500
2017-12-01,2017,12,West,Washington,Consumer,Office Supplies,Storage,2,9,1035.0600,8.4888,0.0082
2017-12-01,2017,12,West,Washington,Corporate,Furniture,Furnishings,2,14,78.0800,34.1332,0.4372
2017-12-01,2017,12,West,Washington,Corporate,Office Supplies,Art,1,3,18.2400,5.2896,0.2900
2017-12-01,2017,12,West,Washington,Corporate,Office Supplies,Binders,2,6,19.7760,6.7708,0.3424
2017-12-01,2017,12,West,Washington,Corporate,Office Supplies,Storage,2,9,866.1400,44.4004,0.0513
2017-12-01,2017,12,West,Washington,Corporate,Technology,Accessories,1,3,49.0800,4.9080,0.1000
2017-12-01,2017,12,West,Washington,Home Office,Furniture,Furnishings,2,8,222.6700,49.7711,0.2235
2017-12-01,2017,12,West,Washington,Home Office,Furniture,Tables,1,2,521.9600,88.7332,0.1700
2017-12-01,2017,12,West,Washington,Home Office,Office Supplies,Binders,1,13,265.9680,92.8564,0.3491
2017-12-01,2017,12,West,Washington,Home Office,Technology,Phones,1,3,31.1760,-7.0146,-0.2250
